nom_societe;adresse
CHEMIN DE LA SANTÉ;4897 Route de Cairanne Domaine de, 84850 Travaillan, France
Maison Gallica Natura;80c Rte de Vaison la Romaine, 84150 Violès, France
Agri Distribution Violes;201 Rte du Plan de Dieu, 84150 Violès, France
MANUFACTURE & INSTITUT AGAPÉ;ZA Le camp Bernard, 84110 Sablet, France
Pharmacie de Violès;38 Cr Rigot, 84150 Violès, France
Le chalet du bien-être;150 Rte de Fontbonne, 42780 Violay, France
Violay Forme;1 Rue Jacques Vergnier, 42780 Violay, France
Secret Bien être;1 Rue du 11 Novembre, 62138 Violaines, France
Pôle Kiné Balnéo Violaines;44 Rue de Retuy, 62138 Violaines, France
Pavillon du Tourisme de Serrières;56 Quai Jules Roche (Sud), 07340 Serrières, France
Indiana'Ventures - La Plage de la Beunaz;1000 Rte de la Plage, 74500 Saint-Paul-en-Chablais, France
Ô Coeurdonnier D'Oche;
Les Thérapies Naturelles;115 Rue du Pré de Vigny, 74500 Publier, France
Au Lavoir de Vinzelles;21 Rue du Lavoir, 71680 Vinzelles, France
Idée Bien Être et Spa;20 Le Bourg, 71570 La Chapelle-de-Guinchay, France
Irripiscine by Irrijardin Mâcon Chaintre;343 Rue de la Bresse, 71570 Chaintré, France
Restaurant du Caveau de Vinzelles;2367 Rte des Allemands, 71680 Vinzelles, France
Château de Layé;360 Rue du Château, 71680 Vinzelles, France
Penser à soi;655 Les Parizots, 26110 Vinsobres, France
Human Tempo;245 Rte de Bourdeaux, 26460 Crupies, France
Aurélia bien-être;72 Chem. Sournure, 26110 Vinsobres, France
La Détente;Pont de Mirabel, 26110 Vinsobres, France
Soins by Studio Form;130 rue du docteur André Dion, 26110 Nyons, France
DOMAINE DE DEURRE;RD94, 26110 Vinsobres, France
Château de Vérone;455 Rte de Nyons, 26110 Vinsobres, France
Lac de Vins sur Caramy;83170 Vins-sur-Caramy, France
Chutes du Caramy;Chem. des Prés Neufs, 83570 Carcès, France
Villa Gilbert;3 Les Vignons, 83170 Vins-sur-Caramy, France
Sowa Dzong Bien-être;36 Grand Rue, 83170 Rougiers, France
Les Aigles du Verdon ?? Spectacle Fauconnerie et fauconnerie équestre;D4 route de manosque (entre vinon et manosque)La Colle de Lineau, 04800 Gréoux-les-Bains, France
INSTITUT L'ATRIUM devient l'atrium ocely;30 Av. de la Paludette, 83560 Vinon-sur-Verdon, France
Cé.Cocon;475 Av. de la République, 83560 Vinon-sur-Verdon, France
L'ATRIUM OCELY;30 Av. de la Paludette, 83560 Vinon-sur-Verdon, France
Massages Une Douce'Heure;Salons sur 2 lieux, et Gréoux Les bains FR, 1213 Rte des Gorges, 83560 Vinon-sur-Verdon, France
Bien-Etre Attitude - Massages & Réflexologie au cabinet & au domicile;4 Av. de Perpignan, 66470 Sainte-Marie-la-Mer, France
Naturopathie & Massages - Rébecca Morael;4 Rue du Camp de l’Iera, 11350 Tuchan, France
Joanostra-Massages;10 Av. du Gén de Gaulle Appartement n°3 - 1er Etage, 66160 Le Boulou, France
Espace Baliana;10 Av. Gilbert Brutus, 66240 Saint-Estève, France
Site d'Escalade de Vingrau (Lloc d'escalada de Vingrau);D9, 66600 Vingrau, France
Parc Animalier des Gorges de l'Ardèche;1800 Route de Brujas, 07150 Vagnas, France
Parenthèse de bien naître;900 Rte des Lombards, 07110 Vinezac, France
Paume d'happy /Un monde sein : Massage bébé - Portage physio - Location de tire-lait - Bain enveloppé. Ardeche Drôme Gard;210 Allier, 07110 Vinezac, France
La main des elfes;4532 Chem. de Sarremejeanne, 07230 Payzac, France
Institut Beauté Bien Etre Largentière;21 Rue Jean Louis Soulavie, 07110 Largentière, France
Human Tempo;Maison Human Tempo, 31 Rue du Marché au Beurre, 71290 Cuisery, France
Drainage lymphatique & Massage bien-être - Douceur de Roze | Chantilly;Rue de la Duchesse de Chartres, 60500 Vineuil-Saint-Firmin, France
NP Massage Chantilly Cabinet de beauté et massage bien-être Natacha Petrovic;1 Av. de Verdun, 60500 Vineuil-Saint-Firmin, France
Les Massages du Monde;641 Av. du Grain d'Or Centhez N, 41350 Vineuil, France
Harmonie Féminin – Massage bien-être féminin;21 bis Rue des Cascades, 60500 Chantilly, France
Institut Véronique Migot - Facialiste & Institut de beauté à Chantilly;1 bis Av. de Verdun, 60500 Vineuil-Saint-Firmin, France
Annabelle Caron - les pauses bien-être;4 bis Imp. Souchier, 60500 Chantilly, France
Massage-Sérénité;152 Chem. des Bordes, 41350 Vineuil, France
Orcéfa massage;4 bis Imp. Souchier, 60500 Chantilly, France
Les massages de Magali ~ Cabinet de massage à Chantilly;93 Rue du Connétable, 60500 Chantilly, France
Institut Corinne Marco - Institut de Beauté Soin de Visage Chantilly;13 Pl. Omer Vallon, 60500 Chantilly, France
Christelle Masso-Spa & Beauty - Massage et beauté;111 Rue du Connétable, 60500 Chantilly, France
Maison Lolycia;5 Imp. du Jeu d'Arc, 60500 Vineuil-Saint-Firmin, France
Maison Séléné • Facialiste • Institut privé de soins visage;91 Rue du Connétable, 60500 Chantilly, France
UCPA Aqua Stadium Agl'eau;30 Av. Pierre Brossolette, 41000 Blois, France
Bon'heure des sens;8 Rue de la Voûte, 41350 Vineuil, France
Moulin de Vineuil;3 Chem. du Moulin, 41350 Vineuil, France
H. Lecomte Hydrobulles - Hydro Sud Blois;35 Rue de la Fédération, 41350 Saint-Gervais-la-Forêt, France
Arbo Concept - Piscines Magiline Blois;241 Rue des Clouseaux, 41350 Saint-Gervais-la-Forêt, France
Maison Esthétique Turquoise;14 Rue de la Picardière, 41000 Blois, France
IN ZI'AIR TRAMPOLINES VINEUIL;123 Rue Marcelin Berthelot, 41350 Vineuil, France
Loisirs Loire Valley;1 Chem. du Sainfoin, 41150 Valloire-sur-Cisse, France
Aire de jeux - La fosse carrée;50 Rte de Chambord, 41350 Vineuil, France
Gregory massage-bien-etre;sous le porche, 68 Rue du Bourg Neuf, 41000 Blois, France
Comptoir beauté et spa;139 Rte Nationale, 41350 Saint-Gervais-la-Forêt, France
Les balnéanes;47 Rue des Perrières, 41350 Saint-Gervais-la-Forêt, France
Paisible en soi Blois;22 Rue de Vauquois, 41000 Blois, France
Blois Shiatsu Massage Bien Etre Florence Caron;2 Rle de l'Église, 41350 Saint-Gervais-la-Forêt, France
Altheris;20 Pl. du 11 Novembre 1918, 41350 Vineuil, France
L'instant S institut;Rue du Petit Chambord, 41350 Vineuil, France
Emaèle esthétique;33 Rte Nationale, 41350 Saint-Gervais-la-Forêt, France
BODY HEALTH;276 Rue des Perrières, 41350 Saint-Gervais-la-Forêt, France
Nocibé - BLOIS VINEUIL;Centre Commercial Auchan Aushopping, Rue Pierre Gilles de Gennes, 41350 Vineuil, France
sococon;54 Av. du Maréchal Leclerc, 41000 Blois, France
holystik massage;
Pharmacie du Centre de Vineuil;9 Prom. de l'Hôtel de Ville, 41350 Vineuil, France
Yves Rocher;centre commercial auchan, 99 Rue Pierre Gilles de Gennes, 41350 Vineuil, France
Nathalie Champion Dedet;41 Rue de Saint-Memmie, 10700 Vinets, France
Agnes M.les massages bien-être;21 Prom. de l'Autan, 81170 Les Cabannes, France
Fleur de lys Spa & Bien être;31B Av. Général de Gaulle, 2 Pl. de la Republique, 66320 Vinça, France
Institut Renai'sens;22 Rue du Pincieux, 88450 Vincey, France
Anne Suy Headspa Vincennes;24 Rue des Laitières, 94300 Vincennes, France
Massage Bien-Etre Vincennes;21 Rue du Dr Lebel, 94300 Vincennes, France
Salon de Massage Chinois zen zen or;30 Rue des Laitières, 94300 Vincennes, France
Belle Étoile - Massage 94300;1 Rue de Lagny, 94300 Vincennes, France
Rêve et Sens;22 Rue Dohis, 94300 Vincennes, France
Thaï Bleu Massage;273 Rue Diderot, 94300 Vincennes, France
Institut PEAUZ BIO - Soin visage Massage Epilation Femme & Bio Vincennes;5 bis Rue Renon, 94300 Vincennes, France
Étang UPA;89290 Vincelles, France
Institut Mary Cohr;1 Rte de Varacieux, 38470 Vinay, France
Aqua delphes;5 Grande Rue, 38470 Vinay, France
Massathé;2 Rue Guillambaud, 38470 Vinay, France
Institut de beauté au coeur du bien-être;26 Rue du 19 Mars 1962, 38470 Vinay, France
NADEGE VIALLON - AU COEUR DE L'ÊTRE;12 Imp. du Collège, 38470 Vinay, France
Un Etat d'Esprit;12 Rue Gabriel Péri, 38470 Vinay, France
les portes de l'Harmonie;18 Rue Sadi Carnot, 62580 Vimy, France
Institut de Beauté Ysys;9 Rue Faidherbe, 62580 Vimy, France
Natur' L;12 Rue du Moulin, 61120 Vimoutiers, France
Espace Wellness Pause Douce'Heure;4 Rue du Quatorze Juin, 61120 Vimoutiers, France
Perle De Beauté;11 Pl. de Mackau, 61120 Vimoutiers, France
Head spa by pao;4 Av. Henri Barbusse, 45700 Villemandeur, France
Maxime SUEUR massage;10B Rue Nicéphore Niépce, 45700 Villemandeur, France
Serenity Jen;11 Chem. du Bois Crottet, 45700 Chevillon-sur-Huillard, France
ML Harmonie;9 Rue des Frères Lumière bat 1, 45700 Villemandeur, France
Mon p’tit univers bien-être;2 Rue des Pichotteries, 45700 Chevillon-sur-Huillard, France
Le bien-être au bout des doigts;
BlueBox;8 Rue Jean Jaurès, 45200 Montargis, France
Beauty M;3 Les Grandes Brosses, 45700 Vimory, France
AUFFRET Nathalie;17 Av. du Général de Gaulle, 45200 Montargis, France
O'Spa;55 B Bd Guy Marie Riobé, 45000 Orléans, France
Les Couleurs d'Amandine ( Prothésiste Ongulaire);47 grande rue, 45700 Vimory, France
Amerispa Sheraton Laval;2410 A. des Laurentides, Laval, QC H7T 1X5, Canada
Beachcomber Hot Tubs Factory Outlet;2862 Boul Industriel, Laval, QC H7L 3S2, Canada
Complexe aquatique de Laval;2205 Ave Terry-Fox, Laval, Quebec H7T 0S4, Canada
Parc Prévost;1755 Rue de Lucerne, Laval, QC H7M 2G2, Canada
Piscine Saint-Vincent (1962);3999 Blvd. de la Concorde E, Laval, QC H7E 5A5, Canada
Odyssée Aquatique;2599 Boul. le Corbusier, Laval, QC H7S 2E8, Canada
Centre Sportif Val-des-arbres;1555 Boul Saint-Martin Est, Laval, QC H7G 4R4, Canada
Piscine Paradis;2220 Rue Marc, Laval, QC H7K 1N8, Canada
Piscine Prévost;1755 Rue de Lucerne, Laval, QC H7M 2G2, Canada
Camp de jour PARADIS LAVAL;335 Blvd. Saint-Martin O, Laval, QC H7M 1Y7, Canada
Parc Berthiaume-du-Tremblay;4250 Boulevard Lévesque O, Laval, QC H7W 2P8, Canada
Parc de l'Espoir;750 73e Av, Laval, QC H7V 2X7, Canada
Jeux d'eau Marc-Aurèle-Fortin;720 Rue Fleury, Laval, QC H7P 3C1, Canada
Piscine Berthiaume-Du Tremblay;4250 Boulevard Lévesque O, Laval, QC H7W 2P8, Canada
Piscine Bon-Pasteur;70 Bd du Bon-Pasteur, Laval, QC H7N 3R3, Canada
Aquaparc H2O;4150 Rang Saint-Charles, Trois-Rivières, QC G9B 7W9, Canada
Parc Père-Vimont;2280 Rue Marc, Laval, QC H7K 1P2, Canada
Centre de massothérapie - Alexandre Blouin;5566 Blvd. des Rossignols, Laval, QC H7L 5W6, Canada
PhysioExtra Vimont;4650 Boulevard des Laurentides Bur 235, Laval, QC H7K 2J4, Canada
Spa Le Finlandais;124 Boul. Labelle, Rosemère, QC J7A 2G9, Canada
Clinique PhysioMotionPlus;1895 Boul. René-Laennec local 307, Laval, QC H7M 5E2, Canada
Manu Terra;1865 Rue Boisvert, Laval, QC H7M 2L4, Canada
Massothérapie Ciel Bleu;468 Boulevard des Laurentides, Laval, Quebec H7G 2V1, Canada
Physio-Ergo Vimont Laval;1714 Boulevard des Laurentides, Laval, Quebec H7M 2P4, Canada
Centre Chiropratique Vimont;41 Blvd Saint-Elzéar O, Laval, QC H7M 1E3, Canada
Tiffany Concept Santé Beauté;1681 Boulevard des Laurentides Ste 101 a, Laval, QC H7M 2P3, Canada
La Muse Boreale;374 Bd Cartier O, Laval, QC H7N 2K2, Canada
Loisirs St-Elzéar;2020e Boulevard des Laurentides, Vimont, Quebec H7M 2R4, Canada
CHSLD Vigi L'Orchidée blanche;2577 Boul. René-Laennec, Laval, QC H7K 3V4, Canada
Espace Vital - Massothérapie & Soin pour femme à Laval;1709 Boulevard des Laurentides, Laval, Quebec H7M 2P5, Canada
Centre santé ideal Marlyne /Ideal Protein;2050 Boul. René-Laennec Local 3, Laval, Quebec H7M 5W8, Canada
L'instant bien-être;23 Rue de Moulins 88700 Jeanménil, Rambervillers, France
Institut Secret de Douceur;3 Rue Alphonse et Marcel Deparis, 76260 Eu, France
Gîte La Fleuv'Yères;17 Rue de Villy le Haut, 76260 Villy-sur-Yères, France
Centre équestre Du Petit Gomare;Imp. du Petit Gomard, 76260 Le Mesnil-Réaume, France
Praz Lac Aventures;Rte des Belles, 74120 Praz-sur-Arly, France
Domaine des Moulins;Chemin de la cascade, 120 Rte de la Roche, 74350 Villy-le-Bouveret, France
Le relais des bornes;465 Rte de Chez Bédonnet, 74350 Villy-le-Bouveret, France
Emmanuelle Grzesiak -L'Essentiel;34 Pl. du 11 Novembre, 21350 Villy-en-Auxois, France
Hona Studio;5 place du 11 novembre 1918, 21320 Pouilly-en-Auxois, France
Deux mains dans l'Auxois;9 Prom. du Canal, 21320 Pouilly-en-Auxois, France
Parc de l'Ecanet;Chem. de l'Ecanet, 14310 Villers-Bocage, France
Le Spa'pouille de Diane;2990 Rte de Bretagne, 14210 Val d'Arry, France
Merveilles et Bien Naître;3 Rte de la Vierge, 14310 Épinay-sur-Odon, France
Cap'Spa market spa;3 Rue des Grands Champs, 14310 Villers-Bocage, France
L instant Même Détente Centre De Beauté;27 Rue Pasteur, 14310 Villers-Bocage, France
Muriel Institut - Villers-Bocage;27 Rue Pasteur, 14310 Villers-Bocage, France
L'Ecrin d'Eugénie;620 Rte nationale, 80260 Villers-Bocage, France
Cabinet Z&ZEN;1 Rue de l'Avenir, 14350 Souleuvre en Bocage, France
La Clinique du Monde;33 Bd Bertrand, 14000 Caen, France
Essentiellement soi;2 Av. de Brioude, 14310 Villers-Bocage, France
Planète Fitness - Salle de Sport;4 Bd du 21 Ième Siècle, 14310 Villers-Bocage, France
Pôle de Santé Intercommunal de Villers-Bocage;14310 Rue Emile Samson, 14310 Villers-Bocage, France
l'Orange bleue;9 Rte de Caen, 14310 Villers-Bocage, France
Mouchel Vichard Gilbert;Fains, 14310 Villy-Bocage, France
Office de Tourisme du Pays de Vire | Collines de Normandie - Antenne de Villers-Bocage;1 Place Charles de Gaulle, 14310 Villers-Bocage, France
Neauphle le chateau;2 Pl. Jeanne d'Arc, 14310 Villers-Bocage, France
Centre de Loisirs de Villers-Bocage;Rue Saint-Martin, 14310 Villers-Bocage, France
L'Oasis Ayurvedique;22 Devant Varimont, 88430 Gerbépal, France
Sharone Massage;Talatamaty, Madagascar
Pôle de santé;12 Rue de Norvège, 14610 Villons-les-Buissons, France
Villons Centre;14610 Villons-les-Buissons, France
Bérengère Lassalle - Doula | Massage Prénatal & Postpartum | Allaitement | Rébozo | Cercles de Femmes | Belly Révolution;01800 Villieu-Loyes-Mollon, France
Centre de Loisirs La Maison du Toison;22 Rue des Écoles, 01800 Villieu-Loyes-Mollon, France
L'élixir signature de bien-être SPA / Institut de beauté & Massages bien-être;Dernière la maison médical, 6 Rue de la Tour aux Drôles, 89110 Montholon, France
RENATA FRANCA Drainages corps & visage / Psychopraticienne / Cabinet Plénitude et Bien Etre;1 Rue Clémentine, 94350 Villiers-sur-Marne, France
Massages villarais;2 Rue des Trois Mares, 52100 Villiers-en-Lieu, France
L.massages bien-être et relaxation;Chem. du Clos Drouy, 27640 Villiers-en-Désœuvre, France
Lac Villiers sur seine 5 rue des dronots;F9CF+JR, 77114 Villiers-sur-Seine, France
Lac de Janeiro;77114 Villiers-sur-Seine, France
SOIN DE SOI exclusivement sur rendez-vous;2 Rue Léon Dauer, 94350 Villiers-sur-Marne, France
Naturopathe - Energéticienne - Marlène Frideloux;6 Voie des Croix, 91700 Villiers-sur-Orge, France
Pretty By C';20 Rue du Verger, 91700 Villiers-sur-Orge, France
Lauriane Bien-Etre;9 Av. Gilbert Fergant, 91220 Le Plessis-Pâté, France
L’instant bien être by mayou;2 Rue Lucien Sampaix, 91390 Morsang-sur-Orge, France
Bee'n'joy France;34 Chem. des Mascadées, 91310 Longpont-sur-Orge, France
By pryalina;Av. du Commandant Barre, 91170 Viry-Châtillon, France
Balisense - Un voyage de sens Balinais pour femme;63ter Rue d'Enfer, 91240 Saint-Michel-sur-Orge, France
Ô PAUMES D'OR MASSAGES ET BIEN-ËTRE 77 - MARIE-ANNE NIEL;44 Rue de Magny, 77700 Bailly-Romainvilliers, France
Atelier Feemoibelle;7 Chau. du Ru, 77580 Villiers-sur-Morin, France
Centre de Rééducation et Réadaptation Fonctionnelle (Groupe SOS - Santé);6-8, Rue Entroncamento, 94350 Villiers-sur-Marne, France
Decathlon Bry-Sur-Marne Les Armoiries;Centre Commercial Les Armoiries, 19 bis Bd Jean Monnet, 94360 Bry-sur-Marne, France
Les Ateliers D'Ofee - Bry-sur-Marne;171 Bd Pasteur, 94360 Bry-sur-Marne, France
MILLE ET UN REVES;66 Bis Av. Emile Cossonneau, 93160 Noisy-le-Grand, France
TRANSITION ÉNERGIE 94;600 Rue du Marché Rollay, 94500 Champigny-sur-Marne, France
Pharmacie Centrale de la Gare;16 Pl. Pierre Semard, 94350 Villiers-sur-Marne, France
L'atelier beauté by Marina;1 Av. de l'Europe, 94350 Villiers-sur-Marne, France
K-wouss Beauté;82 Rue du Général de Gaulle, 94350 Villiers-sur-Marne, France
Étang de Villiers-sur-Loir;41100 Villiers-sur-Loir, France
Base de loisirs - Néovent;25 Rue des Plans d'Eau, 41100 Villiers-sur-Loir, France
Sah'Zen;20 Rue des Plans d'Eau, 41100 Villiers-sur-Loir, France
ADH Piscines & Paysages Vendôme;39 Av. des Rondaizes, 41100 Villiers-sur-Loir, France
Centre de Vacances de Stains;La Vallee Lieu-dit, 41100 Villiers-sur-Loir, France
Jean Louis David - Coiffeur Villiers Saint Frédéric;7 Pl. du Pontel, 78640 Villiers-Saint-Frédéric, France
Evexia Soma;14 All. des Érables, 78640 Villiers-Saint-Frédéric, France
Hôpital de Villiers-Saint-Denis;1 Rue Victor et Louise Montfort, 02310 Villiers-Saint-Denis, France
La Renaissance Sanitaire;1 Rue Victor et Louise Montfort, 02310 Villiers-Saint-Denis, France
Centre Psychothérapique;1 Rue Victor et Louise Montfort, 02310 Villiers-Saint-Denis, France
Ban Taï;17 Imp. du Puits, 28130 Villiers-le-Morhier, France
Étang communal;JH85+MX, 28130 Villiers-le-Morhier, France
Total Recovery Center;71 Rue de Paris, 95400 Villiers-le-Bel, France
Basic-Fit;200 Av. des Entrepreneurs, 95400 Villiers-le-Bel, France
PDS • Parc des Sports et de loisirs;Av. du Champ Bacon, 95400 Villiers-le-Bel, France
Rituel Cocon;12 Rue du Château, 95400 Villiers-le-Bel, France
Syliane C. Chemins de Bien-être;3 Rte de Gif, 78117 Châteaufort, France
Méli Mélo Massages;20 Chem. de la Folie, 78117 Châteaufort, France
Kopiwe - Massages & Soins énergétiques;99TER Rue de Paris, 78470 Saint-Rémy-lès-Chevreuse, France
Villa Esthética;22 Rue Alphonse Pécard, 91190 Gif-sur-Yvette, France
Réflexologie MIZEN;29 Pl. Saint-Christophe, 78117 Châteaufort, France
Ô Natur Elle;6 Rte de Saint-Pompain, 79160 Villiers-en-Plaine, France
Un temps pour Soi;1 bis Chem. de la Valotte, 52100 Saint-Dizier, France
Le Gîte beauté et bien-être;30 Gr Grande Rue, 27640 Villiers-en-Désœuvre, France
Soins du Monde;Haute-Normandie, France FR, 1 bis Rue du Bois, 27730 Bueil, France
Sandrine Massage;1c Rue du Silo, 27730 Bueil, France
L ESPRIT ZEN BUEIL;
Association Ferme De La Source Ferme La Source;11 Rue de Villiers, 28260 Guainville, France
Harmonie Bien-Être Lucie BODINEAU;367 Rue du Bourg, 28260 Guainville, France
PADEL - Foot 5 - My Sport Center;7 Rue de la ZA sous le Beer, 27730 Bueil, France
VAUMARTIN — Centre équestre et équitation Yvelines proche de Paris;78270 Cravent, France
Namaste'f;
Decathlon Villiers en Bière;Centre Commercial Carrefour, 77190 Villiers-en-Bière, France
Nyssa Bien-être - Massages & Drainage lymphatique / Madérothérapie;Av. du Colonel Fabien, 77190 Dammarie-les-Lys, France
BODY MINUTE VILLIERS EN BIERE;Centre Commercial Carrefour, RN 7, 77190 Villiers-en-Bière, France
Hydra-facial Emmalove;776 Av. du Lys, 77910 Dammarie-les-Lys, France
bodyandsoul harmony;
Perle d'O Spa | Institut de beauté (77);678 Av. Jean Jaurès, 77190 Dammarie-les-Lys, France
Yves Rocher;centre commercial carrefour, 1 Rte de Paris, 77190 Villiers-en-Bière, France
Audrey ~ Massothérapeute & Esthéticienne à Boissise le roi / Pringy / Melun et ses alentours;1 Place de l eglise, 77310 Boissise-le-Roi, France
Royal Beer Spa Paris;45 Rue de Trévise, 75009 Paris, France
Ylang Beauté;4 Rue Chamaillard, 77930 Chailly-en-Bière, France
Espace Chan Se;89 Pl. Paul Gauguin, 77190 Dammarie-les-Lys, France
Emmaüs de la Mayenne et du Castelbriantais;La Chevalerie, 53170 Villiers-Charlemagne, France
Le bien-être de Charlotte;Rle Caron, 95290 L'Isle-Adam, France
Anha Bien-être;29 Av. de Paris, 95290 L'Isle-Adam, France
Le Bien-être Adamois;L, 12 Grande Rue, 95290 L'Isle-Adam, France
L Adamoiselle;15 Rue Martel, 95290 L'Isle-Adam, France
Infinity LN. Massages pour femmes et enfants;
Drainage lymphatique RENATA FRANÇA- Drainage Visage JF - SANTE NATURELLE FONCTIONNELLE - Justine FRANÇOIS;1A Rue Mellet, 95290 L'Isle-Adam, France
Calypso;2 Rue de Taverny, 95550 Bessancourt, France
N'Elixir;234 Rue du Pré Jourdan, 69910 Villié-Morgon, France
Escale Des Sens;20 Rue Baudelaire, 69910 Villié-Morgon, France
Mairie de Villié-Morgon;52 Rue du Château de Fontcrenne, 69910 Villié-Morgon, France
La Robe Rouge;1910 Route de Belleville, 69910 Villié-Morgon, France
Chez Cladie;45 Rue Chaptal, 69910 Villié-Morgon, France
Café Du Beaujolais;42 Pl. de la Pompe, 69910 Villié-Morgon, France
Le domaine de la Noë;1 Rte d'Evreux, 27190 La Bonneville-sur-Iton, France
Dans les mains de Chut je rêve;86 Rue de la République, 27110 Le Neubourg, France
Espace Bien Etre;Rue de la Forgé, 27110 Crosville-la-Vieille, France
Peau Douce Catherine;9 All. de la Bergerie, 27110 Le Neubourg, France
La douceur des bulles - Baby Spa;9 D613, 27110 Sainte-Colombe-la-Commanderie, France
Phyto Ligne;Le, 19 Av. de la Libération, 27110 Le Neubourg, France
E.Leclerc Une Heure Pour Soi;118 Rte de Louviers, 27110 Le Neubourg, France
Soinexpert;52 Rue de la République, 27110 Le Neubourg, France
Institut Espace Beauté Parfumerie Le Neubourg;72 Rue de la République, 27110 Le Neubourg, France
Airland-amusements;Bases de Loisirs - Arc sur Tille, 21560 Arc-sur-Tille, France
Cosy Hygge Spa;54 Av. Carnot, 54130 Saint-Max, France
Destination Bien-Être - Massages bien-être - Kobido - Saintes Royan;31 Rue de Griffarin, 17600 Saint-Romain-de-Benet, France
Sérénité Bébé;5 Chem. de Chez Gombaud, 17130 Tugéras-Saint-Maurice, France
BSN AVENTURE - Etang des Bois;Base de loisirs de l'Etang des Bois, L'Étang des Bois, 45260 Vieilles-Maisons-sur-Joudry, France
Naturopathe Delphine Cathelin;1 Rue du Bourg, 45700 Villevoques, France
Parking de la Mer de Glace - Villevocance;Unnamed Road, 07690 Villevocance, France
La Main sur le Coeur;44 Rue des Chanerons, 39140 Desnes, France
Evasion Centre Spa;2 Av. Jean de Chalon-Arlay, 39140 Bletterans, France
Salathai;156 Mas de la Plaine, 30250 Villevieille, France
Bulle de p'tits pieds - Bain Thalasso Nîmes et alentours;
Salon Muladhara;7 rue du Sauze, 34560 Villeveyrac, France
Fish Massage Villeveyrac;1325 Rte de la Gare, 34560 Villeveyrac, France
Les Rituels de Nonette - Manon;1 Chem. Mas de la Paysanne, 34560 Villeveyrac, France
Tépacap Anjou;Parc de Loisirs les Sablières, 808 Rte du Parc des Sablières, 49000 Écouflant, France
L'engrenage - moulin de Villevêque;Rue du Port, 49140 Rives-du-Loir-en-Anjou, France
Ouistiti Compagnie;Av. Aliénor d'Aquitaine, 49070 Beaucouzé, France
La Guérisseuse Verte;15 Rue René Bazin, 49124 Saint-Barthélemy-d'Anjou, France
Undessens;25 Rue du Général de Gaulle, 49140 Rives-du-Loir-en-Anjou, France
Refuge de la Fondation Assistance aux Animaux à Villevaudé;18 Rue des Plantes, 77410 Villevaudé, France
Centre thermal;69009 Bourbon-Lancy, France
Mon Neo Spa;49 Cr Tolstoï, 69100 Villeurbanne, France
Le Petit Palais des Grattes Ciel;186 Cr Émile-Zola, 69100 Villeurbanne, France
Spa Therapy by Laura;55 Rue Louis Becker, 69100 Lyon, France
Nomad & Sens;6 Cr Franklin Roosevelt, 69006 Lyon, France
SPA de l’olivier;175 Rue Francis de Pressensé, 69100 Villeurbanne, France
Sabrina Bendela ALMAA LYON Thalasso Bain Bébé;19 Rue Etienne Dolet, 69003 Lyon, France
Maman et Moi Massage;52 Rue Dedieu, 69100 Villeurbanne, France
Massage naturiste et non naturiste Lyon & Villeurbanne - Tammaia;20bis Rue Songieu, 69100 Villeurbanne, France
Meel massages Soins et Hair spa Lyon;60 Rue Ney, 69006 Lyon, France
Kine Prisca Balnéo Isocinétisme;11 Rue Prisca, 69100 Villeurbanne, France
Institut Anne-Sophie;29 Rue de Troyes, 10700 Arcis-sur-Aube, France
Votre Évasion - Villette d'Anthon;Zac du bois bernet Parking Intermarché, 38280 Villette-d'Anthon, France
Massage Bien-être et équilibre;92 Bd du Président Wilson, 39100 Dole, France
Ekilibre Essentiel;51 Av. Eisenhower, 39100 Dole, France
évasion et plénitude;26 Rte de Villeneuve d'aval, 39600 Arbois, France
Passage Détente;6 Rue de l'Orme, 39600 Arbois, France
La source de Melusine;7 Rue de l'Hôtel de ville, 39600 Arbois, France
Centre de beauté Anaïs Journet;36 Rue de l'Église, 38200 Villette-de-Vienne, France
Loupisco Park - Parc de loisirs en extérieur pour enfants;59 Rue Etienne Perrot, 38780 Pont-Évêque, France
CAP NATURA - Centre de Bien-Être Lyon;87 Rue de Sèze, 69006 Lyon, France
Spa beauty’s;24 Rue Boson, 38200 Vienne, France
Le temple du Spa;2B Rue Jean-Jacques Rousseau, 38200 Vienne, France
Le centre de soi by Elodie / drainage lymphatique Renata França / Kobido / Energéticienne;26 Bd de la République, 38200 Vienne, France
Fresh Head Spa;123 Av. des Cèdres, 38280 Villette-d'Anthon, France
Neurofeedback Dynamique NeurOptimal - l'Ascension vers votre bien-être;3 Rue des Fauvettes, 38280 Villette-d'Anthon, France
Sooatel hôtel restaurant;Ankasina, Madagascar
La Villette;211 Av. Jean Jaurès, 75019 Paris, France
Bassin de la Villette;75019 Paris, France
La vie en Blue by Séverine massages bien-être;230 Rue de la Braconne, 47400 Lagruère, France
Centre Equestre des Cèdres;Haras de Chaneau, 47400 Villeton, France
CMD SUD-OUEST;8 Bis Av. Charles de Gaulle, 47400 Tonneins, France
Office de Tourisme du Val de Garonne;3 Av. Charles de Gaulle, 47400 Tonneins, France
Bulle de sens by Stéphanie ELA;23 Rue Notre Dame, 47400 Tonneins, France
Parc de l'Orval;2 Parc de l'Orval, 89140 Villethierry, France
L'instant douceur;impasse du, 50 Chem. de Saint-Séries, 34400 Villetelle, France
Maesha | Massages bien-être et Spa SOLO & DUO;7 Rue Fanfonne Guillierme, 30660 Gallargues-le-Montueux, France
Massage du monde;20 Rue du Stade, 30660 Gallargues-le-Montueux, France
Maison Peau’Aime - Facialiste . Skin Therapist . Spécialiste en drainage lymphatique;8 Rue de la Bonnette Rouge, 30660 Gallargues-le-Montueux, France
les sens aux natur'elles;
Les ptits massages de Gaëlle;4 Rue des Aires, 30660 Gallargues-le-Montueux, France
Centre Sportif et Piscine Béatrice Hess;43 Av. du Général Leclerc, 93120 La Courneuve, France
Parc Carnot;20 Rue Carnot, 93430 Villetaneuse, France
Hammam Najma;144 Rue Gabriel Péri, 93200 Saint-Denis, France
Neroli massage Paris (service de massage à domicile);26 Av. Jean Moulin, 92390 Villeneuve-la-Garenne, France
Les jardins de saida;16 Av. du Ponant, 92390 Villeneuve-la-Garenne, France
Beauté Soins Naturels;33 Rue de la Gare, 95170 Deuil-la-Barre, France
Maac l'instant pour soi - Myriam Coulibaly - Entreprises et Particuliers;Maison Lecomte, 1 Bd Félix Faure, 93200 Saint-Denis, France
Evidence Zen;
Black Sun Villetaneuse;206 Av. Division Leclerc, 93430 Villetaneuse, France
Sabaï Sabaï;139 Rue de Saint-Gratien, 93800 Épinay-sur-Seine, France
O2GAM SPA;7-9 Rue Nelson Mandela, 95170 Deuil-la-Barre, France
Sahina Beauté;8 Rue Dezobry, 93200 Saint-Denis, France
Aurélie Laval Massages;KEO SANTÉ, 41 Rue du Marché, 95160 Montmorency, France
Maison RoseUp Paris;27 Rue de Rambouillet, 75012 Paris, France
Cabinet Médical Nobel Villetaneuse;8 Rte de Saint-Leu, 93430 Villetaneuse, France
Point Sun Villetaneuse - Centre de bronzage - UV 93 - UV 95 - UV 75;206 Av. Division Leclerc, 93430 Villetaneuse, France
Centre De Bronzage;206 Av. Division Leclerc, 93430 Villetaneuse, France
Centre socioculturel Clara Zetkin;1 Av. Jean Jaurès, 93430 Villetaneuse, France
LE BOUDOIR;6 Bis Pl. Davilla, 11000 Carcassonne, France
Thalasso de l'Ame;Lieu dit Coustarras, 1752 Chem. de Cavaillel, 11160 Lespinassière, France
Cinq Sens salon de beauté et sa boutique;46 Rue Fernandel, 11000 Carcassonne, France
LM bien-être;16 Rue des Garrigues, 11200 Lézignan-Corbières, France
Refuge SPA de Lézignan-Corbières;lieu dit Cabanon de Bories, 11200 Lézignan-Corbières, France
Centre LURIO - MAGNETISEUR;domaine Lurio, 11360 Durban-Corbières, France
Holi Yoga - Massage;10 Av. de la Mer, 11360 Saint-Jean-de-Barrou, France
Surugue Environnement;5 Rue de la Font Bonne, 11360 Villesèque-des-Corbières, France
Château de Saint-Estève;Dom. de Saint-Estève, 11200 Thézan-des-Corbières, France
L'envolée de la luciole;317 Chem. des Pierres, 84570 Villes-sur-Auzon, France
TESINGO ANALAMISANDRATRE I;HG8C+RX, Ankilitoka, Madagascar
LE GRAND SOAVINA;2GP4+XXG, Antananarivo, Madagascar
Plage de Villerville;1 Rue des Bains, 14113 Villerville, France
Le coin détente;1 Rue des Merles, 54190 Villerupt, France
Office de tourisme du Pays de Villersexel;33 Rue des Cités, 70110 Villersexel, France
Bulle de bien-être - Laetitia Fournier;10 Rue des Vosges, 70110 Autrey-le-Vay, France
Grosjean Isabelle Conseillère en naturopathie & Massage Bien-Etre;7 Rue du Petit Pontcharaut, 70110 Villers-la-Ville, France
Myreil Beauté;115 Rue François de Grammont, 70110 Villersexel, France
C.Sens;08 Bd Aristide Briand, 80800 Villers-Bretonneux, France
O Bien Etre;2 Av. Charles de Gaulle, 70170 Port-sur-Saône, France
Sandrine.L Bien-être Naturel;24A Rue Jacques Rohr, 57530 Courcelles-sur-Nied, France
Massages Villers sur Mer Dimitri Roginski;27 Rue Michel d'Ornano 1er ét, 14640 Villers-sur-Mer, France
Le Marais de Villers;82 Av. Jean Moulin, 14640 Villers-sur-Mer, France
Aire de jeu;14640 Villers-sur-Mer, France
Villers-sur-mer Tourisme;Pl. Jean Mermoz, 14640 Villers-sur-Mer, France
Deauvital;83 Av. de la République, 14800 Deauville, France
Détente Et Spa Reims;8 Rue de la Ferme, 51500 Villers-Allerand, France
Moment de détente;38bis Rue des Sauvages, 08410 Boulzicourt, France
Semséa Wellness;Rue Alfred Barré 62, 5170 Profondeville, Belgique
AROMELIS - institut de beauté & soins énergétiques à Genappe;1470 Genappe, Belgique
Perles des Sens ??;54 Av. de la Ferté Milon, 02600 Villers-Cotterêts, France
Sens et Nuances;5 Rue Pierre Bercot, 25130 Villers-le-Lac, France
C-beauty;72 Rue Emile Curicque, 54920 Villers-la-Montagne, France
Ode à la beauté;Rue de Dreumont 78, 1495 Villers-la-Ville, Belgique
Miss Beauté;Pl. des Déportés, 02130 Fère-en-Tardenois, France
L'instant beauté & bien-être;Lieu dit Sous Biscain Impasse des colombes, 60340 Villers-sous-Saint-Leu, France
Louciana beauté;10 Rue le Clos du Lavoir, 60150 Coudun, France
Lili Bien être;Rue Paul Sabatier, 60870 Villers-Saint-Paul, France
La villa du soleil;83390 Cuers, France
SOA - Centre de Bien-Être et de Beauté;Rue Lafayette, Diégo-Suarez | 201, 4 R Lafayette, Antsiranana 201, Madagascar
Mégha'Belle - Clairoix - Institut de beauté;2 quater Rue du Général de Gaulle, 60280 Clairoix, France
Nora Zen D'ailleurs sophrologie Donchery;25 Av. de Toulon, 08350 Donchery, France
La cabane d'Agnès;"Lieu dit : ""Le Muret, 15 Le Bertinois, 80120 Quend, France"
VILLERS-SUR-AUTHIE - Centre;80120 Villers-sur-Authie, France
Mon Secret Beauté;10 Pl. Marguerite Moutier, 60340 Villers-sous-Saint-Leu, France
BeautéBienÊtre;133 Rue du Général Leclerc, 95320 Saint-Leu-la-Forêt, France
Au cocon de Jeanne - Saint-Leu-d'Esserent;60340 Saint-Leu-d'Esserent, France
L’Eulalye - massage bien-être à domicile;
Mère-Veilleuse Harmonie;12 All. Pierre Loti, 60260 Lamorlaye, France
Guillouard Nathalie;1 Rue des Tilleuls, 60340 Villers-sous-Saint-Leu, France
Pharmacie de Villers;8 Pl. Marguerite Moutier, 60340 Villers-sous-Saint-Leu, France
Louise Massage Suédois;2 Rue des Remparts, 54530 Prény, France
GAMM VERT;Rue du Stade CD 26, 76340 Foucarmont, France
SALON S&B MASSAGE wellness;22 Rue des Gabelous, 59600 Villers-Sire-Nicole, France
EHPAD Résidence Ducale;7 Rue des Aliziers, 08000 Villers-Semeuse, France
La Fringale;Zoning Industriel Route Les Ayvelles, 08000 Villers-Semeuse, France
KI IZUMI;Espace Santé Le Cocon, 3 Rue Ambroise Croizat 1er étage, 08000 Villers-Semeuse, France
QIPAO;Galerie Commerciale HYPER U, 764 Rue de l'Europe, 08000 Villers-Semeuse, France
LM Signature;12 Rue Ferdinand Buisson, 08000 Villers-Semeuse, France
Ma signature beauté;18 Rue Pierre Curie, 08000 Villers-Semeuse, France
Institut de Beauté Isabelle;39 Av. Jean Jaurès, 08000 Villers-Semeuse, France
Massage Douceur d'Afrique;4 Pl. de Mohon, 08000 Charleville-Mézières, France
Nocibé - VILLERS SEMEUSE;Centre Commercial Carrefour, Route des Ayvelles, 08000 Villers-Semeuse, France
La Perle de Moa;39bis Av. du 91ÉME R.I., 08000 Charleville-Mézières, France
Bulle de Beaute Christelle;19 Pl. de Mohon, 08000 Charleville-Mézières, France
Phil wellness;
QIPAO;2 Rue du Théatre, 08000 Charleville-Mézières, France
Aux mains de fées - salon de massage oriental - Reims;25 Rue Adolphe Laberte, 51100 Reims, France
Centre D Esthetique Claudie;62 Av. de Saint-Julien, 08000 Charleville-Mézières, France
Douceur D'Ivoire;31 cours Arisitide Briand, 08000 Charleville-Mézières, France
Peau d’Amour - Léna Mennesson;
Espace Pierre Perret;60870 Villers-Saint-Paul, France
Orcéfa;4 All. du Clos Gaillard, 60870 Villers-Saint-Paul, France
Centre de loisirs de Villers-Saint-Paul;Cavée des Renards, 60870 Villers-Saint-Paul, France
NESS FIT;Place du 19 Mars 1962, 60870 Villers-Saint-Paul, France
Afpa - Centre de Creil;Rue du Grand Pré, 60870 Villers-Saint-Paul, France
Pharmacie Greco;109 Rue Aristide Briand, 60870 Villers-Saint-Paul, France
Domizen- Bien-être au travail;
La Douceur de mel;2 Rue de la Forêt, 60810 Villers-Saint-Frambourg-Ognon, France
BodyBeautyByCarla;2 Rue de la Forêt, 60810 Villers-Saint-Frambourg-Ognon, France
Une Bulle de Soi - massages bien-être Jura;4 Rte de Pontarlier, 39600 Écleux, France
Thaï Relaxation;30 rue Henri André Berthe, 59530 Villers-Pol, France
Esprit détente;57 Chem. Pro, 59530 Villers-Pol, France
L'évasion Champêtre;16 Rue de Verdun, 59188 Villers-en-Cauchies, France
Zenaya cabinet de bien être;2 Rue des Chaudronniers, 59400 Cambrai, France
FC THERMIQUE;
L'O de Chris;Zone Commerciale, Rue Émile Pluchet, 80700 Roye, France
AG Massages sportifs;55 Rue Saint-Pierre, 80700 Roye, France
C&C Bien-être;10 Rue Parmentier, 80500 Montdidier, France
Emily Massage Intuitif;Maison médicale, 22 Rue des Rosiers, 21130 Villers-les-Pots, France
La clef du bien-être;Grande Rue, 21130 Champdôtre, France
Le boudoir beau'Thé - Esthéticienne - Facialiste & Head spa Dijon Talant;3 All. des Corvées, 21240 Talant, France
O'DREY Massage Intuitif;
Jardin Botanique Jean-Marie Pelt;100 Rue du Jardin-Botanique, 54600 Villers-lès-Nancy, France
Léa Sun Massage bien être pour les Femmes /femmes enceintes/bébés/massage en entreprise/;64 Bd d'Haussonville, 54000 Nancy, France
Douceur de plume : Thalasso bain bébé ® | Massage femme enceinte | Ateliers parents-enfants;20 Rue de Nancy, 54230 Chavigny, France
Ève Lasserre Thérapie Psychocorporelle et Massage Bien-être;3 Imp. Iéna, 54500 Vandœuvre-lès-Nancy, France
Ayur et Sens - Massages ayurvédiques - Atelier conseil nutrition selon l'Ayurveda;5 Rue de Villey le Sec, 54600 Villers-lès-Nancy, France
Le Pois De Senteur;30 Bd de Baudricourt, 54600 Villers-lès-Nancy, France
Tikoala;21 Rue des Cottages, 54600 Villers-lès-Nancy, France
L'escale des Délices;118 Rue Emile Curicque, 54920 Villers-la-Montagne, France
BulléO Bien-Être;3 Pl. de la Mairie, 68190 Ungersheim, France
Massages & Cils: Douce Sérénité;11 Imp. Louis Pergaud, 70300 Luxeuil-les-Bains, France
Institut BLD ( Aqua-Beauté );17 Rue Alfred Chollet, 02120 Guise, France
Belle Et Zen;21 Pl. d'Armes, 02120 Guise, France
Un temps pour elle - guise;231 Rue André Godin, 02120 Guise, France
Spa & Wellness Jura Resort (Centre de Loisirs des Franches-Montagnes);Chem. des Sports 10, 2350 Saignelégier, Suisse
Un Temps Pour Soi;1 Pl. Droz-Bartholet, 25130 Villers-le-Lac, France
Serenity Wellness;Rue de Gembloux 34, 5002 Namur, Belgique
JM Saunas;Rue Clark, 7010 SHAPE, Belgique
Espace Santé du Tilleul;2bis Rue du Calvaire, 54920 Villers-la-Montagne, France
Centre de Bien-Être Béa'titude;14 Pl. Aristide Briand, 25250 L'Isle-sur-le-Doubs, France
Séjour Bien-être Vellerot-lès-Vercel Doubs;Centre du village, 25530 Vellerot-lès-Vercel, France
Institut expertise visage Saint-Ghislain-Naturellement Belle-Vanessa;Rue du Maquis 1c, 7334 Saint-Ghislain, Belgique
Parc de loisirs de la forêt de Haye;54840 Bois-de-Haye, France
BAAN LANTA Thaï Bien Être;16 Rue de Rigny, 54200 Toul, France
Evasion Spa & Beauté;20 Rue Nicolle, 50250 La Haye, France
Sophie LUPUS Massages;11 Av. Général Leclerc, 54700 Maidières, France
Sophie Probst;57 Rue de la République, 54520 Laxou, France
Eden Evasion Head Spa Japonais;
AZALET MASSAGE : DEEP TISSUE - DRAINAGE LYMPHATIQUE - KOBIDO;16 Rue Porcheron, 95420 Genainville, France
Une parenthèse beauty institut;Rue d'Aineffe 5, 4530 Villers-le-Bouillet, Belgique
Oxygenéa - Massage corps et visage à Lasne;Rue du Try Bara 35, 1380 Lasne, Belgique
Passion Beaute;Pl. M. Grandgagnage 8, 4530 Villers-le-Bouillet, Belgique
Villa Ad Sidera;1 Rue de l'Orme, 95510 Vétheuil, France
Crâneuse etc;1 Bis Rue de Montrond, 95510 Vétheuil, France
N&L beauty;Rue du Couvent 16, 4530 Villers-le-Bouillet, Belgique
Bulle Douce'Heure;51 Rue Daniel Roussigné, 76570 Pavilly, France
Il et Elle Institut;2311 Rte de Paris, 76520 Franqueville-Saint-Pierre, France
Les rituels de Justine;127 Rue de la Porquerie, 76780 La Haye, France
BE Beauté Esthétique;64 Av. Aristide Briand, 76360 Barentin, France
Au Naturel selon Manon;2 Rue Victor Hugo, 08160 Flize, France
L’instant beauté;10 Rue du Château, 08210 Mouzon, France
Office de tourisme Soissonnais Valois - bureau de Villers-Cotterêts;6 Pl. Aristide Briand, 02600 Villers-Cotterêts, France
Institut Emilie Homme Femme;23 Rue Alexandre Dumas, 02600 Villers-Cotterêts, France
Agence Piscines & Spas 60/02;74 Av. de la Ferté Milon, 02600 Villers-Cotterêts, France
Pause Indigo;6 Rue Arthur Habary, 08140 Francheval, France
Clinique du Val d'Aquennes;Bois d'Aquennes Rue du, 80800 Villers-Bretonneux, France
Amesthetiques;8 Bd Jean Jaurès, 80800 Villers-Bretonneux, France
Château de Villers Bocage;Le Château, 14310 Villers-Bocage, France
A.L CARE STUDIO;2 Rue de la Seulline, 14310 Villers-Bocage, France
L'eveil Des Sens;Rue Aveau 72, 7181 Seneffe, Belgique
Château de Villers-aux-Bois;1-3 Rue du Château, 51130 Villers-aux-Bois, France
Cabinet L Eveil;335 Rue de la Chapelle, 59234 Fressain, France
Douce Heure Zen;18 Chem. de Goeulzin, 59151 Bugnicourt, France
Résidence La Montagne de Reims - emeis;51 Rte nationale, 51500 Villers-Allerand, France
Château de Villerouge-Termenès;Carrièra del Castel, 11330 Villerouge-Termenès, France
Village de villerouge-termenes;11330 Villerouge-Termenès, France
Château de Termes;2 Camin, Cami Dal Castel, 11330 Termes, France
Les âneries cathares;ancienne cave cooperative, 11330 Villerouge-Termenès, France
Bâtons la Campagne;11330 Villerouge-Termenès, France
Auberge de Villeromain;13 Grande Rue, 41100 Villeromain, France
Eternail spa;56 Av. Gérard Yvon, 41100 Vendôme, France
Le Hameau Médical;526 Chem. de la Tuillerie, 42300 Villerest, France
ACLVV Familles Rurales Villerest;167 Chem. de la Leva, 42300 Villerest, France
Maison de santé Villerest;5 Rue du Clos, 42300 Villerest, France
Centre Lowendal;Hôtel de, 59530 Le Quesnoy, France
EHPAD Les Jardins d'Iroise de Villereau;15 Rle Bataille, 59530 Villereau, France
Robert Jean-Yves;76 Rue Berlandois, 59530 Villereau, France
Institut de beauté Le Jardin d'Eden;24 Bd Alphonse de Poitiers, 47210 Villeréal, France
Office de Tourisme Cœur de Bastides - Bureau de Villeréal;Pl. de la Halle, 47210 Villeréal, France
EHPAD Pierre Grenier de Cardenal;Rue Lacapelle, 47210 Villeréal, France
Le Petit Salon;33 Rue Saint-Roch, 47210 Villeréal, France
Lac de Lougratte;47290 Lougratte, France
Villereal Carp Fishery;D207, 47210 Villeréal, France
AMTC FITNESS;16 Rue Saint-James, 47210 Villeréal, France
CFA des Métiers du Cheval de Villeréal;227 Rte de Beaumont, 47210 Villeréal, France
GAMM VERT;Avenue Bernard Palissy, RTE DE LACAPELLE, 47210 Villeréal, France
Vacances Nature ECLATS;7 Côte, Rue Saint-Michel, Villeréal, France
Hanaé Beauté Blois- Salon privatif uniquement sur rendez vous;Quartier vienne, 41000 Blois, France
Institut Vital Physic;89 A Rte de Châteaurenault, 41000 Blois, France
Géraldine LEPICIER Facialiste;29 Rue Saint-Lubin, 41000 Blois, France
Acqua Village Cecina;Via Tevere, 34, 57023 Cecina LI, Italie
Bubbleswim;Av. des Sapins 3, 1495 Villers-la-Ville, Belgique
Ô des Cimes Spas d'Altitude Les Clarines;Quartier des Preyerand, 73440, France
Pure Spa Beauté Wellness;Rue de Bomerée 74, 6032 Charleroi, Belgique
Ô Coeur des Sens;7 Rue de Vaugirard, 78450 Villepreux, France
Les Zacroc's;Le carré des Ebisoires, 12 Rue Paul Langevin, 78370 Plaisir, France
Acrochats;12 Rue Paul Langevin, 78370 Plaisir, France
Parc Guillaume Colletet;28 Av. de l'Image Notre Dame, 78450 Villepreux, France
Spa Akoya;37 Rue Charles de Gaulle, 78860 Saint-Nom-la-Bretèche, France
Massage A Lui l'Essentiel;48 Av. du Landy, 78450 Villepreux, France
Ariane Even Location Jeux Gonflables;7 Pl. de l'Hôtel de ville, 93600 Aulnay-sous-Bois, France
Mylya bien-être;102 Av. des Nations, 93420 Villepinte, France
Institut de Beauté Léna - Centre Dermo Esthétique - Epilation Laser Définitive;25 Av. Diderot, 93420 Villepinte, France
Bella bien être;
Blawn Wellness;70 Av. Roger Salengro, 93290 Tremblay-en-France, France
Lait'sens;Cabinet du village, 6 All. du Village, 93340 Le Raincy, France
Massage'S - Massage Bien-être & Sportif By Yacinto RS;Zac des Sablons - Centre Commercial Carrefour, 77410 Claye-Souilly, France
Massage Villeparisis ABIZEN;6 Rue Ronsard, 77270 Villeparisis, France
Une Bulle de Bien-Etre;03 All. des Charpentiers, 77181 Courtry, France
Liliane Valentin Relaxologie et Praticien Reiki;102 Rue Jean Jaurès, 77270 Villeparisis, France
BEAUTY BY LS;147 Av. Eugène Varlin, 77270 Villeparisis, France
Linstitut77270;102 Av. Eugène Varlin, 77270 Villeparisis, France
Banlyv - Bien Naître;Rue Jean Cavagne, 77181 Courtry, France
E.Leclerc Une Heure Pour Soi;20-22 Av. Roger Salengro, 77270 Villeparisis, France
Thai relax massage;55 Av. Franklin Roosevelt, 77290 Mitry-Mory, France
Les Mains de Quartz;150 Rue Jean Jaurès, 93470 Coubron, France
EDEN MASSAGE - A DOMICILE EN ILE DE FRANCE;18 Bd de l'Ourcq, 77270 Villeparisis, France
Centre Médical De Villeparisis;23 Av. du Général de Gaulle, 77270 Villeparisis, France
GIGAFIT Villeparisis;17 Av. Roger Salengro, 77270 Villeparisis, France
Nathalie Latic - Energéticienne et Enseignante Reiki;17 All. du Lavoir, 77270 Villeparisis, France
Truffaut;Rue de Villevaudé, 77270 Villeparisis, France
Maison du Cerf;Pl. de l'Église, 41220 Villeny, France
Etang De Villentrois;36600 Villentrois-Faverolles-en-Berry, France
Château de Villentrois;Le Bourg du Château, 36600 Villentrois-Faverolles-en-Berry, France
L'Or D'Ânesses Savonnerie artisanale au lait d'ânesses;33 Rue Benjamin Rabier, 36600 Villentrois-Faverolles-en-Berry, France
Gulli Parc Meaux;Zone de l'Union Commerciale, 71 Rue Aristide Briand, 77124 Villenoy, France
Les Massages de David | Massage intuitif;9 Rue Bouchard, 77124 Villenoy, France
Sylvie Massage Détente - Villenoy Meaux 77;78 Bis Rue Sadi Carnot, 77124 Villenoy, France
Les bains et soins de Laëtitia à Mareuil-lès-Meaux;7 Rue de l'Abbé Petitot, 77100 Mareuil-lès-Meaux, France
ETH.MOM Head Spa;13 Ave. Charles de Gaulle, 77100 Nanteuil-lès-Meaux, France
La Sérénité de l’Âme – Head Spa & Thérapies brèves à Meaux;21 Rue Saint-Faron, 77100 Meaux, France
Ying Massage Traditionnel et Tuina;7 Rue Tronchon, 77100 Meaux, France
Laurent Lesrel - Massage bien-être & Réflexologie;Essentiel - Thérapie :, 122 Rue Jean Jaurès Pte gauche, 77100 Meaux, France
Carine Institut - Drainage Lymphatique Renata França;2 Rue du Moulin À Vent, 77124 Villenoy, France
HarmonY'Zen - Massages bien-être;11 Av. de la Marne, 77100 Meaux, France
Beauté nature;39 Rue de l'Arquebuse, 77124 Villenoy, France
Emilie Bottollier - Massages énergétiques - Meaux;57 Av. du Maréchal Foch, 77100 Meaux, France
Kimberly Brow;15 Av. du Parc, 77124 Villenoy, France
Massage bien-être;30 Av. de l'Épinette, 77100 Meaux, France
Zen by Chrys – Massages bien-être à Nanteuil-lès-Meaux;23 Rue Pasteur, 77100 Nanteuil-lès-Meaux, France
Centre Logistique C&A France;Parc d'Activite du Pays de Meaux, 1 Rue Alexandre Becquerel F, 77124 Villenoy, France
Indoorgardens / Gwada Gardens;34 Rue Jean Pierre Plicque, 77124 Villenoy, France
IRRIPISCINE By Irrijardin LOGISTIQUE VILLENOY;310 rue Alexander Fleming, 77124 Villenoy, France
Les Ecuries De Rutel;Ham. de Rutel, 77124 Villenoy, France
Iron Gym;71 Rue Aristide Briand, 77124 Villenoy, France
Zen et Sens;50 Rue Parvery, 78670 Villennes-sur-Seine, France
Wake & Gliss;19 Chem. des Pêcheurs, 78670 Villennes-sur-Seine, France
Centre Aquatique du Clermontais;267 Av. Louis Villaret, 34800 Clermont-l'Hérault, France
Salon Esthétique à Montpellier - Institut Ovale & Sens;21 Av. Roger Couderc, 34070 Montpellier, France
Aux Portes de la Beaute;12 Rue du Commerce, 89500 Villeneuve-sur-Yonne, France
Institut Corail;11 Pl. de la République, 89500 Villeneuve-sur-Yonne, France
Agence d'Attractivité Sens Intense (Office de Tourisme de Villeneuve-sur-Yonne);4 Rue Carnot, 89500 Villeneuve-sur-Yonne, France
MAGICSPANAILS;16 Rte de Misy, 89340 Villeneuve-la-Guyard, France
SO'FUN VILLAGE;Chem. du Brusquet, 89340 Villeneuve-la-Guyard, France
Piscine Tournesol;Bd de la Convention, 89100 Sens, France
Centre de Loisirs Villeneuve sur Yonne;17 Bd Victor Hugo, 89500 Villeneuve-sur-Yonne, France
L'Ambre d'Eden;69 Rue Carnot, 89500 Villeneuve-sur-Yonne, France
Jardinerie Kallenkoot;34 Fbg Saint-Nicolas, 89500 Villeneuve-sur-Yonne, France
Service Jeunesse de Villeneuve sur Yonne;17 Bd Victor Hugo, 89500 Villeneuve-sur-Yonne, France
Judo Club;Rue Saint-Savinien, 89500 Villeneuve-sur-Yonne, France
Hôpital Local de Villeneuve-sur-Yonne;87-89 Rue Carnot, 89500 Villeneuve-sur-Yonne, France
Beauty Salon SC;36 Rue de la Gare, 89500 Villeneuve-sur-Yonne, France
Institut de beauté Espace Zen;13 Rue de Contieges, 47300 Villeneuve-sur-Lot, France
Espace Beaute Bien Etre;40 Av. de Lattre de Tassigny, 47300 Villeneuve-sur-Lot, France
Vertigo Park Villeneuve-Sur-Lot;lieu dit brignol sur lot, 47300 Villeneuve-sur-Lot, France
Maison de Camille et Paul Claudel;42 Pl. Paul Claudel, 02130 Villeneuve-sur-Fère, France
Nature & Spa;41 Imp. de l'Ancienne Gare, 01480 Villeneuve, France
L'harmonie des sens La Fère;28 Pl. Paul Doumer, 02800 La Fère, France
Institut Beauté Nature;15 Rte de Villefranche, 01480 Villeneuve, France
Koï Evasion;51 Rte de Portet, 31270 Villeneuve-Tolosane, France
Nuage de Douceur;35 bis Bd des Pyrénées, 31270 Villeneuve-Tolosane, France
Art & Massage;3 Rue de la Couture, 77510 Villeneuve-sur-Bellot, France
Aquacenterkoi;4 Rue de la Pisciculture, 77510 Villeneuve-sur-Bellot, France
Lydéale beauté;16 Pl. Constant Gallot, 77510 Villeneuve-sur-Bellot, France
Domaine de La Forge;Hameau, 5 Rue d'Hondevilliers, 77510 Villeneuve-sur-Bellot, France
Samadhi Yoga;15 Rue du Moulin À Foulon, 77510 Villeneuve-sur-Bellot, France
Pôle hippique de Château Renard;Rte de Château Renard, 77510 Villeneuve-sur-Bellot, France
Pausez-vous;10 Rte de la Vallée, 77510 Sablonnières, France
Familles Rurales Ass Villeveuve Sur Be;Rue des Aunes, 77510 Villeneuve-sur-Bellot, France
Au Rythme des Poneys;28 Rue du Fourcheret, 77510 Villeneuve-sur-Bellot, France
Les Ecuries Saint Georges;Font Tige, 77510 Villeneuve-sur-Bellot, France
Le Cocon de Méla’Nid - Réflexologie & Accompagnement Périnatal (77);15 Rte des Brodards, 77510 Sablonnières, France
Au Fil de L' eau;5 Rue de l'Église, 03460 Villeneuve-sur-Allier, France
Maison du Bien-Etre-Lons;9 bis Av. Thurel, 39000 Lons-le-Saunier, France
Au Bonheur Des Sens;39 Rue Lecourbe, 39000 Lons-le-Saunier, France
CRYO WINTER;11 Rue Lecourbe, 39000 Lons-le-Saunier, France
Koh Chang Thaï Massage;19 Rue Lafayette, 39000 Lons-le-Saunier, France
Institut L et M Beauté;33 Rue des Salines, 39000 Lons-le-Saunier, France
KOH-LANTA massage thaï;12 Rue Paul Mazaroz, 39000 Lons-le-Saunier, France
l'évasion by D&S;13 Rue des Rosiers, 77230 Villeneuve-sous-Dammartin, France
Ma bulle bien être;13 Rue des Rosiers, 77230 Villeneuve-sous-Dammartin, France
Relax'Yin - Massages bien-être | Massages bien-être enfant | Soins visage | ???77 & 95 (Proche CDG);
J D S Vitalité Bien - Etre;5 Rue des Larrez, 89000 Auxerre, France
Aux Petits Soins;47 Rue Pasteur, 89340 Villeneuve-la-Guyard, France
Institut Amande;29 Rue de la République, 89190 Villeneuve-l'Archevêque, France
Foyer Socio-Culturel;Av. de Reims, 02200 Villeneuve-Saint-Germain, France
Ludovic Mallo magnetiseur;279 Av. de Reims, 02200 Villeneuve-Saint-Germain, France
Battle Club;259 Rue Gustave Eiffel, 02200 Villeneuve-Saint-Germain, France
Chausson Réseaux & TP Soissons Villeneuve St Germain;Av. Flandres Dunkerque 1940, 02200 Villeneuve-Saint-Germain, France
Les écuries du Petit Clos;34 Rue de la Mairie, 02200 Villeneuve-Saint-Germain, France
MONALISA Institut de Beauté et spa;6 Rue Henri Leduc, 94190 Villeneuve-Saint-Georges, France
Base Nautique du Parc de Choisy;Unnamed Road, 94190, Villeneuve-Saint-Georges, France
Le Boudoir de Maud Institut HEAD SPA;38 Rue Robert Gilmert, 51190 Le Mesnil-sur-Oger, France
Les Paniers de Marie;14 Rue de la Berle, 51130 Villeneuve-Renneville-Chevigny, France
Catherine Mailliard Luxopuncture - Naturopathie - Olfactothérapie;11 Bd Jean Brion, 51130 Blancs-Coteaux, France
Relaxevasion;12 Rue de Châlons, 51130 Blancs-Coteaux, France
Sarah Nail Art;20 Rue de Châlons, 51130 Blancs-Coteaux, France
Océ ' Zen - Institut de beaute - Massage - épilation - ongles Villeneuve-Loubet;2732 RN 7, 06270 Villeneuve-Loubet, France
Neomi Massage bien être;16 bis Chem. du Baou, 06270 Villeneuve-Loubet, France
Le Corps en Conscience;Av. du Bosquet, 06270 Villeneuve-Loubet, France
Vitalisens – Institut de beauté - Massages musculaires;970 RN 7, 06270 Villeneuve-Loubet, France
Andrea Bien-Être - Soins visage & rituels relaxants à Villeneuve-Loubet;Marina Baie des Anges, 629 Av. Jean Marchand, 06270 Villeneuve-Loubet, France
Anissa ABZAR;Domaine Saint-Andrieu, 988 Av. du Loubet, 06270 Villeneuve-Loubet, France
Claire de Lune Massages & Drainage - Villeneuve Loubet;8 Av. de la Liberté, 06270 Villeneuve-Loubet, France
Corinne Holistic : Massage Villeneuve-Loubet;Av. de la Bermone, 06270 Villeneuve-Loubet, France
Royaume du Head Spa;51 Av. de Nice, 06800 Cagnes-sur-Mer, France
Anne-Suyin Gheung. Massages thérapeutiques traditionnels chinois;371 Av. du Dr Julien Lefebvre, 06270 Villeneuve-Loubet, France
Momenti di Gioia - Massage Bien-être - Drainage lymphatique - Cagnes-sur-mer;5 Rue Pasteur, Le Pasteur Bat A, 06800 Cagnes-sur-Mer, France
SUD LINE;2507 RN 7, 06270 Villeneuve-Loubet, France
INFUSION DE LUMIERE - Masso -Thérapeute et Soins Holistiques sur la Côte d'Azur;28 Av. des Sources, 06270 Villeneuve-Loubet, France
Head happy;06270 Villeneuve-Loubet, France
Beyond the skin;ZOU ! LIGNE 200 (ARRÊT LE LOGIS DU LOUP), 1838 Av. des Plans, 06270 Villeneuve-Loubet, France
Complexe aquatique du parc Jean-Drapeau;130 Chem. du Tour de l'isle, Montréal, QC H3C 4W7, Canada
Aquazilla (Parc Jean-Drapeau);1 Circuit Gilles Villeneuve, Montréal, QC H3C 4G8, Canada
Super Aqua Club (1985);322 Mnt de la Baie, Pointe-Calumet, QC J0N 1G0, Canada
Plage naturelle de Maguelone;34750 Villeneuve-lès-Maguelone, France
Les Rochers de Maguelone;116 Chem. de la Diligence, 34750 Villeneuve-lès-Maguelone, France
Site naturel protégé des Salines de Villeneuve;34750 Villeneuve-lès-Maguelone, France
Yaguel Gardner — Médium & Praticienne Énergétique;2 Rue des Pensées, 34000 Montpellier, France
La Porte de Maguelone;34750 Villeneuve-lès-Maguelone, France
Association Plage Mag;Plage du Pilou, 34750 Villeneuve-lès-Maguelone, France
Parking du Pilou;Passerelle du Pilou, 34750 Villeneuve-lès-Maguelone, France
Parking Prevost;34750 Villeneuve-lès-Maguelone, France
AquaCentre34;3 All. du Collège, 34750 Villeneuve-lès-Maguelone, France
Nouveau Parc Villeneuve Les Maguelone;34750 Villeneuve-lès-Maguelone, France
Carabel Bien-être - Fanny SOUFFLET;59 Rue du Jokari, 34750 Villeneuve-lès-Maguelone, France
Institut Bien-être et beauté;4 Rue des Roselières, 34750 Villeneuve-lès-Maguelone, France
Massage chez Pauline;18 Chem. du Pilou A, 34750 Villeneuve-lès-Maguelone, France
Nayane Institut;47 Rue des Aires, 34750 Villeneuve-lès-Maguelone, France
Siam elle massage bien-être;22 Rue Emile Zola, 34750 Villeneuve-lès-Maguelone, France
LUMIN'ESSENCE;59 Rue des Fusains, 34750 Villeneuve-lès-Maguelone, France
ZEN THAÏ MASSAGE-Massage bien-être à Lattes;10 Rue des Orangers, 34970 Lattes, France
Massage shiatsu Stéphanie GARNERIN;22 Bd des Écoles, 34750 Villeneuve-lès-Maguelone, France
WellNess Home Maison Spa et Sauna;33 Rue de l'Avenir, 34750 Villeneuve-lès-Maguelone, France
Saskia bien-être - Ongles et modelages;9 Rue des Aresquiers, 34750 Villeneuve-lès-Maguelone, France
L'instant Naît Sens ? Thérapeutique Thalasso Bain Bébé Montpellier;80 Rue Des Roselières, 34970 Lattes, France
Ben le Doula Montpellier - Accompagnement périnatal et parental - Thérapeutique Thalasso Bain Bébé - Rebozo;27 Av. de la Croix du Capitaine, 34070 Montpellier, France
SPA;1 Rue des Pertuisanes, 34000 Montpellier, France
KenSoa;80 Pl. Georges Frêche, 34070 Montpellier, France
Estelle Zurano Institut;20 bis All. des Tamaris, 81500 Lavaur, France
NURIMA ESTHETIQUE;62 Rte du Pech, 81500 Lavaur, France
Symphony Zen massage;85 Rue des Frères Delga, 81600 Gaillac, France
Noémie - Semences De Beauté - Facialiste & Esthéticienne;25 Rue Négolasé, 81500 Lavaur, France
Bien être Ô' Naturel by lyly;8 Rue Roque Segui, 34420 Villeneuve-lès-Béziers, France
Oh massage | Julie Dousset - Massages intuitifs personnalisés;7 Les Verons, 89520 Moutiers-en-Puisaye, France
Espace Bien-être Chapeau Rouge;5 Rue Michelet, 21000 Dijon, France
Instant Rêvé institut et spa;15 Rue des Louvières, 51120 La Villeneuve-lès-Charleville, France
Parc de jeux;2 Bis Rue de l'Étang - les Pioliers, 63310 Villeneuve-les-Cerfs, France
Relaxance;96 Chem. Mourau, 31620 Cépet, France
Jessica LE DUC;5 Rue de la Tuilerie, 31620 Bouloc, France
Les Secrets de Thaïma-Drainage lymphatique brésilien - Madérothérapie;12 Espa. des Iris, 31790 Saint-Jory, France
Krittiya massage;833c Rte de Bouloc, 31620 Villeneuve-lès-Bouloc, France
Le temps d'une escale : Massages à domicile;
So de l'Ange;1A Rue Jean Jaurès, 31620 Bouloc, France
Auréalys;462 Rte de Saint-Sauveur, 31620 Cépet, France
L'instant précieux;16 Rue Jean Jaurès, 31620 Bouloc, France
Bulles & Douc'heures;
Déborah Lesne | Massage Ayurvédique | Stay As You Are | 94&91;71 Av. Sadi Carnot, 94290 Villeneuve-le-Roi, France
Bea Institut • Head Spa & Massages 77;
Anne-Cécile Aguirre - Prémices Thérapies - Drainage Lymphatique Renata Franca - Massage - Sophrologie - Val de Marne;19 Rue Defforge, 94600 Choisy-le-Roi, France
BS Massage;10 Av. Marcel Cachin, 94310 Orly, France
Les bains des Arènes;Pl. Nimeno II, 34500 Béziers, France
Decathlon Villeneuve les Béziers;Avenue Jean Monnet, La Méridienne ZAC de, 34420 Villeneuve-lès-Béziers, France
AP Institut;9 Av. André Palmade, 34420 Villeneuve-lès-Béziers, France
Béziers Aventure;Bois de Bourbaki Bois de Bourbaki Route de Bessan, D28, 34500 Béziers, France
Aroma Zen;2 Chemin de Maussac, 34420 Villeneuve-lès-Béziers, France
Le Graal;24 Rue du Grand Bourguet, 30400 Villeneuve-lès-Avignon, France
Centre wellness Program avec l institut de varha;3 Rue de l'Amèlier, 30400 Villeneuve-lès-Avignon, France
Élan de Vie Massage;2 Chem. des Arbousiers, 30400 Villeneuve-lès-Avignon, France
Abbaye Saint-André & Jardins;58 Rue Mnt du Fort, 30400 Villeneuve-lès-Avignon, France
Piratland;2 All. des Issards, 30650 Rochefort-du-Gard, France
Stade Nautique d'Avignon;238 Av. Pierre de Coubertin, 84000 Avignon, France
Complexe Sportif de la Laune;255 Chem. de Saint-Honoré, 30400 Villeneuve-lès-Avignon, France
Sweet Luxe Beauty Spa & Massage;9 Rue des Alizés, 30133 Les Angles, France
Les massages de Laure;35 Bd Edmond Ducros, 30400 Villeneuve-lès-Avignon, France
La Magisseuse - Josépha Paitel - Espace Myo - Massage Villeneuve-lès-Avignon;2 Imp. des Ifs, 30400 Villeneuve-lès-Avignon, France
Un Temps Suspendu massages holistiques et énergétiques;5 All. de la Providence, 30400 Villeneuve-lès-Avignon, France
Eden Beauty – Massage Californien & Madérothérapie Avignon;Le BONAVENTURE, 3 Av. de la Synagogue, 84000 Avignon, France
Avignon Massage Bien-Être - Tetyana GORKOVA;29 Rue Frédéric Mistral, 84130 Le Pontet, France
Li'Naturel Head Spa Avignon;3 Av. de la Synagogue, 84000 Avignon, France
Carpe'Zen Massages-Bien-Être et Massothérapie;3 Av. de la Synagogue, 84000 Avignon, France
Aroma Bien Etre;22 Rue de la Bonneterie, 84000 Avignon, France
Padmargaux - LE COCON;42ter Rue de la République, 30400 Villeneuve-lès-Avignon, France
SERENITY HEAD SPA AVIGNON;3c Av. Fontcouverte, 84000 Avignon, France
zo-co drainage lymphatique Renata Franca-Madérothérapie-massage bien-être-sophrologue;15 Rte de Morières, 84000 Avignon, France
L'escapade Massage;24 Rue du Grand Bourguet, 30400 Villeneuve-lès-Avignon, France
Gabrielle Lacroix - Le Spa de Beauté;67 Chem. de Capeau, 84270 Vedène, France
C.Aurélys;Rue des Gilletains, 94290 Villeneuve-le-Roi, France
Parc du Bois Soupault;Pl. Amédée Soupault, 94290 Villeneuve-le-Roi, France
Babyzenspa;10 Rue Jules Ferry, 94290 Villeneuve-le-Roi, France
New Life;2 Rue Hippolyte Caillat, 94290 Villeneuve-le-Roi, France
L'institut d'Emeline : Institut de beauté 94;34 Rue du Général de Gaulle, 94290 Villeneuve-le-Roi, France
Savana Head Spa;22 Rue du Général de Gaulle, 77174 Villeneuve-le-Comte, France
Escale Harmony;22 Rue du Général de Gaulle, 77174 Villeneuve-le-Comte, France
ISBEAUTY;9 Rue Louise Michel, 89340 Villeneuve-la-Guyard, France
BODY BY JOH;44 Av. du 8 Mai 1945, 92390 Villeneuve-la-Garenne, France
Like sun Villeneuve la garenne;206 Bd Gallieni, 92390 Villeneuve-la-Garenne, France
la nichpé;
Djou Nail's & Beauty;39 Bd Gallieni, 92390 Villeneuve-la-Garenne, France
Centre de plongée Aqua Hauts-de-Seine - UCPA;119 Bd Charles de Gaulle, 92390 Villeneuve-la-Garenne, France
Mare aux Tortues du Parc des Chanteraines;7 Av. Nobel, 92390 Villeneuve-la-Garenne, France
Centre nautique;128 Rue Henri Barbusse, 92230 Gennevilliers, France
Centre de Luxopuncture Séverine Forget;2 place de, 79360 Val-du-Mignon, France
Séraphyne;18 Bis Rue Principale, 17330 Villeneuve-la-Comtesse, France
SANTalliées;31 Gr Grande Rue, 17330 Villeneuve-la-Comtesse, France
L'Eau-Ré Des Sens;160 bis Rue des Varennes, 17940 Rivedoux-Plage, France
SPA Capila - Head Spa & soins experts;29 Cr de la République, 11400 Castelnaudary, France
L’Instant D;Centre ACESO bien être, local au fond du parking, 15 Av. Paul Riquet, 11400 Castelnaudary, France
Institut Beauty M;10 chemin Relais, 11400 Villeneuve-la-Comptal, France
Institut Corps-In;57 Rue de Dunkerque, 11400 Castelnaudary, France
Triaire Institut;55 Rue du Général Dejean, 11400 Castelnaudary, France
Coiffeuse Hair Sérénité;4 Lot. Clément Ader, 11400 Villeneuve-la-Comptal, France
Centre Purderma - Soins dermo-esthétique & Epilation définitive/Laser;55 Rue du Général Dejean, 11400 Castelnaudary, France
Patricia Dilmi Massage à domicile;
Bureau d'Information Touristique;36-38, 36 Rue de la République, 89190 Villeneuve-l'Archevêque, France
Café de la gare;Av. de la Gare, 89190 Villeneuve-l'Archevêque, France
Naïades Head Spa;11 Rue de la Fossé À Terre, 14730 Giberville, France
Anyma - Centre de bien-être;La Guerivière, 44580 Villeneuve-en-Retz, France
Office de Tourisme de Villeneuve en Retz;La Salorge, Rte de Bouin, 44580 Villeneuve-en-Retz, France
Parc de bourgneuf les 3 etangs;44580 Villeneuve-en-Retz, France
Les flots bleus;Route de, La Guerivière, 44580, France
Criste Marine;36 Rue des Puymains, 44580 Villeneuve-en-Retz, France
Pôle santé;3 All. Simone Veil, 44580 Villeneuve-en-Retz, France
Bel’esprit;24 Rue de la Forêt de Perseigne, 72600 Villeneuve-en-Perseigne, France
Soline Barray Réflexologue;72610 Ancinnes, France
Abysse sauna club;4 Rue Lemaitre, 61000 Alençon, France
La Société Protectrice des Animaux (SPA) - Grand Refuge de Pervenchères;La Chevrie Lieu-dit, 61360 Pervenchères, France
Solveig Nauroy E.I.;21 Rue des Capucins, 61000 Alençon, France
Sely'Zen;153 Av. du Général Leclerc, 61000 Alençon, France
EM?NE ÖRS BEAUTY CENTER;6 Av. John Fitzgerald Kennedy, 61000 Alençon, France
Eric Maros - Et le temps s'arrête;
Les fontaines;Les Fontaines, 61250 Neuilly-le-Bisson, France
Espace bien-être;metro plaisance metro alésia bus arrêt des plantes, 14 Rue Louis Morard, 75014 Paris, France
La PaPaye Verte;18 Lot. Les Pins, 09120 Varilhes, France
My Head Spa 09;8 All. de Villote, 09000 Foix, France
Cabinet de Kiné - Juliane GENTILI kiné du sport - Océane BELLECOSTE - Villeneuve du Paréage;9 Imp. le Cazal, 09100 Villeneuve-du-Paréage, France
CENTRE DE LOISIRS;128 All. d'Haussez, 40190 Villeneuve-de-Marsan, France
Office de Tourisme des Landes d'Armagnac - Villeneuve de Marsan;181 Rue Grand Rue, 40190 Villeneuve-de-Marsan, France
sophie ROBISSON;865 Av. du Marsan, 40190 Villeneuve-de-Marsan, France
Centre technique communal;111 rue de la pomme de pin, 40190 Villeneuve-de-Marsan, France
Gamm vert;809 Av. Jean Jaurès, 40190 Villeneuve-de-Marsan, France
Le Domaine de la Gahe;691 Rte du Frêche, 40120 Lacquy, France
Lassalle Patrick;239 Chem. de Peyratborde, 40190 Villeneuve-de-Marsan, France
Bulle de Bien-être;201 Chem. de Bas, 38440 Saint-Jean-de-Bournay, France
Love Room Perpignan;Languedoc-Roussillon FR, 1 Rue Voltaire, 66180 Villeneuve-de-la-Raho, France
Lac de Villeneuve-de-la-Raho;66180 Villeneuve-de-la-Raho, France
Réserve ornithologique de Villeneuve de la Raho;66200 Montescot, France
Lud'eaubike;ZAC La Devèze, 13 Rue Alfred Sauvy, 66450 Pollestres, France
Sirinan massage thaï;10 Rue Julien Bonnecaze Bonnecase 66180 Villeneuve-de-la-Raho, France
L'escale pour soi By Sandrine & Head Spa;38 Rue du Général Leclerc, 66180 Villeneuve-de-la-Raho, France
HANAKAMI HEAD SPA PERPIGNAN;5 All. Notos, 66100 Perpignan, France
Entre Terre Et Ciel;6 Rue Alfred Sauvy, 66450 Pollestres, France
Head Spa OSAKA;13 Bd des Pyrénées, 66000 Perpignan, France
Positive Skin;3 Voie des Sociétés 1er étage, 66180 Villeneuve-de-la-Raho, France
Maïli Cases - Massages & Bien être;348 Av. Eole, 66100 Perpignan, France
Maison Lucette;2 Rue Coll de Carrera, 66180 Villeneuve-de-la-Raho, France
Le cocon des fleurs perpignan;Rue Jean Abelanet, 66100 Perpignan, France
Ô’tant pour soi • L’art du massage • L’expertise du corps • L’excellence du toucher;salle d’attente, Zone Tecnosud 2, 7 allée Euros Bâtiment Austral, 2ème étage, 2, 66100 Perpignan, France
Val Marie Equitation Association;Domaine de, Val Marie, 66180 Villeneuve-de-la-Raho, France
CE VAL MARIE EQUITATION;Rte de Montescot, 66180 Villeneuve-de-la-Raho, France
Centre De Kinésithérapie Le Colisée;Av. Angel Guimera, 66180 Villeneuve-de-la-Raho, France
Centre de Soins Vitaléo;ZAE La Devèze, 6 Rue Alfred Sauvy, 66450 Pollestres, France
Mylene Esthétique;4 Voie des Sociétés, 66180 Villeneuve-de-la-Raho, France
Electrofit66 studio;3 Voie des Sociétés, 66180 Villeneuve-de-la-Raho, France
Horses and Co;D8, 66180 Villeneuve-de-la-Raho, France
Domaine de val marie;66180 Villeneuve-de-la-Raho, France
Naturopathie Per Tutti;3 ter Av. du 11 Novembre, 47120 Duras, France
Daya - Massages et Yoga;Lieu dit Guerry, 47120 Sainte-Colombe-de-Duras, France
Institut Elle et le Poudrier;14 Rue César Jauffret, 47120 Duras, France
A l'Auré du Bien-Etre;5 Av. de Lattre de Tassigny, 47300 Villeneuve-sur-Lot, France
L’INSTANT DURAS;20 Rue César Jauffret, 47120 Duras, France
La caze à massage;10 Cité Camille Claudel, 09300 Lavelanet, France
Bulle De Bien Etre;8 Pl. des Conques, 12260 Villeneuve, France
Koezio Lille;31 Rue Alfred de Musset, 59650 Villeneuve-d'Ascq, France
Nathalie Le Maire Aguasofro59 O temps suspendu;21HILARION FREMAUX, Rue Hilarion Frémaux, 59100 Roubaix, France
Parc archéologique Asnapio;Rue Carpeaux, 59650 Villeneuve-d'Ascq, France
Body Float Villeneuve d'Ascq;219 Bd de Valmy, 59650 Villeneuve-d'Ascq, France
La Demeure Du Coeur;36 Rue Jules Guesde, 59390 Lys-lez-Lannoy, France
SABAI L'ESPRIT BIEN-ETRE Mireille Sartre Esthéticienne facialiste;107 All. du Vieux Château, 69250 Montanay, France
Thamdii Massage Thaï et Bien-Être | ASCA |;Grand Rue 10, 1844 Villeneuve, Suisse
SECRET DU BIEN ETRE;7 Av. Didier Daurat, 64140 Lons, France
Amavida Institut & Spa;573 Rte de Toulouse, 33140 Villenave-d'Ornon, France
Adikt SPA;44 Imp. Adrien Duphil, 33140 Villenave-d'Ornon, France
Le Bien Être de Soi;Q9PW+WJ, 16 Cr du Général de Gaulle bât 3 1er étage, sur la gauche, 33170 Gradignan, France
ML massage Villenave;Centre Topaze, 2 Rue Jean Bonnardel, 33140 Villenave-d'Ornon, France
Christian Secrets de Forme;35 Rue de l'Abbé Brémond, 64000 Pau, France
Le Mahana;Rue Fontenelle, 33140 Villenave-d'Ornon, France
Sublime ton essentiel;8 Av. Roger Lapébie, 33140 Villenave-d'Ornon, France
SOINSORIA;Rue de Pastissey, 33140 Villenave-d'Ornon, France
Equilibre Et Soi;84 Rue Henry de Montherlant, 33140 Villenave-d'Ornon, France
Espace d'Ornon;Rte de Léognan, 33140 Villenave-d'Ornon, France
Forméo;11 Rue Henri Latecoere, 33850 Léognan, France
Lmassage;50 Rue René Laennec, 33140 Villenave-d'Ornon, France
Muse massages et bien être;18 Rue de la Marne, 33130 Bègles, France
JL massage bien-être à domicile;Chem. de Frezat, 33140 Villenave-d'Ornon, France
Amélie Nabet Massage Bien-être;56 Rue Pacaris, 33400 Talence, France
Madeline Bien être;1 Rue Jean Bonnardel, 33140 Villenave-d'Ornon, France
A Corps Massage - Anne - Praticienne en Massages bien-etre et Spa à Talence;Pôle de santé, 12 Rue Arthur Rimbaud, 33400 Talence, France
Les mains de Nüwa;76 Av. de la République, 33140 Villenave-d'Ornon, France
RemAide Bien Etre;167 Rue de l'Ormeau, 33140 Cadaujac, France
Lisa Couronné - Massage & Institut de beauté Villenave d’Ornon;47 Av. de la République, 33140 Villenave-d'Ornon, France
Sensibelle Head Spa Holistique & Massage Bien-Etre;Chez Vitabike, 19 Rue de Cheverus, 33000 Bordeaux, France
Libra'o massage - Massage bien-être - Drainage lymphatique - récupération sportive - anti cellulite - relaxant;7 Rue Frédéric Mistral, 33130 Bègles, France
Mélanie Plétan;1A Pl. Bernard Roumégoux, 33170 Gradignan, France
L’atelier Ange massage - Villenave d’Ornon;
Aux Sources De LA Beauté;10 Pt Chem. de Leyran, 33140 Villenave-d'Ornon, France
Ban Thai Spa;22 Rue Rolland, 33000 Bordeaux, France
Centre THOA;84 Rue Henry de Montherlant, 33140 Villenave-d'Ornon, France
Mes premiers instants - Thalasso Bain Bébé;Av. Jean Monnet, 33140 Villenave-d'Ornon, France
Parc de Sallegourde;All. Etienne Sabatié, 33140 Villenave-d'Ornon, France
Spa et Sauna Wellamo;575 Av. Joseph Cugnot B, 04100 Manosque, France
COCKTAIL BIEN-ÊTRE;45 Rue de la République, 31340 Villemur-sur-Tarn, France
Bricomarché Villemur-Sur-Tarn;ZA, 31340 Villemur-sur-Tarn, France
Aux plaisirs victorieux;
Base de loisirs;base de loisirs, 31150 Bruguières, France
PERIER Veronique;126 Chem. du Pas, 31340 Villematier, France
Réseau31 | Centre d'exploitation de Villemur-sur-Tarn (SMEA);1 rue du Lac Z.A. de, 31340 Villemur-sur-Tarn, France
Clinique Vernhes - Bondigoux;Rte de Villemur, 31340 Bondigoux, France
Atelier sérénité Marilyne LORTET;219 Rte de Villebrumier, 31340 Villemur-sur-Tarn, France
A'casa Massage;46 Chem. des Vignes, 31340 Le Born, France
Le temple du bien-être;24C Chem. Rouquie, 31180 Castelmaurou, France
SecretS de SoinS - Institut de soins Bien-être -;14 Rue Auguste Delaune, 11000 Carcassonne, France
Gîte & Spa Le Villemachois ****;58 Imp. René Cassin, 11620 Villemoustaussou, France
Praticien Massages Bien-Etre Francis Lucas;5 Bd de la Pierre Blanche, 11000 Carcassonne, France
Le poudrier de Lisa;342 Chem. des Vendanges, 11620 Villemoustaussou, France
Nadine Esthétique;13 Bd Jean Jaurès, 11620 Villemoustaussou, France
La Douce Escapade;371 Av. du Général de Gaulle, 11620 Villemoustaussou, France
Un Temps pour Elle;6 Rue Fernand Léger, 11000 Carcassonne, France
Berthe Aux Pâquerettes;4 Rue de Verdun, 11000 Carcassonne, France
Issan Thaï Massage;13 Rue Aimé Ramond, 11000 Carcassonne, France
Massage Richard Robert;20 Rue de la République, 11000 Carcassonne, France
Centre d'esthétique Corinne;376 Av. du Général de Gaulle, 11620 Villemoustaussou, France
Satori;2 Rue de l'Olivier, 11000 Carcassonne, France
Des Mains En Orbiel - Magnétiseur;3 Av. Maurice Thorez, 11600 Conques-sur-Orbiel, France
Ô JARDINS DE LA DOUCE'HEURE;6 Rue des Jardins d'Herminis, 11000 Carcassonne, France
Nathanail's;5bis Rue de la Cabane de Bacou maison 15, 11620 Villemoustaussou, France
Belle Audoise Esthéticienne / Prothésiste cilaire /ongulaire / Epilation /Soins visage / Diplômée;18 Rue Clément Ader, 11610 Pennautier, France
Magic hands : Soins énergétiques - Formations Madérothérapia - Drainage lymphatique méthode Renata;7 bis Bd Jean Jaurès, 11620 Villemoustaussou, France
IRIS SPA;66 Rte de la Rue Franche, 42370 Saint-André-d'Apchon, France
Piscines de la Côte;Le Vignoble, 42155 Villemontais, France
Le Majestic By S&N;46 Av. du Raincy, 93250 Villemomble, France
Agal Beauty Nails;21 Av. Outrebon, 93250 Villemomble, France
Aire de jeux aquatique;1 Rue Albert Camus, 93330 Neuilly-sur-Marne, France
Beauty Line;8 Av. Outrebon, 93250 Villemomble, France
Mademoiselle M Institut;2 Rue Du Mas Deu, 66300 Villemolaque, France
Château de Villemoisson;1 Rue Hérault de Séchelles, 91360 Villemoisson-sur-Orge, France
Salle de sport - ON AIR Villemoisson sur Orge;142 Rte de Corbeil, 91360 Villemoisson-sur-Orge, France
Delhorme Bérangère;1 All. des Chardonnerets, 91360 Villemoisson-sur-Orge, France
Di Carlo Marlene - Cabinet de Santé Kinésithérapie;96 Rte de Corbeil, 91360 Villemoisson-sur-Orge, France
Gaëlle CAM Sophrologue Hypnothérapeute;19 Rue Lucien Ferrand, 91360 Villemoisson-sur-Orge, France
Galli Christophe;1 Rue des 4 Vents, 91360 Épinay-sur-Orge, France
Beauté & Compagnie;58 bis Av. de la Division Leclerc, 91310 Longpont-sur-Orge, France
Camping de Mon Village CAMPING CAR PARK;40 Rue du Moulin, 49370 Val d'Erdre-Auxence, France
Canopée by Marie;30 Rue des Perrins, 49370 Val d'Erdre-Auxence, France
EOUZAN MARINA;4 ter Rue d'Angers, 49370 Val d'Erdre-Auxence, France
MAMA Massage Bien-être Massage Pr?natal Ouverture Septembre 2026;La Violette, 49123 Champtocé-sur-Loire, France
Le Chillon Pavillon Des Hêtres;49370 Val d'Erdre-Auxence, France
Wefit.club Le Louroux-Béconnais;2 Bis Le Vallon, 49370 VAL D'ERDE AUXENCE, France
Shiatsu;Les Basses Chauvinieres, 44370 Loireauxence, France
Maison de santé pluridisciplinaire;2 Rue du Chemin Latéral, 28210 Villemeux-sur-Eure, France
Pharmacie Voisin Gavelle;53 Grande Rue, 28210 Villemeux-sur-Eure, France
La Parenthèse - massage du sportif - récupération musculaire-Troyes;5 bis Rue du Relais, 10800 Les Bordes-Aumont, France
Beautiful L'P Academy TROYES;3 Rue Robert Pieds, 10800 Villemereuil, France
Natur'eau Amandine : Naturopathie et périnatalité Troyes/aube - Thalasso Bain Bébé- Doula;22 Bd du 14 Juillet, 10000 Troyes, France
Sortilège de Lune;2 Rue des Ponts, 10800 Isle-Aumont, France
Zen head spa;17 bis Rue nationale, 60610 Lacroix-Saint-Ouen, France
A Corps Massage - Anne Praticienne en massage bien-être;7 Rue Georg Friedrich Haendel, 77470 Trilport, France
Nassofia Massage Bien-être Femmes et enfants Meaux;7 Rue Georg Friedrich Haendel, 77470 Trilport, France
Csp-Esthétique-Spa-Welness;9 Rue des Plantes, 45700 Villemandeur, France
Chateau de Lisledon;Rue de la Surandière, 45700 Villemandeur, France
Delta Energies;19 Rue Nicéphore Niépce, 45700 Villemandeur, France
Tecnomat (Bricoman) Montargis / Amilly;Av. d'Antibes, 45200 Amilly, France
Energie d'être;Hameau de, 15 impasse du chemin des buissons, 45340 Auxy, France
Decathlon Amilly;1522 Av. d'Antibes, 45200 Amilly, France
Goupilou;29 Rue Nicéphore Niépce, 45700 Villemandeur, France
jmd piscine;impasse de platteville, 45700 Villemandeur, France
Plan d'eau de Villelongue-Dels-Monts;66740 Villelongue-dels-Monts, France
Origin Center;7 bis Rue Denis Papin, 66410 Villelongue-de-la-Salanque, France
La guinguette de Louis;parcours de santé, Av. du Littoral, 66410 Villelongue-de-la-Salanque, France
Parcours de santé;107 Av. du Littoral, 66410 Villelongue-de-la-Salanque, France
Parc de Sant Antoni;22 Rue du Printemps, 66410 Villelongue-de-la-Salanque, France
TSJ Wake Park;Chem. du Mas Chambon, 66490 Saint-Jean-Pla-de-Corts, France
Les Jeux de Mo;Parcours de santé, Av. du Littoral, 66410 Villelongue-de-la-Salanque, France
Espace Aquatique Arlette Franco Perpignan;2 Rue du Méridien, 66000 Perpignan, France
Institut Vanessa.M L'expertise Massage Bien-être et L'art du soin Kobido Tours;9 Quai des Maisons Blanches, 37540 Saint-Cyr-sur-Loire, France
Olivia Institut;178 Chem. de Versailles, 84530 Villelaure, France
Complexe Sportif de la Poupardière;91140 Rue de la Poupardière, 91140 Villejust, France
Parc Des Deux Lacs;9 Av. des 2 Lacs, 91140 Villejust, France
FORMA PLUS;14 Rue du Zéphyr, 91140 Villejust, France
Haras du Bois Courtin HBC;10 Rte de Villebon, 91140 Villejust, France
Onet Technologies Formation;8 Pl. Marcel Rebuffat, 91140 Villejust, France
Cerepharm;20 Rue du Mistral, 91140 Villejust, France
IDÉAL SUN Bronzage aquabike;103 bis Rue Jean Jaurès, 94800 Villejuif, France
Lionel massage de bien-être;3 Mail Simone de Beauvoir, 94800 Villejuif, France
Carmen Vallée-Duval Praticienne en SHIATSU;37 Rue Saint-Roch, 94800 Villejuif, France
Aquabike Villejuif;103 Rue Jean Jaurès, 94800 Villejuif, France
REINE INDIENNE;52 Rue Jean Jaurès, 94800 Villejuif, France
Chrys Beauté;2 Rue Georges Lebigot, 94800 Villejuif, France
Institut Maison Emeraude Formations | Maquillage semi permanent | Extensions de cils;106 Rue Jean Jaurès, 94800 Villejuif, France
LA RÉCRÉ DES PIRATES;Rue Honoré de Balzac zac de, Les Marnières de Plaisance, 41200 Romorantin-Lanthenay, France
Étang des Fontenils;Les Fontenils, 41200 Villeherviers, France
Les Lilas Sarl;8 rue des bleuets, 52190 Villegusien-le-Lac, France
Plan d'eau de saint-genou;D63, 36500 Buzançais, France
Massages pour être - Nicolas Lecaudey;12 Rte des Acacias, 33141 Villegouge, France
L'éveil des sens;14 Rte des Palombes, 33141 Villegouge, France
Institut de Beauté Ô Bien-Être Sensoria;Lugon et l'ile du Carney, 26 Rue Léo Lagrange, 33240 Lugon-et-l'Île-du-Carnay, France
Juliette ALCALA;108 Av. de la Forêt, 36330 Le Poinçonnet, France
Body Global;4 Chem. De La Touche, 36000 Châteauroux, France
Flo2Mains;51 All. de Talleyrand, 36000 Châteauroux, France
Bulle en Brenne;1 rue Lucien Brunet, 36300 Pouligny-Saint-Pierre, France
Les Sens De Bach;16 Sq. Saint-John Perse, 36000 Châteauroux, France
BBG Institut;Le Forum, 14 Rte de Montluçon, 36330 Le Poinçonnet, France
INSTITUT BEAUTÉ BIEN-ÊTRE;4 Rue de la Font Fraîche, 11600 Villegly, France
Institut Z;2 Av. du Minervois, 11600 Villegly, France
Vital-Energie;16 Rue des pinsons, 11600 Villegailhenc, France
Christine causse.massages;2 Rue du Dauphiné, 11600 Villegailhenc, France
Campings parc aquatique;
INSTITUT YOLANDE;976 Rue nationale, 69400 Villefranche-sur-Saône, France
Sylvie Laffay - Praticienne en massages bien-être à Villefranche;25 Rue de Belleville, 69400 Villefranche-sur-Saône, France
Raya Thaï Massage Bien-être;44 Rue Boiron, 69400 Villefranche-sur-Saône, France
Massage bien-être zen;580 Rue de Thizy, 69470 Cours, France
Sens - Magali Soriano - Massages et Bien-être pour femmes;50 Rue Antoine Arnaud, 69400 Villefranche-sur-Saône, France
Divinéo laser & bien-être;9 Rue de la Gare, 69400 Villefranche-sur-Saône, France
Ro'Main et Sens massage;87 Rue de la Gare Cabinet paramédical, 69400 Villefranche-sur-Saône, France
Escapade Detente & Bien etre;561 Rue nationale, 69400 Villefranche-sur-Saône, France
Sansuk Massage Thai;253 Bd Victor Vermorel, 69400 Villefranche-sur-Saône, France
Pr?na Rituel;16 Rue Louis Plasse, 69400 Arnas, France
ESALEN Accompagnement & Massages;6 Rue de la Charte, 69400 Villefranche-sur-Saône, France
Instant Bien Naître;371 Mnt de Chervinges, 69400 Gleizé, France
Instant Zen Villefranche;1000 Rte de Montmelas, 69400 Gleizé, France
Eloïse Bien Etre;199 Rue d'Alma, 69400 Villefranche-sur-Saône, France
Harmony Body;99 Rue Claude Bernard, 69400 Villefranche-sur-Saône, France
wannasa thai massage;113 Rue de Thizy, 69400 Villefranche-sur-Saône, France
Marine Tézier Naturopathe perte de poids et praticienne drainage lymphatique et madérothérapie;11 Bd Burdeau, 69400 Villefranche-sur-Saône, France
A CAL'O;168 Rue Victor Hugo, 69400 Villefranche-sur-Saône, France
Tanière Dé-Plaisirs;119 Rue Grenette, 69400 Villefranche-sur-Saône, France
Cindy CONSIGNY - Infirmière Puéricultrice - Location tire-lait - Thalasso Bain Bébé® - Soutien autour de la naissance;
Jaz Thaï Massage;
Espace Mieux-Etre;4 Av. du Maréchal Joffre, 06230 Villefranche-sur-Mer, France
Beauty Derm;2 Av. du Maréchal Joffre, 06230 Villefranche-sur-Mer, France
Musées de la Citadelle;La Citadelle, 06230 Villefranche-sur-Mer, France
Le Joyau d'Indochine - Massage Bien-Être Asiatique;17 bis Rue de l'Église, 06230 Villefranche-sur-Mer, France
Rand'eau évasion;32 Av. du Général de Gaulle, 06230 Villefranche-sur-Mer, France
Acti Loisirs;Port de la Santé, Quai de l'Amiral Courbet, 06230 Villefranche-sur-Mer, France
Rafle Club Villefranche;All. des Combattants en Afrique du N, 06230 Villefranche-sur-Mer, France
Club de plongée Nausicaa;Port De La Darse - Ponton H, 06230 Villefranche-sur-Mer, France
Evasion Spa;20 Av. Aristide Briand, 41200 Villefranche-sur-Cher, France
Baignade naturelle;Parc en ciel, 337 Route de gavaudun, 47150 Lacapelle-Biron, France
camping pas cher;2 Rue des HLM, 24550 Villefranche-du-Périgord, France
Loreli;9 Rue Gautharie, 12200 Villefranche-de-Rouergue, France
Pause Bien-être;Av. de Toulouse, 12200 Villefranche-de-Rouergue, France
Maison Pivona;5 Rue de la Paix, 12200 Villefranche-de-Rouergue, France
Chouchou'T'Vous;11 boulevard Général de Gaulle, 12200 Villefranche-de-Rouergue, France
Douce'heure en bastide;36 Rue de la République, 12200 Villefranche-de-Rouergue, France
L'appel du bien-être;363 Rue des Ginestes, Prat de la Fon, 12200 Toulonjac, France
Institut de massage Belicibody;Rte de Montauban, 12200 Villefranche-de-Rouergue, France
Tom Cros Massages Bien-être;Pl. Louis Fontanges, 12200 Villefranche-de-Rouergue, France
Centre Hospitalier;6 Av. Caylet, 12200 Villefranche-de-Rouergue, France
Aqualudis;33 Av. de Fondiès, 12200 Villefranche-de-Rouergue, France
Centre des Finances publiques;Rue Emile Borel, 12200 Villefranche-de-Rouergue, France
Office de tourisme Ouest Aveyron - bureau de Villefranche-de-Rouergue;Prom. du Guiraudet, 12200 Villefranche-de-Rouergue, France
Beauty Success - Parfumerie & Institut;1 Rue de la République, 12200 Villefranche-de-Rouergue, France
Passion Beauté;Centre Commercial Leclerc, 1056 Rte de Montauban, 12200 Villefranche-de-Rouergue, France
Circuit du lac de Villefranche-de-Panat;Camping St Etienne, 18 Av. de Rodez, 12430 Villefranche-de-Panat, France
Lac de Villefranche de Panat;12430 Villefranche-de-Panat, France
Lac de Gurson;Lac de Gurson, 24610 Villefranche-de-Lonchat, France
Solene YOGA DOULA;1153 Rte Des Coquelicots, 24610 Villefranche-de-Lonchat, France
Centre de Yoga MEHARVAN;1153 Rte Des Coquelicots, 24610 Villefranche-de-Lonchat, France
VILLEFRANCHE-DE-LONCHAT - Centre;24610 Villefranche-de-Lonchat, France
Loft & spa d'Autan;3 impasse Georges Cambours, 31290 Villefranche-de-Lauragais, France
Centre de santé médical - Mutualité Française Haute-Garonne;2 Chem. de la Camave, 31290 Villefranche-de-Lauragais, France
Communauté de communes Terres du Lauragais;73 Av. de la Fontasse, 31290 Villefranche-de-Lauragais, France
ALOHA SPA;5 Rue Waldeck Rousseau, 31290 Villefranche-de-Lauragais, France
MASSELIA;51 Rue de la République, 31290 Villefranche-de-Lauragais, France
Fil'Orient;Midi-Pyrenees, 191 Rue de la République, 31290 Villefranche-de-Lauragais, France
La parenthèse beauté;163 Rue de la République, 31290 Villefranche-de-Lauragais, France
Remparts de Villefranche de Conflent;2 Rue Saint-Jean, 66500 Villefranche-de-Conflent, France
Grottes des Canalettes;Route de Vernet les Bains, 66820 Corneilla-de-Conflent, France
Exploration Pyrénéenne;D66, 66500 Villefranche-de-Conflent, France
Fleur de lune 66;57 Rue Saint-Jean, 66500 Villefranche-de-Conflent, France
Savonnerie de Villefranche;27 Rue Saint-Jean, 66500 Villefranche-de-Conflent, France
Laurent Pastorini Massages;13 Pl. de la République, 66820 Corneilla-de-Conflent, France
Dinopedia Expérience - Cova Bastera;D66, 66820 Villefranche-de-Conflent, France
Cocon de Bien-être;3 Clos du Vieux Puits, 03430 Villefranche-d'Allier, France
Espace Aquatique Taranis - Piscine à Saint-Juéry;Côte des Brus, 81160 Saint-Juéry, France
l'institut (albi);2 Rue François Arago, 81000 Albi, France
Teréo Piscines;867 Rte d'Anse, 69400 Limas, France
Office de Tourisme de Villefort;43 Pl. du Bosquet, 48800 Villefort, France
Grandeur Nature Base Nautique;La voilerie, 48800 Villefort, France
Massages nomades;Maison de santé de Villefort, Ceven'Lab de Génolhac, 61 Pl. du Bosquet, 48800 Villefort, France
Namjai Head Spa;de Kerguelen, 48 Chau. Yves Kerguélen, 38090 Villefontaine, France
Natur'aile en soa;16 All. René Caillie, 38090 Villefontaine, France
Hammam l’oasis (sur réservation);6 Rue Emile Romanet, 38090 Villefontaine, France
Head spa therapy;11 Pl. Paul Doumer, 38540 Heyrieux, France
Holicare;Ferme de la Croix, Bd de Villefontaine, 38090 Villefontaine, France
EVASION INTUITIVE;Résidence les Ravinelles, 8 Rue Louis Ganel BatB, 38090 Villefontaine, France
CLEMANA Massages;246 Rue des Peupliers, 38290 La Verpillière, France
L'Art des Sens;10 All. Pierre Bérégovoy, 38090 Villefontaine, France
Charlyne BLS;11 Trav. du Gamay, 38090 Villefontaine, France
Beauty Touch 38;14 All. Pierre Bérégovoy, 38090 Villefontaine, France
WARDA'S BEAUTY & HEAD SPA au féminin;37 Rue du 8 Mai 1945, 38290 La Verpillière, France
SENTUITIV L'Institut;312 Rue Aristide Briand, 87100 Limoges, France
Château de Villefargeau;1 All. du Château, 89240 Villefargeau, France
Parc du Merlot;All. des Palmes, 89000 Auxerre, France
Énergie de vie - Apolline;3 Chem. du Moulin, 89000 Saint-Georges-sur-Baulche, France
Centre Equestre Alix;Rte des Bois de l'Abbé, 89240 Villefargeau, France
Alexandra Moreau - Yoga et Ayurvéda;Maison Philia, 17 Rue des Buttes, 89000 Auxerre, France
Physeal;11 Av. des Ardilles, 89000 Saint-Georges-sur-Baulche, France
Cabinet de luxopuncture Lux’Auxerre - Adeline Aymos Kubiak;3 Chem. du Moulin, 89000 Saint-Georges-sur-Baulche, France
Association Vivontin;4 All. du Château de Vallery, 89000 Saint-Georges-sur-Baulche, France
La Boite à Cabots;Centre commercial la guillaumée, Rue de Bruxelles, 89000 Saint-Georges-sur-Baulche, France
Plan d'eau des trois fontaines;D19, 16240 Villefagnan, France
Centre Aquatique Palmilud;17180 Périgny, France
Piscine Lucien Maylin La Rochelle;Rue Léonce Mailho, 17000 La Rochelle, France
Swim N'go | Cours de natation;
Le Temps d'un Soin;3 Rue du Général de Gaulle, 36320 Villedieu-sur-Indre, France
La Minoterie Du Bourg L'abbesse;46 Rue du Bourg l'Abbesse, 50800 Villedieu-les-Poêles-Rouffigny, France
Office de tourisme | Vitrine des Métiers d'Art;8 Pl. des Costils, 50800 Villedieu-les-Poêles-Rouffigny, France
La Terrasse bar snack;22 Pl. des Chevaliers de Malte, 50800 Villedieu-les-Poêles-Rouffigny, France
Sur Un Nuage;6 Rés de la Pilière, 50800 Villedieu-les-Poêles-Rouffigny, France
Le Cabinet de Dana;8 Rue Jules Tétrel, 50800 Villedieu-les-Poêles-Rouffigny, France
Carole - Praticienne en massages et en soins esthétiques à domicile;50800 Villedieu-les-Poêles-Rouffigny, France
Lilo Bien-Être;5 Les Béatrix, 50800 Villedieu-les-Poêles-Rouffigny, France
Robine Energies & Bien-être;1 Rond Point des Estuaires, 50800 Villedieu-les-Poêles-Rouffigny, France
Energéticien - Acupuncture - Philippe Muntal;19 Rue Gambetta, 50800 Villedieu-les-Poêles-Rouffigny, France
Institut Pourquoi Pas...;19 Pl. de la République, 50800 Villedieu-les-Poêles-Rouffigny, France
Villedieu Parfumerie Institut L'Origan;2 Rue Taillemache, 50800 Villedieu-les-Poêles-Rouffigny, France
Maison du Patrimoine Sourdin;35 Pl. du Presbytère, 50800 Villedieu-les-Poêles-Rouffigny, France
L'atelier Du Spa;17 Quai Tourville, 50550 Saint-Vaast-la-Hougue, France
Ammaia - Massage et Head Spa;
Isabelle Blanchet praticienne reiki et énergéticienne. Cabinet l'instant ressources;43 Rue nationale, 86340 La Villedieu-du-Clain, France
Bullons - bien;1 Rte de Vernon, 86340 Gizay, France
Cocoon Katty;Le Paisseau, 86160 Saint-Maurice-la-Clouère, France
Centre Eaux de Vienne - Siveer;2 Bis Rue nationale, 86340 La Villedieu-du-Clain, France
Naturopathie - Ghislaine Jadeau;6 Rue des Petits Buissons, 86340 La Villedieu-du-Clain, France
MDS La ville dieu du clain;Rte de Nieuil l'Espoir, 86340 La Villedieu-du-Clain, France
Grottes de Villecroze;Bd Georges Clemenceau, 83690 Villecroze, France
Lei Cigales;12 Pl. de l'Église, 83690 Villecroze, France
Parc de Villecroze;297 Rte de Barbebelle, 83690 Villecroze, France
Nature bien-être lilie;quartier st Anne, 581 Rte de Barbebelle, 83690 Villecroze, France
Clinique de Villecresnes;8 Bd Richerand, 94440 Villecresnes, France
Hynaesens;31b Av. du Maréchal de Lattre de Tassigny, 94440 Villecresnes, France
O'Si'Naturel;13 ter All. de l'Espérance, 94440 Villecresnes, France
Vellyana Institut;2 Rue de Mandres, 94440 Villecresnes, France
Espace Pilates Villecresnes;31 bis Av. du Maréchal de Lattre de Tassigny, 94440 Villecresnes, France
Bricomarché Villecresnes;54 Rue de Brunoy, 94440 Villecresnes, France
massage 94440 Villecresnes MARINA;52 Rue Gabriel Fauré, 94440 Villecresnes, France
Massage Jolie Zen Beauté - 94440 Villecresnes;29 bis Av. du Maréchal de Lattre de Tassigny, 94440 Villecresnes, France
Barbara Rosa massage;31 bis Av. du Maréchal de Lattre de Tassigny, 94440 Villecresnes, France
Défi Beauté - Maître Artisan Esthéticienne;43 Rue d'Yerres, 94440 Villecresnes, France
L' institut de Marie;30 Rue de Cerçay, 94440 Villecresnes, France
Château de Villeconin;6 Gr Grande Rue, 91580 Villeconin, France
L'être dans sa Bulle;23 Av. de Gascogne, 32730 Villecomtal-sur-Arros, France
Antenne Territoriale de Santé de Villecomtal-sur-Arros;26 Av. de Gascogne, 32730 Villecomtal-sur-Arros, France
Communauté de Communes Astarac Arros en Gascogne;19 Av. de Gascogne, 32730 Villecomtal-sur-Arros, France
Coiffure Marianne;centre commercial, 26Av. de Gascogne, 32730 Villecomtal-sur-Arros, France
Office de Tourisme Terres d'Aveyron - Bureau de Villecomtal;Pl. Jean XXIII, 12580 Villecomtal, France
BLUEBOX Centre de Bronzage/Blanchiment Dentaire/Photo-Rajeunissement;Z.A des Mercières, 7 Rue des Vignes, 10410 Villechétif, France
Womba Parc;12 Rue des Vignes, 10410 Villechétif, France
Marie-France GAULON | Les Trois Corps | Soins et Formations Reiki Usui / Tibet;3 Chem. des Mercières, 10410 Villechétif, France
Centre equestre de villebret;349 Rue de la Guette, 03310 Villebret, France
Le Chemin de LO;22 Rue Boisrot Desserviers, 03310 Néris-les-Bains, France
Centre Equestre Jéléna;03310 Villebret, France
Equi Fid'Aile - Centre Equicie 03;Rte de Polier, 03310 Villebret, France
Hôpital de Neris-les-Bains;16 Rue Voltaire, 03310 Néris-les-Bains, France
Laetitia Olivier Coach Naturopathie;
L'Ange du Head Spa Montrichard;97 Bis Rte de Vierzon, 41400 Montrichard Val de Cher, France
Aire de détente- Massages Bien-être;1 Rte de Falaise, 14220 Cesny-les-Sources, France
Sophie Guilbaud Bien Être;2 Impasse de Saint-Lazare, 41400 Les Montils, France
Les Moments Heureux;35 Av. du Général de Gaulle batiment C5, 91140 Villebon-sur-Yvette, France
Decathlon Essentiel Villebon Sur Yvette;Centre Commercial Villebon, 2 Av. de la Plesse, 91140 Villebon-sur-Yvette, France
Marionnaud - Parfumerie & Institut;Chem. de Briis, 91140 Villebon-sur-Yvette, France
BE by Manuela – Drainage lymphatique & massages;7 Av. de Norvège, 91140 Villebon-sur-Yvette, France
Trampoline Park Paris Sud Palaiseau;10 Rue de la Croix Martre, 91120 Palaiseau, France
Salon de massage Meng Shi;1 Rue de la Haarderie, 91140 Villebon-sur-Yvette, France
Maalyaan Massages - Palaiseau;14 Rue Pasteur, 91120 Palaiseau, France
Nogido massages & haptonomie;Maison de la femme & de l'enfant, 93 bis Bd de Palaiseau, 91120 Palaiseau, France
Régine Mousset - Bien-être;4 Rue Archangé, 91400 Orsay, France
Laure Mauger - Massage sportif & bien-être à Palaiseau;8 Rue Danton, 91120 Palaiseau, France
Kokoro: Au cœur du Lien;37 Parc d'Ardenay, 91120 Palaiseau, France
Harmoderm | Épilation laser/ amincissement ciblé par cryolipolyse /anti âge par radiofréquence /Villebon-sur-Yvette;1 Rue Jean Moulin, 91140 Villebon-sur-Yvette, France
JOSE? Ritual | Head spa Orsay;Résidence, Sq. Charles Péguy, 91400 Orsay, France
L'effet Zen;65 Rue Millet, 91140 Villebon-sur-Yvette, France
BEPAMPER;Immeuble Ontario, 3 Av. du Québec, 91140 Villebon-sur-Yvette, France
Fitness Park - Salle de sport Villebon-sur-Yvette - Aushopping;Centre Aushopping Villebon 2, 2 Av. de la Plesse, 91140 Villebon-sur-Yvette, France
Nocibé - VILLEBON SUR YVETTE;9 Chem. de Briis, 91140 Villebon-sur-Yvette, France
Centre de Loisirs du Bois des Gelles;Rue las Rozas de Madrid, 91140 Villebon-sur-Yvette, France
o'plaisir des soins;Commerces de la Roche, 3 Rue Henri Dunant, 91140 Villebon-sur-Yvette, France
Le Spa des Pins - Salaise-sur-Sanne;5 Rue Daniel Balavoine, 38150 Salaise-sur-Sanne, France
Thalasseo.com;560 Av. du Club Hippique, 13090 Aix-en-Provence, France
Château de Villebois-Lavalette;1 Pl. des Halles, 16320 Villebois-Lavalette, France
Office de Tourisme du Sud Charente - Bureau de Villebois-Lavalette;Pl. du Champ de Foire, 16320 Villebois-Lavalette, France
Melati massages bien-être;2 Rue de la Petite Martinie, 16320 Magnac-lès-Gardes, France
Gîte 4?? avec Jacuzzi privé - Sylina Spa;1 bis Rue du Flagy, 89340 Villeblevin, France
Solveig Tharreau;21 Grande Rue, 21350 Villeberny, France
Ness Institut;10 Rue Louis Pavillon, 49400 Villebernier, France
Youpi Parc;72 Rue des Petites Granges, 49400 Saumur, France
Ecurie Edouard Chauvet - Saumur Action Formation;4 Rue de la Touche, 49400 Villebernier, France
Chez Gaultier Horticulture;53 Rue de Penvigne, 49400 Villebernier, France
Jardinerie Berjamin;156 Rte de Montsoreau, 49400 Saumur, France
Saumur Equipassion;Chem. de l'Île du Saule, 49400 Saumur, France
New Jump Saumur Trampoline Park;72 Rue des Petites Granges, 49400 Saumur, France
Centre Hospitalier de Saumur Longué-Jumelles;1 Rte de Fontevraud, 49400 Saumur, France
Ferme équestre de lamoure;Domaine de, Lamoure, 11250 Villebazy, France
Institut Bien-Etre;14 Rue Maurice Pasquier, 41000 Villebarou, France
Decathlon Blois;2 Rte de Vendôme, 41000 Villebarou, France
Kid's Paradise;1 Rue Franciade, 41260 La Chaussée-Saint-Victor, France
Pataugeoire du Parc des Mées;Levée des Tuileries, 41260 La Chaussée-Saint-Victor, France
QIPAO;Les, Centre commercial Carrefour, Route de Vendôme, Rue des Couratières, 41000 Villebarou, France
Beauty Success - Parfumerie & Institut;Centre Commercial Carrefour Blois 2, 41000 Villebarou, France
E.Leclerc Une Heure Pour Soi;Centre Cial la Salamandre, 15 Rue du Bout des Haies, 41000 Blois, France
Château de Jarnioux;69640 Porte des Pierres Dorées, France
Parc des Eynauds;34 Chem. de la Perrière, 38150 Ville-sous-Anjou, France
Parking Centre Aquatique Chateau Bleu;74100 Annemasse, France
Centre Aquatique Chateau Bleu;16 Rue des Aravis, 74100 Annemasse, France
Parc des Ecureuils;Chem. des Écureuils, 74100 Ville-la-Grand, France
Les Jardins de la Vire;20 bis rue du 22 août 1914, 54730 Ville-Houdlémont, France
Les Matériaux BLOC & JOB Ville en Vermois;4 Rue de Saint-Nicolas, 54210 Ville-en-Vermois, France
Gulli Parc la Ville-du-Bois;5 Rue de la Croix Saint-Jacques, 91620 La Ville-du-Bois, France
Mysterland;Z.A.C. Des Graviers, 7 All. Saint-Fiacre, 91310 Montlhéry, France
Maison du bien être soin visage massage ancestral;Av. George Sand, 37700 La Ville-aux-Dames, France
Bricomarché La Ville Aux Dames;11 Rue Marie de Lorraine, 37700 La Ville-aux-Dames, France
Lulu Parc;Quai de la Loire, 37210 Rochecorbon, France
Centre Aquatique du Val d'Amboise;14 Rue du 8 Mai 1945, 37400 Amboise, France
APA 37;Zac, 13 Rue Amélia Earhart, 37700 La Ville-aux-Dames, France
Bois des Rêves;All. du Bois des Rêves 1, 1340 Ottignies-Louvain-la-Neuve, Belgique
Spray Park du Bois des Rêves;Bois des Rêves, All. du Bois des Rêves 1, 1340 Ottignies-Louvain-la-Neuve, Belgique
Chateau de ville au val;Chateau, Pl. Joseph de Pommery, 54380 Ville-au-Val, France
Centre de Balnéothérapie et de kinésithérapie de Villars les Dombes - BalnéoDombeSanté;313 Av. Charles de Gaulle, 01330 Villars-les-Dombes, France
Maison de Santé Coeur des Dombes;313 Av. Charles de Gaulle, 01330 Villars-les-Dombes, France
Corinne Esthétique;74 Rue du Commerce, 01330 Villars-les-Dombes, France
Fontdouce - Parc Aventure et Team Building;1 Rue du Vivier, 17770 Saint-Bris-des-Bois, France
Les Bains de Villars;Rue du Village 8, 1884 Villars-sur-Ollon, Suisse
Verdon Tourisme - Accueil touristique de Colmars-les-Alpes;Ancienne Auberge Fleurie, 04370 Colmars, France
Darjeeling Club;120 Rue des Bettets, 73500 Modane, France
Royal Ours Blanc Hôtel & Restaurant - Alpe d'Huez;65 Av. des Jeux, 38750 Huez, France
Lac des Oudins;73300 Villargondran, France
Parc L'Aventure;La combe des moulins Zone De Loisirs, 73300 Saint-Jean-de-Maurienne, France
L'Art de Vivre - Esthétique et Bien-Etre;202 Rte du Mont Lachat, 74230 Les Villards-sur-Thônes, France
Accro Viaduc Aventure de Villards-d'Héria;D297, 39260 Villards-d'Héria, France
Centre Thermal d'Yverdon-les-Bains;Av. des Bains 22, 1400 Yverdon-les-Bains, Suisse
Canyoning et via ferrata Jura - Le sens de l'eau;17 Montbrillant lieu dit, 39200 Villard-Saint-Sauveur, France
ESF Villard Reculas;5 Rte des Pistes, 38114 Villard-Reculas, France
Office de Tourisme de Villard Reculas - Oisans Tourisme;1 Rte des Pistes, 38114 Villard-Reculas, France
Decathlon Mountain Villard de Lans;235 Rue des Machurons, 38250 Villard-de-Lans, France
Office de Tourisme de Villard de Lans;38 Av. du Général de Gaulle, 38250 Villard-de-Lans, France
Résidence le Diamant;53 Rue Albert Soboul, 38250 Villard-de-Lans, France
Bricomarché Villard De Lans;290 Rue des Machurons, 38250 Villard-de-Lans, France
Château de Villandry;3 Rue Principale, 37510 Villandry, France
KID PARC Île d'Aventures - parc d attractions - Gironde - Bassin d'Arcachon;131 Rte des Lacs, 33470 Gujan-Mestras, France
Château de Villandraut;Rue Lafon Isoré, 33730 Villandraut, France
accordeau;1 Richet-Nord, 33730 Villandraut, France
Château de Barrière;Av. Edouard Dupuy, 24140 Villamblard, France
Baan Thai Centre de Vacances;400 Rte de Mussidan, 24140 Villamblard, France
Espace Culturel Osier Vannerie;7 Pl. de la Mairie, 37190 Villaines-les-Rochers, France
Institut Natur'L et Zen;19 Rue Saint-Georges, 53700 Villaines-la-Juhel, France
A Fleur de Peau;31 Rue Jules Doitteau, 53700 Villaines-la-Juhel, France
Hôpital Jules Doitteau;21 Rue Saint-Georges, 53700 Villaines-la-Juhel, France
EHPAD Les couleurs de la vie;21 Rue Saint-Georges, 53700 Villaines-la-Juhel, France
MALP - Musée archéologique du Lac de Paladru;51 Rue du Musée, 38850 Villages du Lac de Paladru, France
Capitainerie - Société du Lac de Paladru;635 Rte du Petit Port, 38850 Villages du Lac de Paladru, France
SEEBLICK;1080 Rte du Lac, 38850 Villages du Lac de Paladru, France
Le bois d'Amour;Chem. du Bois d'Amour, 38850 Charavines, France
Institut Indigo;5 Rue de Huningue, 68128 Village-Neuf, France
Lac de Vigueron;82500 Vigueron, France
Eveil Aquatique Beaune;1 Rte de Verdun, 21200 Beaune, France
Parc LudOGaïa;2 932 Rte de Brailles, 38510 Vézeronce-Curtin, France
Massage Shiatsu Vigneux sur Seine - Drainage Lymphatique 91;18 Rue d'Oly, 91270 Vigneux-sur-Seine, France
Ile de loisirs du Port aux Cerises;Rue du Port aux Cerises, 91210 Draveil, France
Cycl'eau Aventure - Rafting - Kayak - Hydrospeed - VTT - Canyoning - L'argentière la Bessée;La Gare, 05120 L'Argentière-la-Bessée, France
Plan d’eau des Iscles;05400 Veynes, France
Parc;3 Rue des Écoles, 20110 Propriano, France
JET 7;Plage de Mancinu, Rue du 9 Septembre, 20110 Propriano, France
Centre Omnisports San Ghjaseppu - Spaziu Spurtivu San Ghjaseppu;27 Vla Romana, 20110 Propriano, France
Lac de Pontcharal;Poncharal, 19410 Vigeois, France
Domaine du Grand Brugeron;Le Grand Brugeron 34, 19410 Vigeois, France
Parc Zoo du Reynou;1 Domaine du Reynou, 87110 Le Vigen, France
Massage & bien être Mathilde;6 Av. Emmanuel d'Alzon, 30120 Le Vigan, France
Nathalie Courtois: Phytothérapie et régulation du terrain / Massages et soins corporels Ayurvédiques;Santé Plurielle, 23 Bd des Châtaigniers, 30120 Le Vigan, France
Naturopathie et massage bien-être/Nathalie Bondoux/Massenaturo;Espace Les cèdres, 7 Mont d'Haussez, 30120 Le Vigan, France
Communauté des Communes du Pays Viganais;1 Rue de la Carrierasse, 30120 Le Vigan, France
Suite romantique Climatisée Cinta Bali;76 Rue Nationale, 41700 Cour-Cheverny, France
Centre Thérapeutique Alternatif de la Thur;62 Rue Charles de Gaulle, 68800 Vieux-Thann, France
SPA EVASION;24 Rue du Commandant Charcot, 59600 Maubeuge, France
Domaine de Vieux Mareuil;3-5 Rue Paul Brégeat, 24340 Mareuil en Périgord, France
Château de Chanet;45.423407, 0.513550, 24340 Mareuil en Périgord, France
Plan d'eau - Jeux;22420 Le Vieux-Marché, France
Au Nid d'Amour;10 Rte de Dieppe, 76680 Bellencombre, France
La Paillote Ardennaise;18 Rue d'Ecry, 08190 Vieux-lès-Asfeld, France
Panorama Kreyòl;Anse à la barque, Vieux-Habitants 97119, Guadeloupe
Thermes des Bains Jaunes;28MH+XVW, Saint-Claude 97120, Guadeloupe
Bain chaud;465G+WCW, Bouillante 97125, Guadeloupe
La NUMIDIE Hammam Guadeloupe;Rue Edouard Vulbeau, Saint-Claude 97120, Guadeloupe
L 'Ô de Source;1797 Rte De Gery, Vieux-Habitants 97119, Guadeloupe
Iguane House villas & micro spa;18 route du Flibustier, Sainte-Anne 97180, Guadeloupe
Spa Sothys - Hôtel Le Relais du Moulin;Le Helleux, Sainte-Anne 97180, Guadeloupe
Gîtes appart'hotel La Maison des Fontaines d'Alsace;6 Place des Comtes, 68480 Ferrette, France
Musée du Sapeur-Pompier d'Alsace;12 Rue de Luppach, 68480 Vieux-Ferrette, France
Restaurant Le Chaudron;15 Pl. de l'Ancienne Forge, 68480 Vieux-Ferrette, France
Lsbadeline;564 Rue Adolphe Strady, 59690 Vieux-Condé, France
Maison du spa;
Champagne Wake Park (C.W.P.);Lieu-dit Derrière le bois, Rue de Mareuil, 51530 Oiry, France
Love lodge Guadeloupe - Love room romantique Saint François;Chemin de la Princesse, Saint-François 97118, Guadeloupe
Kayali Studios & Spa;22 Rue Rosan Girard, Port-Louis 97117, Guadeloupe
Bassin de Morne-à-l’Eau;8FRQ+XW8, Morne-à-l'Eau 97111, Guadeloupe
Résidence Mer & Golf Le Boucanier - Vieux Boucau;Rue du Belvédère, 40480 Vieux-Boucau-les-Bains, France
Lumaa Restaurant;15 Grand Rue, 40480 Vieux-Boucau-les-Bains, France
PARC D'ATTRACTION MESSANGES SUD;426 Rte de la Plage S, 40660 Messanges, France
kinésithérpeute vieux berquin POURRY Maxime;212 za des champs de la couronne, 59232 Vieux-Berquin, France
L'AVENTURIER;17 Rue des Ponts, 18100 Vierzon, France
Ô Repos des Sens;27 Chem. de Bois Marteau, 18100 Vierzon, France
Nuage beauty institut de bien-être;8 Rue du Maréchal Joffre, 18100 Vierzon, France
Institut de beauté RIVIERA;9 Rue Voltaire, 18100 Vierzon, France
Office de Tourisme de Vierzon;5 Pl. du Maréchal Foch, 18100 Vierzon, France
Bricomarché Vierzon;Avenue Maréchal de Lattre de Tassigny, 18100 Vierzon, France
Cité des Sports du Parc de Bellevue;Av. du Colonel Manhés, 18100 Vierzon, France
Parc De La Noue;Parc de la Noue, 18100 Vierzon, France
Plage de Vierville-sur-mer;2 Bd de Cauvigny, 14710 Vierville-sur-Mer, France
Monument SIGNAL d'Omaha Beach;Av. de la Libération, 14710 Saint-Laurent-sur-Mer, France
l'Embusqué;Rte de Grandcamp, 14710 Vierville-sur-Mer, France
Moontain Bubble;Lieu dit le Buala, 65100 Ger, France
Arany Spa Vienna;Am Hof 2, 1010 Wien, Autriche
Sacher Boutique Spa;Philharmoniker Str. 4, 1010 Wien, Autriche
Therme Wien;Kurbadstraße 14, 1100 Wien, Autriche
Festyland;Chem. du Fresnot, 14760 Bretteville-sur-Odon, France
Floridsdorfer Wasserpark;1210 Vienna, Autriche
Prater de Vienne;1020 Vienna, Autriche
Lac de Viennay;79200 Viennay, France
Les Jardins de Viels-Maisons;11 Pl. du Marché, 02540 Viels-Maisons, France
Lily'Land;ZA de Taulhac, 642 Avenue des Estelles, 43000 Le Puy-en-Velay, France
L’institut de beauté Marion Averous;2 Rte de Lautrec, 81570 Vielmur-sur-Agout, France
Boucle du Lac de Vielleségure;Chem. de Journade, 64150 Vielleségure, France
Expérience Béarn - Rafting & Loisirs Nature;2Bis D936, 64190 Montfort, France
Gîtes de France Pays Basque Béarn Landes;20 Rue Gassion, 64000 Pau, France
Les BordOcéanes Sauna et Spa;2 Imp. de Labarte, 40560 Vielle-Saint-Girons, France
Maison Balneo;7 All. des Albatros, 40560 Vielle-Saint-Girons, France
Massages bien-être et Headspa - Massöa;Camping des Tourterelles, Rte de la Plage, 40560 Vielle-Saint-Girons, France
Cabinet de Kinésithérapie - Pôle de santé de Vielle-Saint-Girons;75 Allée des Cigales, 40560 Vielle-Saint-Girons, France
Office du Tourisme de la Haute vallée du Louron;12 Chem. de Cazalis, 65510 Loudenvielle, France
Base de loisirs Etang des bois;L'Étang des Bois, 45260 Vieilles-Maisons-sur-Joudry, France
Spa La Cour des Consuls;46 ter Rue des Couteliers, 31000 Toulouse, France
Centre Aquatique;62400 Béthune, France
Irripiscine by Irrijardin Evreux;1256 Rue de Cocherel, 27930 Le Vieil-Évreux, France
Plage de la Chassagne;La Chassagne, 87600 Videix, France
Hameau de Gîtes de La Chassagne;52 La Chassagne, 87600 Videix, France
Centre aqua-récréatif;Rue du Colonel du Garreau de la Mechenie, 87500 Saint-Yrieix-la-Perche, France
Le Comptoir du Massage;32 All. des Fermiers, 83550 Vidauban, France
Aquazen Tarad'Eau;371 Chem. de Plan Guillet, 83460 Taradeau, France
Cananga Esthétique;résidence Le Clos, 201 Av. Sainte Brigitte, 83550 Vidauban, France
Cris Beauty;125 All. des Huppes, 83550 Vidauban, France
Base de Loisirs de Jouillat;Lavaud, 23220 Jouillat, France
Bernaqua | Erlebnisbad | Fitness | Wellness;Riedbachstrasse 98, 3027 Bern, Suisse
Alpamare;Gwattstrasse 12, 8808 Pfäffikon, Suisse
Piscines du Nid-du-Crô;Rte des Falaises 30, 2000 Neuchâtel, Suisse
Fleur de Lys;Rte Principale 15, 2824 Vicques, Suisse
Gîte La Serenne;4 La Serenne, 86260 Vicq-sur-Gartempe, France
Office de Tourisme des Pyrénées Ariégeoises - Vicdessos;Pl. des Arcades, 09220 Val-de-Sos, France
Montcalm Aventure;La Bexanelle, 09220 Val-de-Sos, France
Montcalm Aventure;Sarradeil, 09220 Siguer, France
Cascade de l'Artigue;Unnamed Road, 09220 Auzat, France
Maison des eaux minérales;4 Av. de la Duchesse de Fontange, 15800 Vic-sur-Cère, France
Gorges Du Pas De Cere;La Roucolle, 15800 Thiézac, France
Ugecam Auvergne Limousin;Av. de la Duchesse de Fontange, 15800 Vic-sur-Cère, France
W Spa;34 Bis Chem. de la Condamine, 34110 Vic-la-Gardiole, France
Vic la Gardiole - Office de Tourisme Archipel de Thau;32 Bd des Aresquiers, 34110 Vic-la-Gardiole, France
Maison de Vacances 274 Résidence jardins la Robine;21 Chem. de la Source, 34110 Vic-la-Gardiole, France
institut essenc'il et elle;17 Rue de la Rivière, 72320 Vibraye, France
SARL PAINEAU TORTEVOIE;4 Rue du Grand Prix 1906, 72320 Vibraye, France
Ehpad La Petite Bruyère;51 Rue Xavier Boutet, 72320 Vibraye, France
Spa De La Dragonnière;Camping Sandaya Domaine de la Dragonnière - 5 étoiles - Vias, D612, 34450 Vias, France
Parenthèse sensorielle;66 Rue de Paris, 95270 Viarmes, France
Eden Institut;71 Rue de Paris, 95270 Viarmes, France
Massages O Top;All. Gladiateur bâtiment C, 60260 Lamorlaye, France
Sherwood Parc;Chem. des Rouliers, 95270 Viarmes, France
Café des Marronniers;Pl. des Marronniers, 47230 Vianne, France
Lac de Viam;19170 Viam, France
Plage du Lac de Viam;19170 Viam, France
Barrage du lac de Viam;Monceau, 19170 Viam, France
Cévennes Canyoning;le martinet, Soleyrols, 48220 Vialas, France
Valérie Rossi - Magnétiseur;113 rue Capitaine Malaval, 12490 Viala-du-Tarn, France
Restaurant au bord du Tarn - Le Resto du Mas de la Nauc;mas de, La Nauc, 12490 Viala-du-Tarn, France
Tour du Viala du Pas de Jaux;Place du Logis, 12250 Viala-du-Pas-de-Jaux, France
Base de loisir la coulée des douves;10 Rue du Parc, 49340 Vezins, France
BIEN DANS MON ETRE;1704, RD 936, 30360 Vézénobres, France
Cascade de La Terrisse;15160 Vèze, France
Château de la Rosemontoise;Château de la Rosemontoise, 5 Qur du Mont Jean, 90200 Vescemont, France
Bricomarché Vescemont;ZAC du Mont Jean, Rue du Stade À Côté De L'intermarché, 90200 Giromagny, France
Hôtel des Horlogers Le Spa by Alpeor;Rte de France 8, 1348 Le Brassus, Suisse
Indianaventure;Rue Paul Wenz, 51100 Reims, France
Jimbaloo - Parc Reims;Rue des Sentiniers, 51370 Thillois, France
Grinyland;6 Rue de la Libération, 51400 Sept-Saulx, France
PERCHING ADVENTURE;Faux de, 51380 Verzy, France
Piscine communautaire d’Azé;71260 Azé, France
Réserve Peyrieras Madagascar Exotic;Marozevo, RN2, Madagascar
Centre Hospitalier;Pl. de la Liberté, 02140 Vervins, France
Natur'elle institut;9 Rue du Traité de Paix, 02140 Vervins, France
Unité de dialyse Santélys;25 Rue d'Hirson, 02140 Vervins, France
Espace bien-être de Thierache;1 Chem. du Moulin, 02140 Braye-en-Thiérache, France
Les soins d'Élodie;21 Rue du Général de Gaulle, 62180 Verton, France
Parc de Loisirs - Pop Corn Labyrinthe BERCK (Verton) - Labyrinthe Géant de Maïs;Rte de Wailly, 62180 Verton, France
La Cour des Miracles;Le bourg, 24320 Verteillac, France
DearBody 63;5 All. de la Palle, 63910 Vertaizon, France
Parc pour enfants;77240 Vert-Saint-Denis, France
Domaine des trois lys;1 La Moufle, 28500 Vert-en-Drouais, France
Parc Louis Philippe;20 Av. des Flambarts, 28100 Dreux, France
Piscines Desjoyaux;La Détourbe, Rue du Puits Fonty, 28500 Vert-en-Drouais, France
L'Atelier Beauté - Angers;1 Rue d'Almas, 49112 Verrières-en-Anjou, France
Natural'Parc Zoo-Attractions;Rte de Saint-Sauveur de Landemont, 49270 Orée d'Anjou, France
Mercier Paysage;ZA Anjou Parc Actiparc Océane, 17 Bd Louis Delage, 49480 Verrières-en-Anjou, France
PARC EVASION - Parc loisirs Curley;chemin du tacot, 21220 Curley, France
Terme Di Giunone;Via delle Terme, 1, 37042 Caldiero VR, Italie
Maison de Beauté et Bien-Être;23 Rue d'Albufera, 27200 Vernon, France
Longayroux Base de loisirs nautiques;9 traverse de Longayroux, 15700 Pleaux, France
Pôle Santé de Cazan;Imp. des Artisans, 13116 Vernègues, France
Upper Avenue by KOJUMP - Trampoline Park Rennes;Zone de loisirs du Val d'Orson, Rue Jeanne Malivel, 35770 Vern-sur-Seiche, France
USVCK | Base Nautique Vern sur Seiche - Canoë Kayak;Chem. de Seiche, 35770 Vern-sur-Seiche, France
Salle des Fêtes de Verlhac Tescou;82230 Verlhac-Tescou, France
WAM PARK - Fréjus - Le Muy;Rabinon, 83490 Le Muy, France
Autre Parenthèse;1 ter Rue de la Fraise, 24380 Église-Neuve-de-Vergt, France
MAISON DE SANTE PLURIDICIPLINAIRE;2 Rue de la Paix, 24380 Vergt, France
Plan d'eau de Neufont;Lac de Neufont, 24380 Saint-Amand-de-Vergt, France
AQUA VERDON;9 Rue nationale, 04120 Castellane, France
MRAUK-U Massages sur rendez-vous;7 A Plan Nourrit, 30310 Vergèze, France
La plage des Lacs;30310 Vergèze, France
Institut Beauty Sud;19 Rue Neuve, 30310 Vergèze, France
Olivia Beauté Reflexologue;2 Plan Nourrit, 30310 Vergèze, France
Parc De Loisir Des Roches;Rue Jules Gerbeau, 76790 Étretat, France
Centre thermale;11 Av. Marcel Dassault, 17300 Rochefort, France
Piscines de France (17);18B Rte de la Rochelle, 17300 Vergeroux, France
LE SPA DE COCAGNE;9 Rue de l'Église, 31590 Verfeil, France
Espace Beauté Détente Natureza;2 Pl. Charles de Gaulle, 31590 Verfeil, France
Espace Aquatique de l'Aubois;Rue Macé de la Charité, 18600 Sancoins, France
Office de Tourisme Saône Doubs Bresse;Ciel, 11 Rue de Beaune, 71350, France
Parc de Garonne De Verdun;82600 Verdun-sur-Garonne, France
Club Arc-en-ciel;33 Av. de la Plage, 33123 Le Verdon-sur-Mer, France
AQUA VERDON BASE;ZA, 04120 Castellane, France
Centre de Santé Municipal de La Verdière;345 Rte de Manosque, 83560 La Verdière, France
Maison maela I Épilation laser;13 Rue du N, 83560 La Verdière, France
Base de Loisirs des Lacs Aux Dames;74340 Samoëns, France
Alta Lumina;464 Rte de Gibannaz, 74260 Les Gets, France
Aqua Centre de l'Aunelle;117 Rue Jean Mermoz, 59920 Quiévrechain, France
Detente Corporelle;6 Rue de la République, 60410 Verberie, France
Téléski Nautique de Verberie;Chem. des Remises, 60410 Verberie, France
Teraventure;Dom. de la Bruyère, 34400 Entre-Vignes, France
Office de Tourisme de Ver-sur-mer;2 Pl. de l'Amiral Byrd, 14114 Ver-sur-Mer, France
SPA Le Castel;
Bureau d'Information Touristique de Ventron;4 Pl. de la Mairie, 88310 Ventron, France
FitSwim Family;26 ZA de, Travo, 20240 Ventiseri, France
Base nautique Acqua e natura;V98X+5C, 20240 Solaro, France
Téléski nautique de Saugues;8 Av. du Gévaudan, 43170 Saugues, France
Saint Gal Parc Aventure Accrobranche;Chem. de la Vigerie, 43300 Langeac, France
Château de Ventenac Minervois;Rte Neuve, 11120 Ventenac-en-Minervois, France
MOUNTAIN WAKE PARK;Plan d'eau du Champsaur, Le Domaine, 05500 Saint-Julien-en-Champsaur, France
Le Mas des Sous-Bois;Chemin de la Vieille Mines, 67 Chem. de Saint-Hilaire, 13122 Ventabren, France
Acqua Center 2A;94 Av. de la Muzelle, 38860 Les Deux Alpes, France
Office de Tourisme de Venosc;355 route de bourg, 38520 Les Deux Alpes, France
L'institut Être et Bien Être;25 Rue Saint-Pierre, 02200 Venizel, France
HAMMAM ARGANA SPA;101 Bd Irène Joliot Curie, 69200 Vénissieux, France
Mélina Center;45 Av. de la République, 69200 Vénissieux, France
Hammam L'Arabesque;45 Av. de la République, 69200 Vénissieux, France
Hammam Bain d’Orient - Vénissieux Lyon;101 Bd Irène Joliot Curie, 69200 Vénissieux, France
Aquafollie;V. Aldo Moro, 1, 30021 Caorle VE, Italie
Parc de Loisirs des Bords de l'Oise;Av. de Bury Saint-Edmunds, 60200 Compiègne, France
SpeedPark Jaux;Pl. Jacques Tati, 60880 Jaux, France
Parc de Songeons;1-13 Rue James de Rothschild, 60200 Compiègne, France
Parc de Bayser;Av. des Martyrs de la Liberté, 60200 Compiègne, France
W SPA;4 Chem. de Labourioune, 81440 Vénès, France
Bricomarché Venerque;D19, 31810 Venerque, France
AQUA ELNA;785 Av. de la Mairie, 31600 Eaunes, France
Le lac de Vénérieu;151 Chem. du Lac, 38460 Vénérieu, France
Estelle Bien-être praticienne Head Spa Massage bien-être Belly Drainage lymphatique Lift face;5 Rue de la Touloubre, 13770 Venelles, France
Tohi Massaji Head Spa / Lipocavitation /Radiofrequnece /Kobido/massage amincissant /massage drainage lymphatique;41 Bis Av. de Mouliero, 13770 Venelles, France
SAWASDEE;2 Imp. de la Source, 13770 Venelles, France
Espace venelles médecine douce;849 Rue de la Gare, 13770 Venelles, France
Bien-être Venelles;5 Lot. Terre Isnarde, 13770 Venelles, France
Kolandia Park;Chem. des Montilles, 34350 Vendres, France
Family Park;Av. de la Méditerrannée, 34350 Vendres, France
Piscine Camping avec Toboggans;Unnamed Road, 34350 Vendres, France
Tépacap Vendée;9 La Tricherie, 85500 Mesnard-la-Barotière, France
Parc aquatique;Brasserie La Table des Gabelous, 17 Rue du Brandais, 85470 Brem-sur-Mer, France
Parc aquatique;Camping Bel Air, 6 All. de la Chevreuse, 85180 Les Sables-d'Olonne, France
Le Spa Vendomois;Fbg Chartrain, 41100 Vendôme, France
Labyrinthe de Vendoire;Rte des Tourbières, 24320 Vendoire, France
Decathlon Lens Vendin Le Vieil;1 Rue Jean Mermoz, 62880 Vendin-le-Vieil, France
VORTEX EXPERIENCE VR Strasbourg - Salle de réalité virtuelle;4 Rue de l'Industrie, 67450 Mundolsheim, France
Trampoline Park Strasbourg Mundolsheim;4 Rue de l'Industrie, 67450 Mundolsheim, France
So' Bien-être;7 Rue de Bermerain, 59213 Vendegies-sur-Écaillon, France
MARMA Massages • Espace bien-être • ACM Montalivet;avenue de l'europe, 33930 Vendays-Montalivet, France
Plage Montalivet;33930 Vendays-Montalivet, France
Office de tourisme de Vendays-Montalivet;62 Av. de l'Océan, 33930 Vendays-Montalivet, France
L'Aurore des Sens;36/38 Rue du Général Berthézène, 34740 Vendargues, France
Le petit paradis de Vendargues;Route Départementale 610, 34740 Vendargues, France
Parc de la Conque;06140 Vence, France
Fun City Cannes;47 Av. Maurice Chevalier, 06150 Cannes, France
Accrobranche Riviera Nature Grasse;9001 Rte de la Malle, 06130 Grasse, France
Piscine Jean MARET de Vence;271 Av. Colonel Meyere, 06140 Vence, France
Office de Tourisme de Venasque Ventoux-Provence;61 Gr Grand Rue, 84210 Venasque, France
Centre Sportif l'Arène;bis, 12 Rue Gaston Hardy, 21150 Venarey-les-Laumes, France
Plan d'eau Nid à la caille;1 Rue Anatole France, 21150 Venarey-les-Laumes, France
Vesúbia Mountain Park;All. du Dr Fulconis, 06450 Saint-Martin-Vésubie, France
Terre de Beauté;45 Rue Pierre Nicolas Loue, 85190 Venansault, France
Institut Guinot;centre commercial Les Garennes, 85190 Venansault, France
Centre Aquatique et Sportif;Rdpt du Général de Gaulle, 84800 L'Isle-sur-la-Sorgue, France
La petite ferme du paradis;Rte d'Angirey, 70700 Vellemoz, France
Source de Velleminfroy;Route de la Creuse, 70240 Velleminfroy, France
Showroom Velleminfroy - Boutique;Château Grenouille, 70240 Velleminfroy, France
Source thermale de Chaudefontaine;Rte de Chaudefontaine, 88200 Vecoux, France
Zen Attitude Echevanne;SAS Zenattitude, 8 Rue du Château, 70100 Velesmes-Échevanne, France
O'coeur de l'être;8 Pl. François Caire, 13880 Velaux, France
Anaïs Esthétique;200 Av. Paul Cézanne, 13880 Velaux, France
parc pour enfant;133 Av. Hélène Boucher, 13880 Velaux, France
Complexe de loisirs de la Forêt de Goupil;Parc de loisirs de la forêt de haye, 54840 Bois-de-Haye, France
VELAINE AVENTURES (tipipark);Forêt Domaniale de Haye, Parc de loisirs de la, Allée des Merisiers, 54840, France
Russian Banya;Chem. du Pont de Crevy, 74140 Veigy-Foncenex, France
Kallista;David Lloyd - Citygreen , 74140, 740 Rte des Plantets 1er étage, 74140 Veigy-Foncenex, France
Institut Mary Cohr;Centre Commercial Intermarche, 2 Rue de Tivoli, 37250 Veigné, France
Bâton du plan d'eau de védrine saint loup;379F+7W, 15100 Védrines-Saint-Loup, France
Planet Park Vedene;195 All. Louis Montagnat, 84270 Vedène, France
Parc bardi;220 Av. Pierre de Coubertin, 84270 Vedène, France
Royal Kids Vedène;195 All. Louis Montagnat, 84270 Vedène, France
Weeky Parc;9010 Rue des Renards, 76190 Sainte-Marie-des-Champs, France
Lac de Lafrançaise;hayki parc, 8 Lot. les Hauts du Lac, 82130 Lafrançaise, France
Île de Loisirs Étampes;5 Av. Charles de Gaulle, 91150 Étampes, France
Château de Vayres;63 Av. de Libourne, 33870 Vayres, France
Au cèdre Vayres;16 Rue de la Pompe, 33870 Vayres, France
Port de Saint Pardon;Port de, 33870 Vayres, France
La Source Salmière;46500 Alvignac, France
Centre Aquatique Canal Forêt;8 Bd de Bretagne, 44130 Blain, France
Office de Tourisme Vaux-sur-Mer;53 Rue de Verdun, 17640 Vaux-sur-Mer, France
Le Bel Ami;16 Bd Bellamy, 17200 Royan, France
AQUAKID'S GLISS PONTAILLAC club de plage à Royan (ouvert du 1 juillet au 28 aout 2026);Plage de pontaillac, 17200 Royan, France
Parc de loisirs Raymond Vignes;56 Av. de la Ganipote, 17420 Saint-Palais-sur-Mer, France
Centre Nautique de SAINT PALAIS SUR MER;70 Av. de Pontaillac, 17420 Saint-Palais-sur-Mer, France
Parc de Loisirs de Bouvent;All. Louis Robin, 01000 Bourg-en-Bresse, France
EHPAD La Fontaine Médicis Vaux Andigny;1 Rue Napoléon Bonaparte, 02110 Vaux-Andigny, France
Jardin botanique du château de Vauville;1 route du thot, 50440 La Hague, France
Christine DUSSEAUX C Réflexo - Cabinet de Réflexologie RNCP - Massage bien-être- Massage drainant lymphatique.;199 Rue de la République, 30600 Vauvert, France
Parc des Aigrettes;Unnamed Road, 30600 Vauvert, France
CIRCUS KIDS - PARC de JEUX INDOOR CLIMATISÉ pour ENFANTS - ANNIVERSAIRES - SNACK À EMPORTER et en TERRASSE - PROCHE DE NÎMES;76 Av. Mas Saint-Laurent, 30600 Vauvert, France
Base de loisirs;95000 Neuville-sur-Oise, France
Butte de Vauquois;1 Rue d'Orléans, 55270 Vauquois, France
Tranchée de la butte de Vauquois;55270 Vauquois, France
Auberge La Sobronade;12 Rte du Lavoir, 24800 Vaunac, France
Plan d'Eau des Marres;4 Les Capucins, 04200 Sisteron, France
Centre Hospitalier Rhumatologique d'Uriage;1750 Rte d'Uriage, 38410 Saint-Martin-d'Uriage, France
Séjour Uriage Location;2927 Av. d'Uriage, 38410 Vaulnaveys-le-Haut, France
Serenity Suite Uriage;2815 Av. d'Uriage, 38410 Vaulnaveys-le-Haut, France
Studio 104;3885 Av. d'Uriage, 38410 Vaulnaveys-le-Haut, France
Casa cocoon SPA;Av. Henri Barbusse, 93290 Tremblay-en-France, France
Parc Forestier Départemental de la Poudrerie de Sevran Livry;93270 Sevran, France
Parc Alexandre Boucher;Rue Alexandre Boucher, 93410 Vaujours, France
Château Hôtel de Vaugrigneuse;11 Rue Héroard, 91640 Vaugrigneuse, France
Les platanes;5 Pl. de la Mairie, 69670 Vaugneray, France
CCVL (Communauté de Communes des Vallons du Lyonnais);27 Chem. du Stade, 69670 Vaugneray, France
LA MAISON BLANCHE;40 Rte de Bordeaux, 69670 Vaugneray, France
Parc des Aulnes voie verte;3 Rue des Flots, 27100 Le Vaudreuil, France
Cascade de la Billaude;8B Rte des Cascades, 39300 Le Vaudioux, France
Domaine du Vieux Pressoir;205 Rue Château d'Oiré, 49260 Vaudelnay, France
Gîte Les Orchidées Évasion d’Exception;60 Rue des Amandiers, 49260 Vaudelnay, France
Body Artist Academy;18 boulevard République, Rés Mazeleyre Bâtiment E, 92420 Vaucresson, France
O Petit Spa Massage bien-être & Spa privé UNIQUEMENT SUR RDV;Ravine plate, Cocotte, Le Vauclin 97280, Martinique
Le Jardin de la Montagne;Quartier coq Vauclin, 97280, Martinique
Pointe du Vauclin;H59F+9QF, Le Vauclin 97280, Martinique
Trou cochon;H598+2M, Le Vauclin, Martinique
Boulikibio;MWRR+Q7, Saint-Joseph 97212, Martinique
La Villa Victoria;99 Rte de Ravine Vilaine, Fort-de-France 97200, Martinique
Sommet de la montagne du Vauclin;Ensfelder, Le Vauclin 97280, Martinique
Plage Pointe Faula;G5RC+7GW, Le Vauclin 97280, Martinique
Ranch anse Macabou;Quai Macabou, Le Vauclin 97280, Martinique
MSP Aloé Véra;"Quartier Humbert Lot ""Les hauts de, Chem. Cap E, Le Vauclin 97280, Martinique"
LION'S PARC;Domaine de Sigy / Route du Stade, VAUCLIN 97280, Martinique
Maya Beach Club;Plage de l, Anse Caritan, Sainte-Anne 97227, Martinique
Vauclin Découverte avec Dédé le Pecheur;Baie des Mulets, Ducos 97224, Martinique
Plage d'Anse Macabou;G53G+HF, Le Vauclin 97280, Martinique
M'institut;2 b Rue des Puits, 49320 Brissac Loire Aubance, France
Vivier Kot;7 Rte nationale, 76270 Vatierville, France
Cascade du vast;Canton de Val-de-Saire, 50630 Le Vast, France
Lac de Retenue Collinaire de la Combe Oursière;3537 D106L, 38250 Lans-en-Vercors, France
Parc Mouton Village;Espace Agora, 21 Rue du Bourg Neuf, 79340 Vasles, France
Château de Vascœuil;8 Rue Jules Michelet, 27910 Vascœuil, France
Piscine de Vars;Rés le Point Show, 05560 Vars, France
Les Bains de Vars;05560 Vars, France
Badaboum Parc;ZA du Champ Blanchard - Saumur FR, Rte de Cholet, 49400 Distré, France
Lac d'Arc-sur-Tille;21560 Arc-sur-Tille, France
Château de Longpré;D624, 09120 Varilhes, France
Centre de Cure Médicale de Pignelin;Rte de la Guesse, 58640 Varennes-Vauzelles, France
Les Bains de l'Orient Hammam;24 Rue de Varennes, 77130 Montereau-Fault-Yonne, France
Base de Loisirs de Varennes-sur-Seine BAIGNADE INTERDITE;9W86+Q2, Chem. des Aulnettes, 77130 Varennes-sur-Seine, France
Decathlon Varennes Sur Seine;Centre commercial du Bréau, 77130 Varennes-sur-Seine, France
Planet Park Varennes-sur-Seine;Entre Decathlon et Keep Cool, Espace Commercial du Breau, Rue du Bréau, 77130 Varennes-sur-Seine, France
Aux p'tits creux;6 Pl. de la Mairie, 63720 Varennes-sur-Morge, France
Port de Varennes;Le Petit Port, 49730 Varennes-sur-Loire, France
Saumur Forest Aventures;Rue Roger Tarjon, 49400 Saumur, France
Étang de Varennes;VJMM+WG, 52400 Varennes-sur-Amance, France
Bricomarché Varennes Sous Dun;Croix Bouthier, 71800 Varennes-sous-Dun, France
La Varenne SAS;410 Le Bourg, 71480 Varennes-Saint-Sauveur, France
Champ de la Dame;2 Rue des Écoles, 58400 Varennes-lès-Narcy, France
Château de Passy-les-Tours;2 Rte Jean de Chevenon, 58400 Varennes-lès-Narcy, France
Le Saint Hélène;5 Rte Jean Dequennes, 58400 Varennes-lès-Narcy, France
Piscines et Spas du Mâconnais - PISCINES HydroSud Macon;622 Chp de la Lié D906, 71000 Varennes-lès-Mâcon, France
Maison de Retraite;Chem. de la Cure, 71240 Varennes-le-Grand, France
LE GRAND VARENNES;13 D906, 71240 Varennes-le-Grand, France
Ehpad De Varennes;11 Chem. de la Cure, 71240 Varennes-le-Grand, France
Monument commémorant l'arrestation de Louis XVI;5 Rue Louis XVI, 55270 Varennes-en-Argonne, France
Etang de la Pinsonnière Varennes-Changy;VM3J+Q4, 45290 Varennes-Changy, France
Complexe aquatique de Varennes;111 Rue de la Rivière, Varennes, QC J3X 1P7, Canada
Jardin Le Vasterival;346 Allee Albert Roussel, 76119 Sainte-Marguerite-sur-Mer, France
Jardin Shamrock;Rte de la Cayenne, 76119 Varengeville-sur-Mer, France
Manoir d’Ango;Rte de la Cayenne, 76119 Varengeville-sur-Mer, France
Domaine du Château de Varengeville-sur-Mer;35 Rte de Dieppe, 76119 Varengeville-sur-Mer, France
Le Relais Varengeville;2 Rte de l'Eglise, 76119 Varengeville-sur-Mer, France
Le Bois des Moutiers;Rte de l'Eglise, 76119 Varengeville-sur-Mer, France
Parc Beylier;Av. Joliot Curie, 38760 Varces-Allières-et-Risset, France
Mine de sel de Varangéville;17 Rue Gabriel Péri, 54110 Varangéville, France
La Volupté des Sens - Massage bien-être à Varangéville;36 Rue Georges Toussaint, 54110 Varangéville, France
Espace prieuré;Chem. de la Prairie, 54110 Varangéville, France
Le Provence chez Lucile et Annie;1 Pl. de la Libération, 83670 Varages, France
Commanderie des Templiers;Unnamed Road, 81140 Vaour, France
IK Kiné Balnéothérapie Vanves - Jean Royer;5 Rue Monge, 92170 Vanves, France
Le Jardin d'Acclimatation;Bois de Boulogne, Rte de la Prte Dauphine à la Prte des Sablons, 75116 Paris, France
Aquaboulevard de Paris Minigolf Course;12P Rue du Colonel Pierre Avia, 75015 Paris, France
Forest Hill - Aquaboulevard de Paris;4-6 Rue Louis Armand, 75015 Paris, France
Parc Frédéric Pic;2 Rue Falret, 92170 Vanves, France
Vital'eau Aquaboulevard;4 Rue Louis Armand, 75015 Paris, France
Adonara Metz;8 Rue des Charpentiers, 57070 Metz, France
Espace sportif et Culturel;Route de Païolive, 07140 Les Vans, France
Spa de Flottaison Vannes Bains d'Epsom;37 Bd de la Paix, 56000 Vannes, France
O'Gravity;10 Rue Ella Maillart Batiment A, 56000 Vannes, France
Parc du Golfe;41 Av. Maréchal Juin Maréchal de France, 56000 Vannes, France
L'Univers D'Ô Vannes Saint-Avé;Rue de l'univers, 56890 Saint-Avé, France
Yakapark;7 Rue Camille Claudel, 56890 Plescop, France
TrampÔforest Park Vannes;Giratoire de Kergrain, 56000 Vannes, France
SwimCenter;1 Rue André Ampère, 56890 Plescop, France
Celt'Aventures;Rue du Ménez, 56370 Sarzeau, France
Château de Vandrimare;1 Rue des Écoles, 27380 Vandrimare, France
Jardin d'Eau;Unnamed Road, 16 Bd de la Mothe, 54000 Nancy, France
ZEcamping 3 étoiles parc aquatique toboggans locatif TV 33m2 4 pers;58360 Saint-Honoré-les-Bains, France
Cure thermale Balaruc Location appartement vue Étang;Av. des Thermes Athéna Résidence le Verseau, 34540 Balaruc-les-Bains, France
Le Temple des Sens;10 Rue du Gourp Salat, 34350 Valras-Plage, France
Thermes gallo-romains d'Alauna;50700 Valognes, France
La Maison Valmont pour Le Meurice;228 Rue de Rivoli, 75001 Paris, France
UCPA Valmeinier;770 Rue du Crey du Quart, 73450 Valmeinier, France
Office de Tourisme de Valmeinier Centre Station;Résidence Ours Blanc, 72 Esplanade des Islettes, 73450 Valmeinier, France
Les chalets de l'armera;l'armera, 73450 Valmeinier, France
La Cabane d'en haut;Piste des Lauzes LD Les Jeux, 73450 Valmeinier, France
Restaurant l'Alpin;73450 Valmeinier, France
VALMIGLISS;4766 route du Mont Thabor, 73450 Valmeinier, France
PULL UP CERDANYA;1 Camí Vora Riu, Err, 66800 Err, France
Yourte bien être;Le Riou, 05340 Vallouise-Pelvoux, France
Pollen Parapente;Salle Marcel Molinatti, Les Ribes, 05340 Vallouise-Pelvoux, France
Via Ferrata Cascade de Bérard;343 Chem. de la Poya, 74660 Vallorcine, France
Grotte à Farinet;74660 Vallorcine, France
Le Café Comptoir;69 route de la foret verte, 74660 Vallorcine, France
Buvette de la Cascade de Bérard;VC N°1 Dite de Bérard, 74660 Vallorcine, France
Office de Tourisme;183 Route des Confins, 74660 Vallorcine, France
Le Pont d'Arc;Chem. du Tiourre 108, 07150 Vallon-Pont-d'Arc, France
Grotte Chauvet 2 - Ardèche;4941 Route de Bourg St Andéol, 07150 Vallon-Pont-d'Arc, France
Mobil home au camping 5 * Domaine de Chaussy pool piscines;Petit Chaussy, 5885 route de Ruoms, 07150 Lagorce, France
Accroche Toi Aux Branches | Vallon Pont d'Arc;147 Chem. du Moulin, 07150 Vallon-Pont-d'Arc, France
Parc municipal;Av. Marx Dormoy, 03190 Vallon-en-Sully, France
Sam Parc;871 Rte de Bourges, 18200 Saint-Amand-Montrond, France
Bateaux Électriques Canal de Berry - Vallon-en-Sully;L'Allée des Soupirs, 03190 Vallon-en-Sully, France
Parc Mini-Châteaux;Bd Saint-Denis Hors, 37400 Amboise, France
Résidence & Spa**** | Les Cîmes d'Auréa;1323 Rte du Galibier, 73450 Valloire, France
Valloire Réservations;272 Rue des Grandes Alpes, 73450 Valloire, France
Domaine de Valliquerville (ex château de Valliquerville);460 Rue de la Mairie, 76190 Valliquerville, France
Bulles & Body;11 Bd du Luxembourg, 44330 Vallet, France
Pôle santé Medical;14 Rue de la Sèvre, 44330 Vallet, France
Bricomarché Vallet;Rte d'Ancenis, 44330 Vallet, France
La Baignade;34 Rue du Poncé, 54910 Valleroy, France
Aquapôle;16 Chem. des Marcaires, 54800 Jarny, France
Château de Vallerois le bois;Rue du Château, 70000 Vallerois-le-Bois, France
Love room vallères 37190;1 Rue de Vaussouvin, 37190 Vallères, France
Étang jet ski Vallerange;Unnamed Road, 57340 Vallerange, France
Club nautique Corse Sport Bien Être;Moriani Plage, 20230 San-Nicolao, France
Camping Corse Corsica Camping chaine de campings;Corsica Vacanze Camping Merendella, Moriani Plage, 20230 San-Nicolao, France
PalmAurea;38 Av. Georges Clemenceau, 06220 Vallauris, France
Base nautique Vallauris Golfe-Juan;105 Av. des Frères Roustan, 06220 Vallauris, France
Piscine Montfleury;19 Av. Beauséjour, 06400 Cannes, France
Parc à Teurtous;79270 Vallans, France
Lac de Vallabrègues;30300 Vallabrègues, France
Saut du Gier;Saut du Gier, 42131 La Valla-en-Gier, France
Espace Ludo aquatique;1153 Rte du Bord du Lac, 38970 Corps, France
Les Moments Zen;296 Av. Louis Imbert, 83160 La Valette-du-Var, France
Lati.sérénité;34 Av. Paul Valéry, 83160 La Valette-du-Var, France
MaCryo - Centre de Cryothérapie Corps Entier;1418 Av. Colonel Picot, 83100 Toulon, France
Kiddy Parc;1914 Av. de l'Aéroport, 83400 Hyères, France
Trampoline Park Gravity Space Toulon La Garde Parc de Loisirs Anniversaire;563 Chem. des Plantades, 83130 La Garde, France
Île de Loisirs de Créteil;9 Rue Jean Gabin, 94000 Créteil, France
Parc départemental de la Plage-Bleue;Av. de la Plage Bleue, 94460 Valenton, France
Piscine des Dauphins;1 Voie Georges Pompidou, 94450 Limeil-Brévannes, France
Piscine à vagues de l'?le de Loisirs de Créteil RESERVATION OBLIGATOIRE;9 Rue Jean Gabin, 94000 Créteil, France
Le Bois des Lutins - Marseille Peypin;ZA Valdonne, 13124 Peypin, France
E'clair de bien être;13 Rue Villedieu, 25700 Valentigney, France
Decathlon Montbeliard;Zac Du Pied Des Gouttes, Rue Jacques Foillet, 25200 Montbéliard, France
Pizza qualità;34 Rue Etienne Oehmichen, 25700 Valentigney, France
Jump Street Trampoline Parc;12 Rte de Beaulieu, 25700 Valentigney, France
Plateau de Valensole;Rte d'Oraison, 04210 Valensole, France
Route de la Lavande;8 Bd Frédéric Mistral, 04210 Valensole, France
Champ de Lavande à Valensole;RW7J+3J, 04210 Valensole, France
Champs de lavandes;Rte de Manosque, 04210 Valensole, France
Champs de lavande;D4, 04800 Gréoux-les-Bains, France
Lavandes Angelvin;Campagne neuve, 04210 Valensole, France
Office de Tourisme de Valensole;8 Bd Frédéric Mistral, 04210 Valensole, France
Parc thermal de Gréoux-Les-Bains;04800 Gréoux-les-Bains, France
Lacs des Buissonnades;Chem. des Buissonnades, 04700 Oraison, France
JJUMP;1264 Av. de Traversetolo, 04700 Oraison, France
Emotionnelle - Beauté & Bien-être Holistique pour les femmes - Massages - Soin Visage - Madérothérapie - Kobido - Drainage;1981 Rte de Lyon, 38540 Valencin, France
GERS PISCINE;Jamon ZA de, 32310 Valence-sur-Baïse, France
CRPA - Centre de réadaptation pour personnes âgées VYV³ Terres d'Oc;87 Av. d'Albi, 81340 Valence-d'Albigeois, France
Château de Valençay;Château de Valençay, 2 Rue de Blois, 36600 Valençay, France
Office de Tourisme de Valençay;2 Av. de la Résistance, 36600 Valençay, France
Esprit beauté;33 Av. Louis Raucoules, 81090 Valdurenque, France
Aquarium des Tropiques;23 Rte de Crest, 26400 Allex, France
Les Barons Perchés;Col de la croix, 26110 Nyons, France
Association Val d'Oye (AVO);Centre Jean Moulin, Pl. Jean Moulin, 90300 Valdoie, France
Parc De L'Europe;Av. du Général de Gaulle, 14500 Vire Normandie, France
Les Bulles de Clo - Magnétiseur Énergéticienne/ Guidance;10 Rue du 27 Août, 25800 Valdahon, France
Cybele;Rés Le Bourgogne, 7 Rue de la Gare, 25800 Valdahon, France
FAB Relaxation et Bien-être à domicile;6 Rue des Noisetiers, 25800 Valdahon, France
Base de loisirs Val Dore;Esplanade Robert Lacroix, 63600 Ambert, France
Err Aventure;Base de loisirs Espace aqualudique, Carrer del Moli, 66800 Err, France
SPA-Espace bien être;120 Rte des Macarons, 06560 Valbonne, France
Plan d'eau de Valbonnais;Parc national des Écrins, 38740 Valbonnais, France
Lac de Valbonnais;38740 Valbonnais, France
Parc Billard;1 Rte de la Creusée, 91530 Le Val-Saint-Germain, France
Parc Aventure Floreval;RD 97 Rte de Limours, 91680 Bruyères-le-Châtel, France
Treffort - Village médiéval de caractère;35 Rue Bon Gravier, 01370 Val-Revermont, France
Base de loisirs de la Grange du Pin;01370 Val-Revermont, France
Étang du Pontillas - Baignade Bio;Chem. des Prépas, 05240 La Salle-les-Alpes, France
Teleski Nautique de Léry-Poses;Lac des Deux Amants, 27740 Poses, France
L'Archipel;Rue de la Pierre Naudin, 76650 Petit-Couronne, France
Espace Sports et Nature du Fier;73310 Motz, France
Gorges du Fier;30 Rue du Pont des Liasses, 74330 Lovagny, France
Plan d'eau de Motz;73310 Motz, France
Evolution 2 - Val Cenis;149 rue du Muleney, 73500 Val-Cenis, France
Base nautique du Mont Cenis;Col du Mont-Cenis, 73480, 73480 Val-Cenis, France
Le Family Park;route du plan d'eau, 74210 Val de Chaise, France
Plan d'eau de la sangsue;Chemin de dolhain, 54150 Val de Briey, France
Pôle de Santé intercommunal de Val-d'Arry;2 Bis Rue des Lilas, 14210 Val d'Arry, France
L'Institut - Val d'Anast;4 Pl. de l'Église, 35330 Val d'Anast, France
Beauté des Sens;18 Rue de l'Église, 35330 Val d'Anast, France
Sites antiques de Vaison-la-Romaine;Site Antique de Puymin, 14 Rue Burrus, 84110 Vaison-la-Romaine, France
Parc archéologique de Vaison-la-Romaine;Rue Burrus, 84110 Vaison-la-Romaine, France
Office de Tourisme Vaison Ventoux Provence;Av. Général de Gaulle, 84110 Vaison-la-Romaine, France
Camping Le Carpe Diem;Av. Marcel Corneloup, 84110 Vaison-la-Romaine, France
Parc Théos - aire de jeu & skatepark;84110 Vaison-la-Romaine, France
Camelia Spa;5 Av. Henri Barbusse, 77360 Vaires-sur-Marne, France
Stade Nautique Olympique d'Île-de-France;4 Chemin de la Victoire, 77360 Vaires-sur-Marne, France
EDF - UPTI - DTEAM Vaires Sur Marne;16 All. Marcel Paul, 77360 Vaires-sur-Marne, France
Île de loisirs Vaires-Torcy - Site de Vaires Sur Marne;Rte de Lagny, 77200 Torcy, France
Bio Form Spa;8 Rue de la Gare, 77360 Vaires-sur-Marne, France
Lac de Vaires-Sur-Marne;Avenue des Îles, 77360 Vaires-sur-Marne, France
CHAMESS Essence Maison de Beauté;325 Rue du Devois, 34570 Vailhauquès, France
Maison Avéa;Centre Commercial de Vailhauques, 34570 Vailhauquès, France
Lac et Barrage de Vailhan;34320 Thurins, France
Le Pavillon de l'Évidence;La Fertrie, 53480 Vaiges, France
Plan d'eau;Parking plan d'eau, 53480 Vaiges, France
Accrobranche Indy Parc;50 Chemin du grand Bois, 07150 Vagnas, France
Parc de Vagnas;La Vignasse, 07150 Vagnas, France
Neness parc;65 Imp. de la Plaine, 07150 Salavas, France
Aquabike Center;225 Rue des Romarins, 34160 Castries, France
Aventure Parc;Base de Loisirs la Fôret, 81330 Saint-Pierre-de-Trivisy, France
La vallée de l'Eure à Uzès;30700 Uzès, France
PARK & Eau;
Office de Tourisme Terres de Corrèze - Uzerche;10 Pl. de la Libération, 19140 Uzerche, France
O'Form;2 Rte de Limoges, 19140 Uzerche, France
M&C Vulcain Chauffage;ZA de, 22460 Uzel, France
Atelier Musée du Tissage;12 Rue Neuve, 22460 Uzel, France
Parc de jeux d’Uxem;12 Rte de Ghyvelde, 59229 Uxem, France
Sim Aventure;12 Mnt des Chalets, 39130 Uxelles, France
ELIOSPA Pra Loup - Marmotel;Front de Neige SOWELL COLLECTION Marmotel & Spa, 04400 Uvernet-Fours, France
Plan d'eau Huttenheim;67230 Huttenheim, France
Jungle Wake Parc;Plan d'eau de Siguret, Le Canton, 04850 Jausiers, France
Alpha - Parc Animalier;Chalet d'accueil du Boréon, Route Départementale 89, 06450 Saint-Martin-Vésubie, France
Koaland;5 Av. de la Madone, 06500 Menton, France
Vallée de la Vésubie;V6HJ+H5 Aire de pique nique, 06450 Utelle, France
Ecomusée des Monts du Forez;Quartier Saint-Joseph, 7 Rue du Lavoir, 42550 Usson-en-Forez, France
Parking du Plan d'eau;13 La Chaux, 42550 Usson-en-Forez, France
Restaurant chez Nathalie;Rue Centrale, 42550 Usson-en-Forez, France
PARC USSON AVENTURES;545 Rte d'Apinac, 42550 Usson-en-Forez, France
Orgues Volcaniques d'Usson;63490 Usson, France
Natyv'zen;22 Av. Carnot, 19200 Ussel, France
Centre Hospitalier de Haute-Corrèze;2 Av. du Dr Roullet, 19200 Ussel, France
Les fleuves de l’essentiel | Massages du monde | Saint-Exupéry Les Roches;Bulles De Beauté, 3 bis Rue du Stade Les, 19200 Saint-Exupéry-les-Roches, France
Lac de Ponty;19200 Ussel, France
Horizon Bien-être;6 Av. Marmontel, 19200 Ussel, France
Aquilus Piscines et Spas Ussel;20 Bd Dr Goudounèche, 19200 Ussel, France
Office de Tourisme de Haute-Corrèze - Bureau d'Ussel;Pl. Voltaire, 19200 Ussel, France
Château de la Diège;18 Av. Turgot, 19200 Ussel, France
Le Jardin des Soins;29 bis Rue des Fleurs de la Saint-Jean, 19200 Ussel, France
Café Ventadour;14 Rue du 4 Septembre, 19200 Ussel, France
Parc d'USSAT;09400 Ornolac-Ussat-les-Bains, France
Parc Wizz'titi - Accrobranche pour adultes et enfants;Chem. du Moulin, 19270 Ussac, France
Wizz'titi - Sentier Pieds Nus;Chem. du Moulin, 19270 Ussac, France
La Blanche Maison;874 Rue Saint-Laurent, 50460 La Hague, France
Château de Nacqueville;50460 La Hague, France
Villa Chanteclerc;459 Av. de la Plage, 50460 La Hague, France
Office de tourisme d'Urt;7 Rue du Marché, 64240 Urt, France
WoW Park;11 Chem. de Bittola, 64122 Urrugne, France
Office de Tourisme d'Urrugne;Rue Bernard de Coral, 64122 Urrugne, France
Decathlon Urrugne - Saint Jean de Luz;Lot. Camieta, 64122 Urrugne, France
Parc d'aventure et paintball Oihana | Accrobranche Pays Basque;Angle : Route de la Glacière, Chem. des Crêtes, 64122 Urrugne, France
Canyoning eau chaude - Le Plein de Nature;16 Rue d'Ansaneres, 66760 Ur, France
Le Zoo d'Upie;1795 Rte de Montoison, 26120 Upie, France
Monkey Park L’Union;1 chemin de la caussade, 31240 L'Union, France
Centre Aquatique Yves Nayme;28 Rue de Terrenoire, 42100 Saint-Étienne, France
Parc Nelson Mandela;25 Rue Pierre Curie, 42240 Unieux, France
SPA MAMABALI PARIS 17;2 Rue Brunel, 75017 Paris, France
Parc urbain;1 Rue du Morvan, 91940 Les Ulis, France
Parc nord;91940 Les Ulis, France
TTIKI LEKU;Chem. d'Otsantza, 64250 Souraïde, France
Résidence Le Parc d'Arradoy;2 Rte d'Arnéguy, 64220 Uhart-Cize, France
Château des Monthairons;26 Rue de Verdun, 55320 Les Monthairons, France
Les Bains des bois;Sta de Saint-Jean, 04140 Montclar, France
Ubaye Plage;04340 Ubaye-Serre-Ponçon, France
Plage Serre Ponçon - plage st vincent les forts;Le Fein, 04340 Ubaye-Serre-Ponçon, France
Ubaye Tourisme - Accueil de Barcelonnette;Place Frédéric Mistral, 04400 Barcelonnette, France
Ubaye Tourisme - Accueil Le Sauze;Chalet de la Montagne, 04400 Le Sauze, France
Fort Joubert;Fort St Vincent, 04340 St Vincent les Forts, France
Village troglodytique de La Madeleine;Le Petit marzac, Route de la Madeleine, 24620 Tursac, France
Gisement Préhistorique Du Ruth;24620 Tursac, France
Maison Forte de Reignac;Reignac, 24620 Tursac, France
Roque Saint-Christophe;2433 Rte de la Préhistoire, 24620 Peyzac-le-Moustier, France
Centre de Rééducation Fonctionnelle L'Eau Vive;Chem. de Theoume, 04250 Turriers, France
O Charmes De La Forêt d'Orient;06 Chem. de la Cotelle, 10140 Thieffrain, France
La Parenthèze;156 Chem. de la Valiera, 06320 La Turbie, France
L' Institut V;05 Av. de la Victoire, 06320 La Turbie, France
Office de Tourisme - La Turbie;2 Pl. Detras, 06320 La Turbie, France
Plage de Pen Bron;Rte de Pen Bron, 44420 La Turballe, France
Bricomarché La Turballe;Rue du Roëllo, 44420 La Turballe, France
Camping;8FHX+PJ, 44420 La Turballe, France
ALO PISCINE;35 Rue Henri Bournouveau, 44420 La Turballe, France
Hotel de plein air La Falaise;1 Bd Belmont, 44420 La Turballe, France
Ajust'Tif La Turballe;La, 32 Rue du Maréchal Leclerc, 44420 La Turballe, France
L'île aux pirates;Bd de la Grande Falaise, 44420 La Turballe, France
Parc du Clos des Chartreux;38210 Tullins, France
Espace Aqualudique de la Combe Oursiere;3537 D106L, 38250 Lans-en-Vercors, France
Le parc à ragondins;603 Av. du Peuras, 38210 Tullins, France
La Villa d'Espagne;26 Av. Charles de Gaulle, 19000 Tulle, France
Centre Hospitalier de Tulle;3 Pl. du Dr Maschat, 19000 Tulle, France
Decathlon Essentiel Tulle;Centre Commercial Citea, 2 Quai Victor Continsouza, 19000 Tulle, France
Cloître de Tulle;Place Mgr Berteaud, 19000 Tulle, France
Office de Tourisme Contrées Vertes;14 Pl. Gambetta, 19000 Tulle, France
EHPAD Les Fontaines;Rue du Grand Soleil, 19000 Tulle, France
L'alterNaTIF by Nanou - Nanou Coiffure;114 Av. Victor Hugo, 19000 Tulle, France
Salle polyvalente;Route d'Ozillac, 17130 Tugéras-Saint-Maurice, France
Auberge de l'Abbaye;4 Pl. du Général Leclerc, 72160 Tuffé Val de la Chéronne, France
Plan d'eau de Tuffé;Base de loisirs, 72160, France
Abbaye de Tuffé;2 Allée Sylvia Jakubowicz, 72160 Tuffé Val de la Chéronne, France
Piscine à Tuchan;10 Rue de la Piscine, 11350 Tuchan, France
Parc des Six;62520 Le Touquet-Paris-Plage, France
Le Lointain;10 Rue Omar Antoy, Mtsamboro 97630, Mayotte
Le Diwan;59 Route de Coconi, Tsingoni 97680, Mayotte
Institut de beauté So Wellness;2 ruelle dojo 97680 mroale, Tsingoni 97680, Mayotte
Suha & Spa Institut;7, 97680 ALLEE Bacoco Mtoro, Tsingoni 97680, Mayotte
Cascade de Soulou;64C2+2WC, ??????? 97680, Mayotte
Plage de Zidakani;637W+5MM, Tsingoni 97680, Mayotte
Lac karihani;643C+9F, Tsingoni 97680, Mayotte
Mayotte Piscine;Résidence JUWA I Zac du Soleil Levant, Les Hauts Vallons, Koungou 97600, Mayotte
May Wild Paintball;Tsingoni 97680, Mayotte
Terre de Bien Etre;56 Rue de la République, 61160 Trun, France
Parc éco-pédagogique;Rue Godofredo Perez, 67370 Truchtersheim, France
Voyage des Sens;1 Rue Pasteur, 18570 Trouy, France
Centre de Loisirs;1 All. des Anémones, 18570 Trouy, France
Plan d'eau;Le Coin, 03240 Tronget, France
Decathlon Grenoble La Tronche;5 Av. du Grand Sablon, 38700 La Tronche, France
Piscine Les Ondines;2 Rue Pasteur, 38700 La Tronche, France
Logis Hotel et Restaurant le Relais de la Voie Sacrée;1 Rue de la Voie Sacrée, 55220 Les Trois-Domaines, France
Songe Spa Nature – WOOD Hotel & Spa;11 chemin de la Poudrie?re, Les Trois-Bassins 97426, La Réunion
Le Grand Natte – Restaurant WOOD Hotel & Spa;11 chemin de la Poudrie?re, Les Trois-Bassins 97426, La Réunion
Base de loisirs Les 3 Lacs (05) Hautes-Alpes;L'Iscle des Plantiers, 05190 Rochebrune, France
Authentic Wake Park;L'iscle des plantiers base de loisirs des 3 Lacs, 05190 Rochebrune, France
Les Jardins du Grand Courtoiseau;Le grand Courtoiseau, 45220 Triguères, France
Maison de Santé de l'Estuaire;1 place des droits de l'Homme, 44570 Trignac, France
Les soins de Camargue - Institut & Centre de formation massage bien-être;L'ATELIER, 2 Bis Chem. des Gouillards, 78510 Triel-sur-Seine, France
SpaVana Salon de Coiffure et Spa Privatisé avec Massages de qualités ??;148 Rue Paul Doumer, 78510 Triel-sur-Seine, France
Harmonia bien-etre;56 Sent. des Châtelets, 78510 Triel-sur-Seine, France
Zalôna;39 sente des, Sent. des Châtelets, 78510 Triel-sur-Seine, France
ÔSENS K;4 All. des Ifs, 78510 Triel-sur-Seine, France
Sorelle beauty 78;61 Rue de Sablonville, 78510 Triel-sur-Seine, France
Beauty Maria78;10 Rue de la Station, 78510 Triel-sur-Seine, France
SANGAÏA;22 Pl. de la Mairie, 65220 Trie-sur-Baïse, France
Spot On Centre De Bien-Être;8 Pl. de la Mairie, 65220 Trie-sur-Baïse, France
Office de Tourisme du Pays de Trie et du Magnoac;31 Pl. de la Mairie, 65220 Trie-sur-Baïse, France
Hôtellerie du Domaine Sainte Marguerite;sur-Trie, 1 Rue de Villers, 60590 Trie-Château, France
Parc trie château;59 Rue Nationale, 60590 Trie-Château, France
Decathlon Essentiel Trie-Château;Zone Commerciale Saint Jacques, Rue Nationale, Les Mazurieux, 60590 Trie-Château, France
Parc Zoologique et Végetal de Trégomeur;1 Moulin de Richard, 22590 Trégomeur, France
Centre de découverte du son;Kerouspic, 22140 Cavan, France
Le domaine du Ty-Rex;2 Le Chesnay, 22150 Plœuc-L'Hermitage, France
Base de loisirs de Bétineuc;1 D78, 22630 Saint-André-des-Eaux, France
Institut de beauté & Spa Naturelle;19 Rte de Puyloubier, 13530 Trets, France
HARMONIE DES SENS;3089 Route de St Maximin, 13530 Trets, France
MBES Massages;416 Av. Marx Dormoy, 13530 Trets, France
JBeauty Institut;Z.A. La Burlière, 13530 Trets, France
Ermitage Saint-Jean-du-Puy;13530 Trets, France
Office de Tourisme Trets;Bd Etienne Boyer, 13530 Trets, France
Bricomarché Trets;2 ZA la Burlière, 13530 Trets, France
Magali Prevot;50 Rue des Écoles, 03220 Treteau, France
Massages du Monde;2 Rue de Chambéry, 73100 Aix-les-Bains, France
MAS NATURA;31 Rue des Vendanges, 66300 Banyuls-dels-Aspres, France
Lina D esthétique & ongles - soins visage et bien-être;20 rue du Muscat, 66300 Tresserre, France
Les activités nautiques avec SPOTYRIDE;Cap Oméga, Rdpt Benjamin Franklin CS 39521, 34000 Montpellier, France
Le Zazen;241 Rue des Esquirades, 30330 Tresques, France
Phare du Tréport;76470 Le Tréport, France
Office de Tourisme Destination Le Tréport-Mers Tréport Plaisance;Quai Sadi Carnot, 76470 Le Tréport, France
L'Aquashow;3 Rue du Goyen, 29770 Audierne, France
Office de Tourisme des Bastides Dordogne-Périgord - Bureau d'Information Touristique de Trémolat;Le Bourg, 24510 Trémolat, France
Kastell Ô fil de l'eau - Love room & Suites romantiques en Bretagne;32 Rue Brémond d'Ars, 29300 Quimperlé, France
Parc du Tremblay;11 Bd des Alliés, 94500 Champigny-sur-Marne, France
Parc de Tremblay;XH3F+42, 93290 Tremblay-en-France, France
Laetitia Morin - Parenthèse Bien Être;30 Rue de la Sablière, 17390 La Tremblade, France
L'eden;39 Av. de la Chaumière, 17390 La Tremblade, France
Oasalis - NOUVEAU Parc Accrobranche à La Tremblade;rue du bois de la pesse, 17390 La Tremblade, France
Youpiland;Bd de la Plage, 17570 Les Mathes, France
Chasse Aux Trésors;Av. de la Côté de Beauté, 17390 La Tremblade, France
VB Loisirs;Bd de la Plage, 17570 Palmyre (La), France
Base de loisirs du Kreiz Breizh;Pen Ar C'hoat, 22110 Trémargat, France
Decathlon Perigueux Boulazac;Zone d activites du Ponteix, 2 ZA du Ponteix, 24750 Boulazac Isle Manoire, France
Le Petit CarusO;Pl. de la résistance, 24750 Trélissac, France
Centre de soins médicaux et de réadaptation - Saint-Claude (Groupe VYV);45 Rue de la Foucaudière, 49800 Trélazé, France
Clinique saint Joseph;51 Rue de la Foucaudière, 49800 Trélazé, France
Decathlon Angers - Les Ponts De Cé;Zac du, Av. du Moulin Marcille, 49130 Les Ponts-de-Cé, France
Parc du Vissoir;20 Rue du Poirier, 49800 Trélazé, France
Parc des Ardoisières;94 Rue Edouard Vaillant, 49800 Trélazé, France
Lac des Bariousses;34 Rte de Guéret, 19260 Treignac, France
Office de Tourisme Terres de Corrèze - Treignac;1 Pl. de la République, 19260 Treignac, France
Station Sports Nature Vézère-Monédières - Bureaux administratifs;1 Pl. de la République, 19260 Treignac, France
Office de tourisme de Tréhorenteuc - Ploërmel Communauté;1 Place Abbé Gillard, 56430 Tréhorenteuc, France
Plage de la Baleine;29910 Trégunc, France
Institut de beauté Tout En Douceur;15 Rue de Concarneau, 29910 Trégunc, France
Ô Paradis;25 Hent ar Baradoz, 29910 Trégunc, France
Adrénature Parc Aventure - Accrobranche - Escape Game Outdoor - Snack - Melgven Finistère sud;Le Moulin du Cosquer, lieu dit, 29140 Melgven, France
Passage Bleu Trégueux (St Brieuc);Proche Conforama et Centrakor, 30 Rue Marc Seguin, 22950 Trégueux, France
Decathlon Saint Brieuc Tregueux;1 Rue Claude Sautet, 22950 Trégueux, France
Bricomarché Trégueux;9 Rue Jean Monnet, 22950 Trégueux, France
Plage de TREGUENNEC;29720 Tréguennec, France
APAA (Ouvert sur RDV uniquement);La garenne, 22420 Trégrom, France
TINY SPA 56;
Mira'Belle;2 Pl. de l'Église, 56250 Treffléan, France
La maison D.N coiffure et institut;2 Pl. de l'Église, 56250 Treffléan, France
Plage du Reun;29730 Treffiagat, France
Plage de Treffiagat;29730 Treffiagat, France
Le Menhir mouillé de Léhan;29730 Treffiagat, France
Centre de glisse Treffiagat - Rêves de mer;Rue des gravelots, 29730 Treffiagat, France
Parc de Treffendel;Le Gué Charet, 35380 Treffendel, France
Espace ayurveda massages Isabelle Henriot;5 an toul, Rte du Veuzit, 22310 Tréduder, France
Les falaises de Trédrez-Locquémeau;PC48+PP, Trédrez-Locquémeau, France
Le Village Gaulois - Parc de loisirs;Parc du Radôme, 22560 Pleumeur-Bodou, France
Centre Nautique Locquémeau;Rte du Port, 22300 Trédrez-Locquémeau, France
la Bambouseraie;22300 Trédrez-Locquémeau, France
Château de Trédion;1 Rue du Château, 56250 Trédion, France
Les Jardins de Kerdalo;Kerdalo, 22220 Trédarzec, France
L' Antre de l' Ange;24 Rue de Traou Meur, 22220 Trédarzec, France
Le gouffre de Plougrescant;VQ88+JR, 12 Hent Castel Meur, 22820 Plougrescant, France
Aire de jeux;22510 Trédaniel, France
Roseline Cornillet - Massage Bien être et soins énergétiques;6 La Buchère, 22510 Trébry, France
Office de Tourisme de Trébeurden;Pl. de Crec H Héry, 22560 Trébeurden, France
La Pointe du Castel;22560 Trébeurden, France
Evasion Indienne;23 Rue des Chardons, 22560 Pleumeur-Bodou, France
L'Île Milliau;Île Milliau, Trébeurden, France
Plage de Roc'h Ascoat;Rue de Roc H Ascoat, 22560 Trébeurden, France
Office de Tourisme Grand Carcassonne - Antenne Canal du Midi Trèbes;12 Av. Pierre Curie, 11800 Trèbes, France
Bricomarché Trèbes;Rte de Rustiques, 11800 Trèbes, France
Le Boat Trèbes;Port de Plaisance, 11800 Trèbes, France
Restaurant de l'Aude;17 bis Av. Pasteur, 11800 Trèbes, France
Argan massage;La Yourte du Geai bleu Ar Prat Bras, 22980 Trébédan, France
Café des Thermes;13 Rue de l'Hôtel de Ville, 81340 Trébas, France
Trébas Plage;81340 Trébas, France
L'Oasis parc enfants à Trébas - Tarn;les Bains FR, Rte de Requista, 81340 Trébas, France
Restaurant L'Oustal;Prade del Bourg, 81340 Trébas, France
Salle la Traubachoise;Rue des Sources, 68210 Traubach-le-Haut, France
Badeparadies Schwarzwald;Am Badeparadies 1, 79822 Titisee-Neustadt-Titisee, Allemagne
Hammam saphyr zakia;79 Rue Jean Jaurès, 78190 Trappes, France
Centre de Loisirs de Saint-Quentin-en-Yvelines;Montigny-le-Bretonneux, France
Au Paradis des Enfants;Île de loisirs, Rdpt Eric Tabarly, 78180, France
Jeux d'eau;Q2M6+M7 Parc des jeux, 78190 Trappes, France
Corsaire Aventure;Fort de, 35430 Saint-Père-Marc-en-Poulet, France
RécréNature - Base de loisirs en forêt de Villecartier;Moulin de la Forêt, 35560 Bazouges-la-Pérouse, France
Puits Aérien;Mnt de la Cotte, 83720 Trans-en-Provence, France
Decathlon Draguignan Trans En Provence;33 Rte du Plan, 83720 Trans-en-Provence, France
Boucle du Calant - Cascades de Trans;Pl. de la Victoire, 83720 Trans-en-Provence, France
Les Thermes;04000 Digne-les-Bains, France
Cap Fitness & Bien-être - La Tranche sur Mer;24 Rue du Perthuis Breton, 85360 La Tranche-sur-Mer, France
Office de Tourisme de la Tranche sur Mer;1A Rue Jules Ferry, 85360 La Tranche-sur-Mer, France
Salon de Coiffure L'ORIENTAL SPA;3 Av. de l'Atlantique, 85360 La Tranche-sur-Mer, France
WATERFUN;Av. Prte des Îles, 85360 La Tranche-sur-Mer, France
PITOU PARC;49 Rue du Colonel Rabier, 58200 Cosne-Cours-sur-Loire, France
Sources de la Touvre;Sources, 16600 Touvre, France
Luna Park D’Angoulême;Zac Des Montagnes Ouest, 16430 Champniers, France
Résidence Bon Accueil;Bon Accueil, Rue de l'Église, 44650 Touvois, France
Espace Ludique Col de Marcieu;Rte du Col de Marcieu, 38660 Plateau-des-Petites-Roches, France
Château du Touvet;All. du Château, 38660 Le Touvet, France
Parc de jeux Le Touvet;2 RN 90, 38660 Le Touvet, France
Carrière de Touverac;16360 Touvérac, France
Les Lacs Bleus de Touvérac;16360 Touvérac, France
Piscine à Baignes Sainte Radegonde;1 Rue des Tanneurs, 16360 Baignes-Sainte-Radegonde, France
Club Nautique de Toutainville;15 Rte des Étangs, 27500 Toutainville, France
Espace Naturel Sensible des Étangs;Rte des Étangs, 27500 Toutainville, France
Base Nautique et de Loisirs de Bédanne;5 Voie du Mesnil, 76410 Tourville-la-Rivière, France
Normandie Espace Piscine - Coutances;1365 Rue de la Montchatonnière, 50200 Tourville-sur-Sienne, France
COUTAINVILLE PLAISANCE;1365 Rue de la Montchatonnière, 50200 Tourville-sur-Sienne, France
Les 2 Ifs Espaces Verts;1 Miauterie, 76400 Tourville-les-Ifs, France
Decathlon Rouen Tourville La Rivière;ZAC du Clos aux Antes, 76410 Tourville-la-Rivière, France
Espace 360 Tourville;11 Rue Parc en Seine, 76410 Tourville-la-Rivière, France
GRAVITY PARC DES DÉFIS;735 A Rue aux Thuilliers, 76320 Saint-Pierre-lès-Elbeuf, France
Forêt de la Londe-Rouvray;6 Rue Pierre Semard, 76350 Oissel-sur-Seine, France
Musée des Gueules Rouges;Av. de la Libération, 83170 Tourves, France
Château de Valbelle - Tourves;743 Les Vacheries, 83170 Tourves, France
Gorges du Caramy;Le Grès, 83170 Tourves, France
Parc du Château de Valbelle - Tourves;4 Rue de la Révolution, 83170 Tourves, France
Château Féodal de Sigournais;Rue du Donjon, 85110 Sigournais, France
Ti Kaz créole;5 Pl. Robert de Lépinay, 85110 Sigournais, France
Gites La Roussière;La Roussière, 85110 Sigournais, France
Restaurant La Morlière;La Morlière, 85110 Sigournais, France
Base de Loisirs de Touchegray;Touchegray, 85110 Chantonnay, France
SSR du Val D'Auge;All. de l'Isle, 14130 Pont-l'Évêque, France
head spa nature et sens;10 Rue du Long Clos, 14130 Pont-l'Évêque, France
Veille Maison;1 Rue d'Ecoivres, 62270 Nuncq-Hautecôte, France
Espace Spa des Trois Baudets Monchecourt;80 Rue Pierre Bochu, 59234 Monchecourt, France
Les lacs de la Germanette;Route de Sisteron, 05700 Serres, France
Piscine communale de l'Orient;Rue de l'Orient, 7500 Tournai, Belgique
La Fontaine Essentielle;7 Rue de Grez, 28170 Fontaine-les-Ribouts, France
Piscine Municipale;5 Rue du Marais, 62270 Frévent, France
Office de Tourisme du Pilat - Bureau de Bourg-Argental;7 Bd Henri Seneclauze, 42220 Bourg-Argental, France
Château de Bourg-Archambault (Vienne);86390 Bourg-Archambault, France
Base des Gorges de la Vire ( Pont Farcy );13 Rte de Tessy, 50420 Tessy-Bocage, France
UniversKids Rouvignies;100 Rue Pablo Picasso, 59220 Rouvignies, France
Caval' Kid Valenciennes;1 Rue des Vosges, 59300 Valenciennes, France
O'SPARE;830 Rue du Dr Duvrac, 27310 Bourg-Achard, France
TerrAltitude;77 Rue J Baptiste Clément, 08170 Fumay, France
Swimming water Signy le Petit.;Unnamed Road, 08380, Signy-le-Petit, France
Restaurant Chalet du Lac de Pont;16 Rue du Lac, 21140 Pont-et-Massène, France
Alliance Dijon Natation;Piscine de la, All. de Ribeauvillé, 21000 Dijon, France
Msp Signy l'Abbaye;48 Rue de Rethel, 08460 Signy-l'Abbaye, France
Piscine Intercommunale - Bourg;2 Quai des Chantiers, 33710 Bourg, France
Centre aquatique « Charleroi-les-Bains »;Av. des Muguets 16, 6001 Charleroi, Belgique
Le Chêne Perché;Domaine de la Vénerie, 08460 Signy-l'Abbaye, France
Le Musée de l'eau;Pl. du Breuil, 38680 Pont-en-Royans, France
La cascade monumentale;D518, 38680 Pont-en-Royans, France
Les maisons suspendues de Pont-en-Royans;15 Grande Rue, 38680 Pont-en-Royans, France
Marché du Bien-être Royans-Vercors;HLM le petit clos, batiment H, 38680 Pont-en-Royans, France
Bureau d'information touristique de Pont-en-Royans | Office de Tourisme Saint-Marcellin Vercors Isère;48 Grande Rue, 38680 Pont-en-Royans, France
Camping;38680 pont, France
Camping municipal Les Sereines;Unnamed Road, 38680 Pont-en-Royans, France
Sensitive;hlm le petit clos, bat.H, 38680 Pont-en-Royans, France
L'oiseau enchanté pont en royans;Rue du Merle, 38680 Pont-en-Royans, France
Camping Les Seraines;2 Les Seraines, 38680 Pont-en-Royans, France
Massage et Énergétique Céline Perrin;
Restaurant du Musée de l'eau;2 Pl. de Bassiano, 38680 Pont-en-Royans, France
Centre Hospitalier Spécialisé du Jura;38 Rue du Vieux Pont, 39300 Pont-du-Navoy, France
Cinderella Formation – Onglerie & Méthode Expert;10 Rue Roger Prat, 63430 Pont-du-Château, France
Castle Experience - La Moncelle;Route de Rubécourt, Haut Montvillers, 08140 Bazeilles, France
Chateau du Perron;5 Perron, 50490 Saint-Sauveur-Villages, France
Alligator Bay;62 Rte du Mont Saint-Michel, 50170 Beauvoir, France
Jardin du Moulin;Rue du Calvaire, 85130 Saint-Aubin-des-Ormeaux, France
Le Jardin de Mireille en Touraine Angevine;21 Rte de Meigne, 37330 Channay-sur-Lathan, France
Les Jardins de Wesserling;16 Rue de Ranspach, 68470 Husseren-Wesserling, France
Aquasud Differdange;1 Rue Jeannot Kremer, 4671 Oberkorn Differdange, Luxembourg
Le Moulin de la Baine;14 Rue Colbert, 17610 Chaniers, France
Plage de Chaniers;65 Rue Aliénor d'Aquitaine, 17610 Chaniers, France
Suong Bien Etre Institut-Agréé-menard;4 Chem. de la Barette, 17610 Chaniers, France
Château d'Hurigny;87 Rue des Verchères, 71870 Hurigny, France
Nat&a - Natea - base de sports et loisirs - évènementiels variés;2 Froumy, 33920 Saint-Savin, France
Iremia - Centre de soins;6 Rte de Beauronne, 24650 Chancelade, France
Parc Saint Aubin d'Aubigné;35250 Saint-Aubin-d'Aubigné, France
Fontaine Sainte Hune;9 Rue de la Fontaine, 68150 Hunawihr, France
Village de Hunawihr;Rue de l'Église, 68150 Hunawihr, France
Aquamundo Centerparcs Park De Haan;Zwarte Kiezel, 8421 De Haan, Belgique
Caves CATHELINEAU;24 Rue des Violettes, 37210 Chançay, France
centre CI ORTF;Les Pâtures, 37210 Chançay, France
Château de Valmer - Vins et Jardins;217 route du Château de Valmer, 37210 Chançay, France
Domaine Paris Père Et Fils;21 Rue des Violettes, 37210 Chançay, France
Office de Tourisme Aix les Bains Riviera des Alpes - Bureau de Chanaz;Place Antoine, Pl. Gianetto, 73310 Chanaz, France
MGEN Etablissement de suite et de réadaptation pour adolescents;7 Rue du Château, 01420 Chanay, France
Etablissement de santé pour adolescents de Chanay;7 Rue du Château, 01420 Chanay, France
Parc Saint Astier;24110 Saint-Astier, France
La Rémarde;55 Rue Charles de Gaulle, 78730 Saint-Arnoult-en-Yvelines, France
Restaurant Le 42;42 Rue Charles de Gaulle, 78730 Saint-Arnoult-en-Yvelines, France
Spa;Rue du Général Leclerc, 62410 Hulluch, France
Ehpad L'Huisserie - Korian Le Castelli;Rue des Lauriers, 53970 L'Huisserie, France
Office de Tourisme de Chamrousse - 1650;42 Pl. de Belledonne, 38410 Chamrousse, France
Relaxeau;4 Rue de Léchères, 89300 Chamvres, France
Les Bains de Chamrousse;
Étang du camping de la vallée;14800 Saint-Arnoult, France
Synergym;47 Rue des Perrières Zac, 41350 Saint-Gervais-la-Forêt, France
Office de Tourisme Alpe d'Huez;Alpe d, Pl. Joseph Paganon, 38750 Huez, France
La grotte de glace Alpe d'Huez;Unnamed Road, 38750 Huez, France
AgorAlp ( Palais des sports et des congrès);70 Av. de Brandes, 38750 Huez, France
Base Nautique Du Lac Du Verney;90 Chem. de Chambuisson, 38114 Allemond, France
Château de Serans;60 Grande Rue, 60240 Serans, France
Direct'Spa 06 : jacuzzis extérieurs et Spas Antibes Biot;ZA Saint-Pierre, 1050 Rte de la Mer, 06410 Biot, France
Base de loisirs & centre d'hébergement du Gué de Selle;Gué de Selle, 53600 Mézangers, France
Antibes Land Park;301 Rte de Biot, 06600 Antibes, France
Ninja Antibes;435 Av. du Pylône, 06600 Antibes, France
Domaine De Pierretaillade;75 Rte Côte de Pierretaillade, 19500 Meyssac, France
Institut Douceur et Bien Etre;1 Pass. Lino Ventura, 49620 Mauges-sur-Loire, France
Auprès du Clocher;1 Rue de Nackenheim, 21630 Pommard, France
Le Saint François;2 Rue Marey Monge, 21630 Pommard, France
Office de tourisme de Meyrueis - Gorges de la Jonte;4 Pl. Sully, 48150 Meyrueis, France
Les Arts du Vide - Activités en pleine nature;3 Rue de l'Horloge, 48150 Meyrueis, France
Parc du Waterlin;4 Rue du Waterlin, 59550 Le Favril, France
Lengrand Michel;4 Rue du Waterlin, 59550 Le Favril, France
Anabaa Spa;4 Rue Pierre de Coubertin, 22520 BINIC, France
Office de tourisme Binic-Etables sur Mer;6 Pl. le Pommelec, 22520 Binic-Étables-sur-Mer, France
Hermine;11 Pl. de l' Eglise Notre Dame - ESM, 22680 Binic-Étables-sur-Mer, France
Plage du Corps de Garde;Rue du Corps de Garde, 22520 Binic-Étables-sur-Mer, France
Phare de Binic;Unnamed Road, France
Cristallys;36 Rue du Ctre, 40360 Pomarez, France
Base de Loisirs Intercommunale Favières;Lieu Dit Valon de Jolive, 54115 Favières, France
La Terrasse des Thermes;140 Ronde du Parc, 07380 Neyrac-les-bains, France
Piscine René Seydoux;350 Rte de Sernhac, 30840 Meynes, France
You Fun;À l’angle du chemin rural, 23 rue Carpe Diem, Creu Blanca ZAC, 66450 Pollestres, France
Royal Kids Pollestres;ZAC, Creu Blanca, 66450 Pollestres, France
Thermes antiques de Faverges;432 Rte d'Albertville, 74210 Faverges-Seythenex, France
Château de Faverges;293 Chem. de la Vie Plaine, 74210 Faverges-Seythenex, France
Office de Tourisme Sources du lac d'Annecy - Faverges;Pl. Marcel Piquand, 74210 Faverges-Seythenex, France
Parc Simon Berger;74210 Faverges-Seythenex, France
Centre de santé Filieris;8 Rue du Dr Lourties, 62420 Billy-Montigny, France
roomantic spa;
Centre Hospitalier C.J.RUIVET;13 Avenue Dr Boyer, 01800 Meximieux, France
Dorothée Henigfeld /Drainage Lymphatique / Belly Revolution/ conseillère en nutrition certifiée / soin visage;7 Rue de Surin, 01800 Meximieux, France
Caroline Nerani - Drainage Lymphatique/Belly Révolution+ Formation/ Skintao Meximieux;5 BIS Rue Boisset, 01800 Meximieux, France
Hôpital Local De Meximieux;13 Avenue Dr Boyer, 01800 Meximieux, France
Bricomarché Meximieux;Rte de Chalamont, 01800 Meximieux, France
Etang de Pêche Du Moulin Bleu;400 Rue du Moulin, 62370 Polincove, France
Parc Walon.Fr;5518F Rue du Bois Barbier, 60880 Le Meux, France
PLANÉT'AIR/PLANÉT'AU DÎNER;60 All. du Camping d'Audinet, 43700 Brives-Charensac, France
L'Institut;2 Rue de l'Église, 91570 Bièvres, France
Pointe d'Arçay - La Rade d'Amour;85460 L'Aiguillon-la-Presqu'île, France
Loisirs Océan;1 Bd de la Forêt, 85460 L'Aiguillon-la-Presqu'île, France
Parc Lympstone;14112 Biéville-Beuville, France
Cercle Nautique de Poissy;1 Av. de l'Île de Migneaux, 78300 Poissy, France
Château parc de Meung-sur-Loire;16 Pl. du Martroi, 45130 Meung-sur-Loire, France
Office de Tourisme des Terres du Val de Loire - Bureau de Meung-sur-Loire;1 Rue Emmanuel Troulet, 45130 Meung-sur-Loire, France
J-Park Aventures;Lieu dit Les Coutures, 45130 Baule, France
Toboggan;10 Rue du Chemin Poudreux, 45130 Meung-sur-Loire, France
Océanopolis;9HQ7+X7, Port de Plaisance du Moulin Blanc, 29200 Brest, France
Océarium du Croisic;Av. de Saint-Goustan, 44490 Le Croisic, France
Viessmann Climate Solutions - Siège social France et agence Lorraine;Av. André Gouy, 57380 Faulquemont, France
Parc à meulan;78250 Meulan-en-Yvelines, France
Auxois Morvan Aventure;Rte Royale, 21390 Le Val-Larrey, France
Massage 4 temps;8 Rue de l'Avenir, 92360 Meudon, France
Gites de la Vie;La Tailleferrière, 85170 Le Poiré-sur-Vie, France
Communauté de communes Vie et Boulogne;Z.A. de, La Gendronnière, 24 Rue des Landes, 85170 Le Poiré-sur-Vie, France
Parc du Moulin à Elise;Ruth, Le, Le Poiré-sur-Vie, France
o bien être d'olivier;9 Rte de Valentine, 31210 Pointis-de-Rivière, France
GADAWI PARK;All. Roger Lecotte, 37100 Tours, France
Gadawi Park Sud;Av. du Lac, 37300 Joué-lès-Tours, France
Parc Aquacole;Rte de Petite Plaine, Pointe-Noire 97116, Guadeloupe
Pointe-à-Pitre Tourisme;6FP6+RXC, Pointe-à-Pitre 97110, Guadeloupe
Restaurant del faou;410 Rte del Faou, 48130 Peyre en Aubrac, France
AT Ressources Association;
cascade du fau;15140 Le Fau, France
Canyon de Biederthal;68480 Biederthal, France
Métabief Aventures;2 Chemin du Centre Équestre, 25370 Métabief, France
Office de Tourisme de Métabief;6 Pl. Xavier Authier, 25370 Métabief, France
La Taverne Comtoise;22 Rue du Village, 25370 Métabief, France
ESF METABIEF;6 Pl. Xavier Authier, 25370 Métabief, France
Luge sur rails : la luge des Cimes;8 Pl. Xavier Authier, 25370 Métabief, France
Parc Aventure Malbuisson;Route du Fort Saint Antoine, 25160 Malbuisson, France
L'Essentiel;Le, 65 Rue de la Charbonnière, 36330 Le Poinçonnet, France
Cindy Lefebvre Cocon de bien-être;All. de la Brande, 36330 Le Poinçonnet, France
Aux Petits Soins 36 (Institut et Boutique);76 Av. de la Forêt, 36330 Le Poinçonnet, France
ChâteauKids;19 All. du Forum, 36330 Le Poinçonnet, France
Piscine Firmin Batisse;2 All. Louis de Frontenac, 36000 Châteauroux, France
Ecopark Adventures La Castille | Accrobranche 83;RD554, Rte de la Crau, 83210 Solliès-Ville, France
L'Oliveraie de La Farlède;1299-1125, Rue du Partégal, 83210 La Farlède, France
Ranch U Tragulinu;D80, 20253 Farinole, France
Les Jardins du Zen;Rue Eskola, 64210 Bidart, France
Spa Imperial - Hotel du Palais part of The Unbound Collection by Hyatt;1 Av. de l'Impératrice, 64200 Biarritz, France
Sundance Spas;Parking Jardiland, 810 Av. Source Royale, 64210 Bidart, France
Centre de jeûne ilurria Pays Basque;689 Ibarreko Bidea, 64240 Macaye, France
Parc Aventure Pays Basque - Les Rochers du Baztan;Pont d'Enfer, Route Zaldain, 64780 Bidarray, France
Canyoning Pays Basque;Route de Bayonne, 64780 Bidarray, France
Esku massage (La clé des cinq sens);Au-dessus du p'tit B entrée à l'arrière de la boulangerie, Pl. du Foirail, 64520 Bidache, France
Les Terrasses de Beausejour;92 Av. de l'Entre-Deux Mers, 33370 Fargues-Saint-Hilaire, France
Domaine de la Frayse - UFCV;48 Av. de Lignan, 33370 Fargues-Saint-Hilaire, France
EHPAD Résidence du Clos Lafitte;20 Rte de Maison Rouge, 33370 Fargues-Saint-Hilaire, France
Piscine à Bidache;4 All. du Parc des Sports, 64520 Bidache, France
Mystic Woods Park;Garbay, D125e3, 33210 Fargues, France
Spadium Langon Complexe Aquatique des Deux Mers;Plaine des Sport durros, Rue Jules Ferry, 33210 Langon, France
La Grange De La Batone;196 Chem. de la Saône, 01480 Messimy-sur-Saône, France
Le Domaine des Biches;9 Imp. Courquin, 62142 Longueville, France
E-Sens-Ciel Bien-être;10 Rue Froide, 69510 Messimy, France
AZUREA PISCINE;ZA parc du chazeau, 1 allée du chazeau, Les pierres Sauvages, 69510 Messimy, France
Refuge de Jouvence;Rue du Val Suzon, 21380 Messigny-et-Vantoux, France
Piscines Desjoyaux Messia Sur Sorne;51 rue Emmanuel Vauchez Lons Le Saunier, 39570 Messia-sur-Sorne, France
Rochers d'Angennes;78125 Poigny-la-Forêt, France
Green Folies Rambolitaine;63 Rte de Saint-Léger, 78125 Poigny-la-Forêt, France
Parc du château de Fléchères;130 All. de Flecheres, 01480 Fareins, France
Parc du Château Bouchet;52 Chem. du Payard, 01480 Fareins, France
Piscine intercommunale (Cauvaldor);Rue Léo Lagrange, 46130 Biars-sur-Cère, France
Studio L;90 Av. de la République, 46130 Biars-sur-Cère, France
B'Fun Park;61 Av. Saint-Jean, 57450 Farébersviller, France
Institut Une histoire vraie;18 Cr Aristide Briand, 13580 La Fare-les-Oliviers, France
La douceur d’Héloïse;20 Av. Louis Pasteur, 13580 La Fare-les-Oliviers, France
Vi'Essentielle;Centre médical, 1 Trav. Mercure, 13580 La Fare-les-Oliviers, France
centre medical traverse mercure;centre medical traverse mercure quartiers, 13580 La Fare-les-Oliviers, France
Lac Messein;Rue des Étangs, 54850 Messein, France
Office de Tourisme du Champsaur Valgaudemar;11 Rte de Grenoble, 05500 La Fare-en-Champsaur, France
Aquarium de Biarritz;Esplanade du, Rocher de la Vierge, 64200 Biarritz, France
Parc Mazon;Av. Maréchal Joffre, 64200 Biarritz, France
L'Univers de la piscine des Pyrenées Atlantiques;57 Av. du Maréchal Juin, 64200 Biarritz, France
SPA de Dole et sa région;Rue de Sampans, 39290 Biarne, France
CENTRE KOEL Poitiers - Epilation Laser - Cryolipolyse Soin Visage Détatouage;11 Rue Raymond Collart, 86580 Biard, France
Office de tourisme Vallons en Bretagne - Bureau de Guipry-Messac;8 Sq. de la Liberté, 35480 Guipry-Messac, France
Centre Hospitalier du Faouët - Groupe Hospitalier Bretagne Sud - Le Faouët;36 Rue des Bergères, 56320 Le Faouët, France
Office de Tourisme du Pays du roi Morvan;3 Rue des Cendres, 56320 Le Faouët, France
HOPITAL;56320 Le Faouët, France
piscine del'o;264 Av. de Bretagne (RD52B), 44420 Mesquer, France
PIRIAC AVENTURE Accrobranches Piriac sur Mer;2057 Rte de Mesquer, 44420 Piriac-sur-Mer, France
Piscine municipale de Lescar;Rue du Lieutenant de Vaisseau Garnuchot, 64230 Lescar, France
Les Mains D'orient;23 Rue de Lorraine, 57290 Fameck, France
Château des Hospitaliers;26160 Le Poët-Laval, France
Musée du Protestantisme Dauphinois;25 Rue de l'Ancien Temple, 26160 Le Poët-Laval, France
Restaurant Le Poet Laval;180 Rue Etienne Gougne, 26160 Le Poët-Laval, France
Parking;Les Côtes, 26160 Le Poët-Laval, France
Mas des Vignaux;65 Les Vignaux, 26160 Le Poët-Laval, France
Montfort Aquatique;9 Rue de la Moutière, 78490 Montfort-l'Amaury, France
Domaine du Poët-Célard - Mariage & Séminaire;121 Notre Dame, 26460 Le Poët-Célard, France
Base de loisirs de L'Iton;Damville wakepark, 27240 Rte de Saint-André, 27240 Mesnils-sur-Iton, France
Damville wakepark;27240 Rte de Saint-André, 27240 Mesnils-sur-Iton, France
Centre de Soins et Maison de Retraite de Podensac;5 All. Georges Montel, 33720 Podensac, France
ESPASS de Podensac;5 All. Georges Montel, 33720 Podensac, France
Château Chavat;33720 Podensac, France
Parc Chavat;2 Rue Pierre Vincent, 33720 Podensac, France
Interview Coiffure - Podensac;RN 113, 33720 Podensac, France
Château de Pocé-sur-Cisse;11 Rte de Saint-Ouen les Vignes, 37530 Pocé-sur-Cisse, France
Relax'sens;18 Rte de Saint-Ouen les Vignes, 37530 Pocé-sur-Cisse, France
Parc du Château de Pocé;Le Château de Pocé, 37530 Pocé-sur-Cisse, France
Bricomarché Pocé-Sur-Cisse;La Ramée, 37530 Pocé-sur-Cisse, France
A la Source d'Eden;25 Rue Saint-Martin, 01300 Belley, France
PARC DE LA ZONE DE LOISIRS DE FALLERON;21 Rue du Stade, 85670 Falleron, France
Un Temps Pour Soi;4 Pl. Mainlievre, 56330 Pluvigner, France
Piscine Intercommunale;Pl. du Champ de Foire, 56150 Baud, France
Fédération Départementale des Chasseurs de Seine-Maritime;Maison de la chasse et de la nature, Route de l'Etang, 76890 Belleville-en-Caux, France
Le Break - Les Menuires;964 Av. de la Croisette, 73440 Menuires (Les, France
Le Board - Val Thorens - Sport&Wellness Les Belleville;Val Thorens, 65 Pl. des Arolles, 73440 Les Belleville, France
Divineo Spa et Beauté;121 Rue de la République, 69220 Belleville, France
CRYO SOINS ET BIEN-ETRE;28 ter Rte nationale 6, 69220 Belleville-en-Beaujolais, France
Beaujolais Bien-être;35 Rue du Parc Saint-Jean, 69220 Belleville-en-Beaujolais, France
Bricomarché Belleville;Rue des Prés de la Cloche, 69220 Belleville, France
Maison de site du Pas de Peyrol - Puy Mary;D17, 15380 Le Falgoux, France
Station de Ski de Fond;La Tuile, 15380 Le Falgoux, France
Sa Relax Institut;10 Rue Eugène Aimé Salon, 51190 Le Mesnil-sur-Oger, France
La Gare;3 Pl. de la Gare, 51190 Le Mesnil-sur-Oger, France
Parc De La Sauvagère;85170 Bellevigny, France
Parc Des Chaumes;16 Rte de Nantes, 85170 Bellevigny, France
Piscine Le Cap;Imp. des Olympiades, 85000 La Roche-sur-Yon, France
Promenet Piscine;Rue De La Gare Zone Artisanale De La Gare, 85170, France
Lac de la Forêt d'Orient;12 Rue du Lac, 10140 Mesnil-Saint-Père, France
Arboretum du Mesnil-sur-Oger;51190 Le Mesnil-sur-Oger, France
Parc;3a Rue de Montangue, 22240 Plurien, France
Parc Émeraude;Les Hazaies, 22240 Plurien, France
Kerveda;5 Imp. de Lanriacq, 56400 Pluneret, France
Office de Tourisme Falaise - Suisse Normande;5 Pl. Guillaume le Conquérant, 14700 Falaise, France
Fontaine d'Arlette;Rue de la Roche, 14700 Falaise, France
Bricomarché Falaise;Bd du Pays de Falaise, 14700 Falaise, France
Base de Loisirs Jumièges - Le Mesnil;4 Rte du Manoir, 76480 Le Mesnil-sous-Jumièges, France
Pôle Eau - Activités loisirs de la Base de Jumièges - Le Mesnil;4 Rte du Manoir, 76480 Le Mesnil-sous-Jumièges, France
Pôle Terre - Activités loisirs de la Base de Jumièges - Le Mesnil;4 Rte du Manoir, 76480 Le Mesnil-sous-Jumièges, France
Pisciculture de la Fajolle;Le Pré de, Fajolle (La, 11140 La Fajolle, France
Les Bleuets;10 Rue des Palmiers, 56500 Plumelin, France
Maison du Piage;Bourg, chemin de cazoulès, 46300 Fajoles, France
Vallée du Blavet Tourisme;5 Prom. des Estivants, 56930 Pluméliau, France
EHPAD – Au Fil du Temps;34 Rue Théodore Botrel, 56930 Pluméliau-Bieuzy, France
Circuit de Callac;1 Le Moulin de Callac, 56420 Plumelec, France
Decathlon Vichy Bellerive Sur Allier;Rte de Charmeil, 03700 Bellerive-sur-Allier, France
Saint Quentin - Mesnil Sports Club;3 Rue du Chêne Cambrie, 02720 Mesnil-Saint-Laurent, France
Bricomarché Bar-Le-Duc;40 Rue de Bar, 55000 Fains-Véel, France
Gymnase Intercommunal de Mesnil-Saint-Denis;6 Av. de Breteuil, 78320 Le Mesnil-Saint-Denis, France
La Passerelle aux Rêves SARL;Le Bois Bras, 22380 Saint-Cast-le-Guildo, France
Natation Pluduno - Aquagym & Cours de natation;3 Rue de Guebriand, 22130 Val-d'Arguenon, France
Plage de Gored;29710 Plozévet, France
Plage du Menhir;1 Tal Ar Menhir, 29710 Plozévet, France
Menhir des Droits de l'Homme;Kerrest, 29710 Plozévet, France
Proxi Confort - Electro Thermie;74 rue de quimper, Ménez Kerguélen, 29710 Plozévet, France
Office de Tourisme de Plozévet / Destination Pays bigouden;13 Rue du Ctre, 29710 Plozévet, France
Association Chalonnaise Protection Animaux;Chem. du Platier, 51510 Fagnières, France
Decathlon Châlons - Fagnières;Route D'Epernay - Centre commercial Leclerc, Rte d'Epernay, 51510 Fagnières, France
Plage de Trégana;Unnamed Road, 29280, Locmaria-Plouzané, France
Soins énergétiques et magnétisme – La Lumière de Miralyss;525 Rue des Macareux, 29280 Plouzané, France
Anthéna;Rue Angela Duval, 29280 Plouzané, France
Parc de l'Arc'hantel;9 Rue Commandant Maurice Challe, 29200 Brest, France
Lac des Moulins (Bellegarde);Chem. du Coste Canet, 30127 Bellegarde, France
Plan d'eau;29420 Rue du Plan d'Eau, 29420 Plouvorn, France
Résidence St Roch;6993J Pl. du 18 Juin, 29420 Plouvorn, France
Gîte Happy Cure;366 Rte des Terreaux, 38270 Bellegarde-Poussieu, France
Aire de Camping-cars de Lanorgant;29420 Rue du Plan d'Eau, 29420 Plouvorn, France
Gliss'Land;Lac des Settons,les branlasses, rive droite, 58230 les settons, France
Hisse et Ho!;fléchage au bourg, 20 Rue du Rocher, 22170 Plélo, France
Parc Enfant;10 Rés Clos de la Salle, 78600 Le Mesnil-le-Roi, France
Parc des berges du Mesnil;2 Rue du Port, 78600 Le Mesnil-le-Roi, France
Parc Jean Jaurès;6 Rue Jean Jaurès, 78600 Le Mesnil-le-Roi, France
Ezylake - Domaine Nautique;Rue Pierre Mendès France, 27530 Ézy-sur-Eure, France
La Barbe de Léon;88 Rue Aristide Briand, 27530 Ézy-sur-Eure, France
Centre Nautique de Landunvez;Rte de la Cale, 29840 Landunvez, France
Ludo parc;92 Imp. des Dauphins, 30127 Bellegarde, France
Rolland;12 Chem. du Moulin Rolland, 22410 Plourhan, France
Étang de Plouray;Unnamed Road, 56770 Plouray, France
Le Jardin Exotique;20 Rue du Château, 06360 Èze, France
Plan d'eau Er Lann Vras;Unnamed Road, 56770 Plouray, France
Salle des fêtes Mesnil Herman;1 Le Manoir, 50750 Bourgvallées, France
La Cocotte d'Eyzin;1 Le Village, 38780 Eyzin-Pinet, France
Grotte du Grand Roc;D47 Rte de Périgueux, 24620 Les Eyzies, France
Grotte de Font-de-Gaume;1-4 Av. des Grottes, 24620 Les Eyzies, France
Grottes du Roc de Cazelle;Rte de Sarlat, 24620 Les Eyzies, France
Château de Commarque;Route du Château de Commarque, 24620 Les Eyzies, France
Office de Tourisme Lascaux-Dordogne - Bureau des Eyzies;19 Av. de la Préhistoire, 24260 Les Eyzies, France
Aquarium Périgord Noir;99 All. Paul-Jean Souriau, 24260 Le Bugue, France
Château de Belcastel;Belcastel, 12390 Belcastel, France
Piscine Municipale;Le Village, 26160 Eyzahut, France
Village médiéval de Belcastel;12390 Belcastel, France
Gîtes Les Hauts de Belcastel;Cadravals, 12390 Belcastel, France
Camping municipal de Belcastel;12390 Belcastel, France
Office de tourisme de Belcastel;107 route des Berges de l'Aveyron, 12390 Belcastel, France
Lac de Belcaire;11340 Belcaire, France
Sentier du Pic des Rives;Lac de Belcaire, 11340 Belcaire, France
Centre de glisse de Plounéour-Brignogan-Plages - Rêves de Mer;Rte de Menhir, 29890 Plounéour-Brignogan-plages, France
Plage;Le Phare, 29890 Plounéour-Brignogan-plages, France
Rêves de Mer - Maison de la Baie - Plounéour-Trez;3 Rue Saint-Pierre, 29890 Plounéour-Brignogan-plages, France
Site de Meneham;853 route de Meneham, 29890 Kerlouan, France
Phare De Pontusval;2 Le Phare, 29890 Plounéour-Brignogan-plages, France
Piscine du Pinsan;Dom. du pinsan, 33320 Eysines, France
SWIM IN THE CITY EYSINES;309 B Av. du Médoc, 33320 Eysines, France
Nouveau stade nautique;60 Av. du Truc, 33700 Mérignac, France
Spadium Brignogan Plages;Poulpry, 29890 Plounéour-Brignogan-plages, France
Centre Nautique;3 Rte de Menhir, 29890 Plounéour-Brignogan-plages, France
Plage de pontusval;Rte du Phare, 29890 Plounéour-Brignogan-plages, France
Voyages Sur La Peau;18 Rue Jean Jaurès, 22970 Ploumagoar, France
Anma Facialiste;10 Rue de Roglazou, 22970 Ploumagoar, France
EHPAD Résidence Ti An Heol - Groupe VYV;Rue Kergillouard, 22970 Ploumagoar, France
Le Moulin à Fouler;6 Rue du Moulin À Fouler, 22970 Ploumagoar, France
Plage Bélarga;1 Chem. du Champ du Four, 34230 Bélarga, France
OHANA - Esthétique & Spa;ZA de Bel Air Sud, Bel Air, 22300 Ploulec'h, France
baignade de belabre;2 Rue Jean Jacques Rousseau, 36370 Bélâbre, France
Bambous en Provence;2388 Cd 29 Route de Graveson petit mas de l'hermite, 13630 Eyragues, France
Piscine Hélioséane by Spadium;250 Rte du Complexe Sportif Joseph Urien, 29610 Plouigneau, France
Thermes du Hogolo;974 Rte de la Corniche, 22310 Plestin-les-Grèves, France
Maison de la Vallée d'Eyne;1 Av. Avinguda de Cerdanya, 66800 Eyne, France
Centrale solaire de Llo;61 VC Carretera d'Eina, 66800 Llo, France
Dolmen d'Els Pascarets;66800 Eyne, France
La Table de La Butte;12 Rue de la Mer, 29260 Plouider, France
Centre de santé intercommunal des Portes de Vassivière;2 Chem. de la Côte de Château, 87120 Eymoutiers, France
Office de Tourisme des Portes de Vassivière;17 Av. de la Paix, 87120 Eymoutiers, France
Parc du Pré Lanaud;Chem. du Pré Lanaut, 87120 Eymoutiers, France
Étang des Esservolles;21310 Beire-le-Châtel, France
Pôle Relaxation AR RUSKENN;ZA du Bisconte, 56680 Plouhinec, France
Centre Pluridisciplinaire de Santé Intégrative Ar Ruskenn;ZA du Bisconte, 56680 Plouhinec, France
LE BATEAU PIRATE;Lande du Pont du Chat, Nestadio, 56680 Plouhinec, France
Plage du Mentor;Plouharnel, France
Parking Plage de la Guérite;56340 Plouharnel, France
Office de tourisme de Plouharnel;Rdpt de l'Océan, 56340 Plouharnel, France
Forêt Adrénaline Carnac - Parc accrobranche & Multi-loisirs;Fontainebleau, 56340 Carnac, France
Gyroparc;2 Rte du Hahon, 56340 Plouharnel, France
Piscine Goëlys;Rue Pierre de Coubertin, 22520 Binic-Étables-sur-Mer, France
Château d'Eymet;16 Av. de la Bastide, 24500 Eymet, France
Kersyal;Kerfolic, 22220 Minihy-Tréguier, France
Les Yourtes d'Hôtes;6 bis Imp. Poul Bissi, 22220 Plouguiel, France
Base de loisirs Saint-Malo de Beignon;56140 Saint-Malo-de-Beignon, France
Centre Hospitalier Spécialisé CHS;2 Rte de Rostrenen, 22110 Plouguernével, France
LA MAISON DIOCESAINE DE BÉHUARD;1 Rue Notre Dame, 49170 Béhuard, France
La Douceur Angevine - Visites Guidées à Béhuard;2 Chem. des Vergers, 49170 Béhuard, France
Spa l'Evasion et gîte;102 Kelerven, 29880 Plouguerneau, France
Phares de l'Île Vierge;L'Île Vierge, 29880 Plouguerneau, France
YOUPIILAND;Rue du Bourg, 50110 Le Mesnil-au-Val, France
Ecopark Adventures Forbach | Accrobranche 57;15 Rue du Parc, 57600 Forbach, France
Parc Almet;57460 Behren-lès-Forbach, France
Aqualud;Bd des Ginestes, 13118 Istres, France
Centre Nautique Municipal;Rue Pierre de Coubertin, 13300 Salon-de-Provence, France
Piscine d'Eyguières;5462F Chem. des Magnanons, 13430 Eyguières, France
hawai piscines;Rte d'Orgon, 13430 Eyguières, France
Maison du Gouffre de Plougrescant / Castel Meur;Plougrescant, France
Plage de gouermel;22820 Plougrescant, France
Office de Tourisme de Plougrescant;14 Pl. de la Mairie, 22820 Plougrescant, France
Plage de Pors Scaff;12 Pors Scaff, 22820 Plougrescant, France
Plan d'eau Eygliers;05600 Eygliers, France
Lacour - Restaurant - Brasserie - Bar;20 Rue du Rail, 05600 Eygliers, France
Piscine du parc;201 Av. Aristide Briand, 93150 Le Blanc-Mesnil, France
Bistrot By L'Opale Restaurant;2950 Rte d'Orgon, 13810 Eygalières, France
L'Arche de Méo;999 Rte de Saint-Andiol, 13940 Mollégès, France
Soins De Suite Et De Réadaptation;29640 Plougonven, France
Parc Piscine;Carrefour de la Vieille Roche, 29600, 29600 Plourin-lès-Morlaix, France
Plage des Curés;29217 Plougonvelin, France
Plage du Trez Hir;8 Bd de la Mer, 29217 Plougonvelin, France
Accro Rocher FunPark;Fort de Bertheaume, 29217 Plougonvelin, France
Office de Tourisme Iroise Bretagne - Bureau de Plougonvelin;Bd de la Mer, 29217 Plougonvelin, France
La Pause Bien-Être;331 Ven. de Bodonn, 29470 Plougastel-Daoulas, France
Bar Brasserie Pizzeria Le Clodélice Lac de la Tricherie;Base de loisirs de, La Tricherie, 85500 Mesnard-la-Barotière, France
Centre Nautique de Brest;Place de l'Atlantide, Port de Plaisance du Moulin Blanc, 29200 Brest, France
Plage de Térénez;bei, Rte de Terenez, 29630 Plougasnou, France
Institut Abelia;zone d’activité commerciale Poulbraou, 12, 29630 Plougasnou, France
Office de Tourisme de Plougasnou;Pl. Gén Leclerc, 29630 Plougasnou, France
Le château de sable;11 Prom. de la Meloine, 29630 Plougasnou, France
L'essentiel de Lavande;270 Imp. de Fontchaude, 26160 La Bégude-de-Mazenc, France
Parc du chateau;Le Château, 26160 La Bégude-de-Mazenc, France
C.A.R.A.E Centre Accueil de Rencontre et d'Animation Exoudun- Hébergement de groupes;16 Rue de Pied des Vignes, 79800 Exoudun, France
AUX PORTES DU YOGA;6 Rue de Coetquen, 22440 Ploufragan, France
Centre Mutualiste SMR Les Châtelets - Groupe VYV;6 Rue du Bois Joli, 22440 Ploufragan, France
E.Leclerc Une Heure Pour Soi;Centre Commercial du, Rue du Carpont, 22440 Ploufragan, France
Terre de Bien-être Lauriane;En face, 12 Rue Henri Barbusse, 22440 Ploufragan, France
Château du Taureau;Baie de Morlaix, 29252 Plouezoc'h, France
Guérison Spirituelle & Massage Ayurvédique;14 Rte de Kervor, 22470 Plouézec, France
Moulin de Craca;7 Chem. du Moulin de Craca, 22470 Plouézec, France
Jardin de BABOU (sur RDV pour les groupes de 8 personnes minimum).;2 Rue Goaleve, 22470 Plouézec, France
Institut Arômes et Sens;11 Rue Général Leclerc, 29430 Plouescat, France
L'hippocampe de Plouescat;Rue de Pors ar Stréat, 29430 Plouescat, France
Centre Nautique Plouescat;Rue de Porsguen, 29430 Plouescat, France
INSTANT DETENTE;20 Rue de Laval, 53170 Meslay-du-Maine, France
La Cale du Bien Etre;15 Pl. Michel Rouvrais, 22490 Plouër-sur-Rance, France
La Cale de Plouër;7 La Cale, 22490 Plouër-sur-Rance, France
ELOisZEN - Plouër;3 Rue du Primeterre, 22490 Plouër-sur-Rance, France
Piscine d'eau de mer;La Cale, 22490 Plouër-sur-Rance, France
Chaplain et Gautier sarl;26, Zone Artisanale, 22490 Plouër-sur-Rance, France
Maison de Santé de Bégard;28 Rue Madeleine Brès, 22140 Bégard, France
Fondation Bon Sauveur;1 Rue du Bon Sauveur, 22140 Bégard, France
Parc de la biodiversité;22140 Bégard, France
Bricomarché Begard;Rue de Guingamp, 22140 Bégard, France
Piscine Le Brin d'Eau;23 Rue du Maréchal Joffre, 33130 Bègles, France
Bègles plage;Av. Pierre Mendès France, 33130 Bègles, France
Lac de Bègles;Rue Louis Blériot, 33130 Bègles, France
Piscine Galin;3 Rue Galin, 33100 Bordeaux, France
AquaFit Bordeaux - Aquagym & Salle de Sport Fitness;8 Bis Rue Brascassat, 33800 Bordeaux, France
Piscine Judaïque - Jean Boiteux;164 Rue Judaïque, 33000 Bordeaux, France
Piscine du Mirail;15 Rue du Mirail, 33000 Bordeaux, France
O-Zone Salle de Sport avec Piscine;25 Rue Boulan, 33000 Bordeaux, France
Piscine Georges Tissot;46 Rue Léon Blum, 33000 Bordeaux, France
Keryanti domaine de Lesleac'h;lesleac'h, 29650 Plouégat-Moysan, France
Yanti Sanhaji;lesleac'h, 29650 Plouégat-Moysan, France
Château d'Excideuil;24160 Excideuil, France
Hôpital Local d'Excideuil 2 allée des tilleuls;6 Pl. du Dr Achille Moulinier, 24160 Excideuil, France
EHPAD (Excideuil)SSR;2 All. André Maurois, 24160 Excideuil, France
Office de tourisme Naturellement Périgord;1 Pl. du Château, 24160 Excideuil, France
Institut l'Indispensable;7 place Ferdinand Lartigue, 33340 Bégadan, France
Hôpital Local d'Evron;4 Rue de la Libération, 53600 Évron, France
Aqua Beffes Club;9 Rte de Chabrolles, 18320 Beffes, France
L'escale Bar restaurant;3rue Du Leverin, 56490 Évriguet, France
Les dunes de tréompan;29830 Ploudalmézeau, France
Vitalium Aqua Beaute;84 Av. de Portsall, 29830 Ploudalmézeau, France
Office du tourisme Iroise Bretagne - Ploudalmezeau;1 Rue François Squiban, 29830 Ploudalmézeau, France
Zoo Refuge de Mescoules/Bergerac;lieu dit La Pleyssade, 227 All. Paul de Chadois, 24240 Mescoules, France
Grottes du Régulus;81 Bd de la Falaise, 17132 Meschers-sur-Gironde, France
Espace des Possibles;8 Bd de Suzac, 17132 Meschers-sur-Gironde, France
Centre de loisirs de Combe Longue;Le Bourg, 46100 Béduer, France
Centre nautique de Ploudalmézeau-Portsall;Port de Portsall, Rue du Port, 29830 Ploudalmézeau, France
Salle du Carec;Rue du Stade, 22300 Ploubezre, France
Château de Kergrist;Château de Kergrist, 22300 Ploubezre, France
Mary Naturo-Esthéticienne Phyt's;28 Rés de Keranroux, 22300 Ploubezre, France
Jardin Arc En Ciel;Convenant le du, 22300 Ploubezre, France
Inseme;8 Rue Jean-Marie le Foll, 22300 Ploubezre, France
Elopirate Lannion;Rue Jean Paul Sartre, 22300 Lannion, France
Chantier centre Aquatique Evreux;Rue Charles Darwin, 27930 Guichainville, France
Arbr'en Ciel Evreux;Domaine de Trangis, 10 Rue du Plus- Que- Tout, 27000 Évreux, France
Plage de La Trinité;22620 Ploubazlanec, France
Circuit De La Pointe De L’arcouest;RXCH+89 GR34 Pointe de l’Arcouest / Loguivy de La Mer, 22620 Ploubazlanec, France
Office de Tourisme de Bédoin Ventoux Provence;1 Rte de Malaucène, 84410 Bédoin, France
Piscine Municipale;29 Rte de la Piscine, 84410 Bédoin, France
L'Arôme Antique;Pl. du Vieux Château, 56240 Plouay, France
L’Atelier Pilates Bien-être Plouay;3 Rue du Général de Gaulle, 56240 Plouay, France
Château de Manehouarn;56240 Plouay, France
Cy’nails / Plouay;Pl. du Vieux Château, 56240 Plouay, France
Office de Tourisme du Pays de Plouay;Domaine de Manéhouarn, 56240 Plouay, France
Ehpad Évrecy - Korian Les Rives de l'Odon;21 Rue du Champ Rouget, 14210 Évrecy, France
La Halte du Château Rouge;500 Rue de l'Industrie, 44522 Mésanger, France
Ô coeur du bien-être;1 bis Pl. de la Poste, 22830 Plouasne, France
Plan d'eau du pont Cornouaille;La Sebilière, 44522 Mésanger, France
Menhir de Kerloas;29810 Plouarzel, France
Plage de Corsen;Pointe de Corsen,, Plouarzel, France
Plage des Charrettes;C685+VM, 29810 Plouarzel, France
Phare Trézien;Rte du Phare, 29810 Plouarzel, France
Plage du Gouerou;75 Rue du Gouerou, 29810 Lampaul-Plouarzel, France
Office de Tourisme Iroise Bretagne - Bureau de Plouarzel;1 place Saint Arzel, 29810 Plouarzel, France
Château de Kerveatoux;Chateau de Kerveatoux, 29810 Plouarzel, France
Centre nautique Plouarzel;Plage de Porsman, Rue de Porsman, 29810 Plouarzel, France
Chateauform Château de Méry-sur-Oise;9 bis Rue de l'Isle Adam, 95540 Méry-sur-Oise, France
La Bonne Etoile;1 Rue du Maillet, 22170 Châtelaudren-Plouagat, France
Château de Méry-sur-Oise;3 Av. Marcel Perrin, 95540 Méry-sur-Oise, France
Cascade d’Aitone;20126 Évisa, France
Etang du Blavon;35137 Bédée, France
Parc Méry sur Oise;359M+WG, 95540 Méry-sur-Oise, France
Parc du château de Mery;1 Imp. du Château, 95540 Méry-sur-Oise, France
Abracadabra;vilage d'entreprises ERO, 28 Rue des Cardeurs, 84700 Sorgues, France
Office de Tourisme de Plonévez-Porzay;10 Pl. de l'Église, 29550 Plonévez-Porzay, France
Piscine municipale;Bd Jean Moulin, 34600 Bédarieux, France
Le Charme de l’Hêtre;10 Guilly, 29530 Plonévez-du-Faou, France
le-parc;Le Parc, 18380 Méry-ès-Bois, France
Parc Raphalen;29720 Plonéour-Lanvern, France
Le Saint André;43 Rue Laennec, 29710 Plonéis, France
Piscine de Kerlan Vian;61 Av. des Oiseaux, 29000 Quimper, France
Plage de Pors Ar Vag;29550 Plomodiern, France
Char à voile du bout du monde;plage de Lestrevet, 29550 Plomodiern, France
Office de Tourisme Menez-Hom Atlantique;1 Rue du Ménez Hom, 29550 Plomodiern, France
Le Dédale Des Cimes;La Lieu-dit la Bureliere, 49440 Val d'Erdre-Auxence, France
Bricomarché Plomeur;Rte de Penmarch Pendreff, 29120 Plomeur, France
Institut de Beauté Nadège..;47 Av. de Paris, 14810 Merville-Franceville-Plage, France
Château de Caradeuc;Château de Caradeuc, 35190 Bécherel, France
Thermes romains du Pérennou;29700 Plomelin, France
Massages du Monde;Kosquer Vian, 29700 Plomelin, France
Village perché d'Eus;Chem. de Comes, 66500 Eus, France
Parc de Glisse;131 Bd de Créac'h Gwen, 29000 Quimper, France
kap'oupa kap parc aventure;Las Pharaderes, 66500 Eus, France
Accrobranche & Canyoning - Extérieur Nature;Base Eaux Vives, Rte d'Eus, 66320 Marquixanes, France
Le Panoramique;Pierre Brune, Lieu-dit Pierre Brune, 85200 Mervent, France
Office de Tourisme Vendée Grand Sud - Mervent;7 Rue de l'Église, 85200 Mervent, France
Piscine intercommunale La Ligne;5 All. Eugene Delacroix, 88370 Plombières-les-Bains, France
Parc Impérial;88370 Plombières-les-Bains, France
Institut Naturo Beauté;634 Boutefelec Cial Super U, 29180 Plogonnec, France
Office de tourisme Cap-Sizun - Pointe du Raz - Bureau de la Pointe du Raz;Maison de la Pointe du Raz et du Cap Sizun, 29770 Plogoff, France
thermes d'eugenie les bains;49 Rte de Santon, 40320 Eugénie-les-Bains, France
Jardin jungle;Rte de Beaumont, 76260 Eu, France
Center Parcs;Center Parcs Landes De Gascogne, 47700 Beauziac, France
Maison partagée Ages & Vie de Plœuc-L'Hermitage;13 Rue des Frères Radenac, 22150 Plœuc-L'Hermitage, France
Parc;22150 Plœuc-L'Hermitage, France
Parc de la Prevalaye;35370 Étrelles, France
Piscine Aquatide;Bd du Maine, 35370 Argentré-du-Plessis, France
Les Petits Loupiots du Lac;La Croix Huguet, 56800 Taupont, France
MEZO YOGA CLUB;DOMAINE LE MEZO route d'arradon, 56880 Ploeren, France
Maison Pommery;D32, 02590 Étreillers, France
Carrière gallo-romaine de Locuon;56160 Ploërdut, France
Gites de Kerlividic;2, 56160 Ploërdut, France
Gites Guebernez;Guebernez, 56160 Ploërdut, France
Le gîte de l'Araucaria;1 Kermarien, 56160 Ploërdut, France
Plage de lomener;Canton de, 56270 Ploemeur, France
Douar Nevez;39 Rue de la Villeneuve, 56100 Lorient, France
Pharmacie Guily;14 Rue Saint-Bieuzy, 56270 Ploemeur, France
Château de Merindol;26170 Mérindol-les-Oliviers, France
Le Mas du Rocher;370 La Justice, 26170 Mérindol-les-Oliviers, France
Parc de l'Europe;5B Rue des Martrois, 91580 Étréchy, France
UNION NAUTIQUE DE PLOBSHEIM - UNAP;Base Nautique de Plobsheim, Route du Plan d'eau, 67115 Plobsheim, France
Parc De Plobsheim;12 Rue du Général Leclerc, 67115 Plobsheim, France
Gravière de Plobsheim;Unnamed Road, 67115 Plobsheim, France
Centre de Vacances TotalEnergies - Lesconil;15 Rue Laennec, 29740 Plobannalec-Lesconil, France
Mairie - Salle Culture et Loisir;Le Bourg, 19330 Saint-Germain-les-Vergnes, France
DOMAINE DU BOIS L'ESCURE;1870 Rte de Donzenac, 19330 Saint-Germain-les-Vergnes, France
Château d'Etrabonne;2 Chem. du Château, 25170 Étrabonne, France
Tavernier Eloïse;square Anne de Bretagne, 29410 Pleyber-Christ, France
Piscine de Pleyber Christ;Rue de la République, 29410 Pleyber-Christ, France
Anne Gourven Entre Mes Mains;14 Penvern, 29410 Pleyber-Christ, France
Maison medicale et dentaire Saint-Germain-Lès-Corbeil;1 Av. Charles de Gaulle, 91250 Saint-Germain-lès-Corbeil, France
Bureau d'informations touristiques de Saint Germain les Belles;Av. du Remblai, 87380 Saint-Germain-les-Belles, France
Centre PEP du Cap Fréhel;6 Rte du Cap, 22240 Plévenon, France
Etang de Montréal de Saint Germain les Belles;87380 Saint-Germain-les-Belles, France
Étang du Puy Chaumartin;87380 Château-Chervix, France
Centre Hospitalier d'Arpajon;18 Av. de Verdun, 91290 Arpajon, France
Parc de l'Eau;30 Rue de St Arnoult, 91340 Ollainville, France
Piscines Desjoyaux;7 RN 20, 91180 Saint-Germain-lès-Arpajon, France
Tech Care EsthÉtique;14 Le Bourg, 29170 Pleuven, France
SWIM GARDEN Piscines & Spas - Everblue;Route de Bénodet, 29170 Pleuven, France
Delphine Quessandier Réflexologie - Fleurs de Bach - Massages - Pleuven Quimper Finistère;10 Le Bourg, 29170 Pleuven, France
Institut Spa L'ilot Cinq Sens;24 Rte de Quimper, 29170 Fouesnant, France
PAUL BAILLY PISCINES & SPAS;10 Rue de la Paix, 14190 Saint-Germain-le-Vasson, France
Spa d'air et d'eau;6 Rue Jean Prévost, 38000 Grenoble, France
Decathlon Essentiel Dinard Pleurtuit;de la Ville Es Meniers, Centre Commercial Cap Emeraude, Rue du Cap Horn, 35730 Pleurtuit, France
L´échappée Belle;5 Rue de Dinan, 35730 Pleurtuit, France
Parc du Westerwald;6578 Rue des Hortensias, 35730 Pleurtuit, France
Centre Social et Culturel - La Cantine;Rue de la Gare, 62680 Méricourt, France
Complexe Sportif Mericourt;Rue Jeannette Prin, 62680 Méricourt, France
ZooParc de Beauval;Av. du Blanc, 41110 Saint-Aignan, France
Restaurant La Licorne;7, 22740 Pleumeur-Gautier, France
Parc du Radôme;Rte du Radome, 22560 Pleumeur-Bodou, France
L'Orangerie - Restaurant du Château d'Etoges;4 Rue Richebourg, 51270 Étoges, France
L'Atelier d'Etoges - Restaurant Brasserie;2 Rue Richebourg, 51270 Étoges, France
Centre du Baly - Pleumeur-Bodou - Ile Grande - Rêves de Mer;12 Rue de Molène, 22560 Pleumeur-Bodou, France
Menhir de Saint-Uzec;Menhir christiannisé de St Uzec, 40 Rte du Menhir, 22560 Pleumeur-Bodou, France
Office de Tourisme de Pleumeur Bodou;11 Rue des Chardons, 22560 Pleumeur-Bodou, France
Parcours Aventure Vivons Perchés;Rte du Radome, 22560 Pleumeur-Bodou, France
Base Nautique Ile Grande;Imp. de Pors-Gelen, 22560 Pleumeur-Bodou, France
Ecocentre Trégor;Rte du Radome, 22560 Pleumeur-Bodou, France
Station LPO de l'Ile Grande;L'Île Grande, 22560 Pleumeur-Bodou, France
Bricomarché Pleumeleuc;2 Rue Galilée, 35137 Pleumeleuc, France
Sentier Karstique du Grand Bois;Unnamed Road, 25660, France
Exp'Eau - Piscine & Spa;Grandes Terres, 42260 Saint-Germain-Laval, France
Parc Zoologique & Château de la Bourbansais;La Bourbansais, 35720 Pleugueneuc, France
Diverty Parc;Rte de Dourdain, 35450 Livré-sur-Changeon, France
Beaulieu Park;9 Rue du Parc, 88480 Étival-Clairefontaine, France
Domaine départemental de Méréville;Rue Voltaire, 91660 Le Mérévillois, France
Parc de Lutin;Le Haut Quérant, 56120 Pleugriffet, France
Belvédère du lac d'etival;GR35+F2, 39130 Étival, France
l'Institut Marina;1 Rue de Dinan, 22690 Pleudihen-sur-Rance, France
Etiolles Country Club;Rue du Vieux Chemin de Paris, 91450 Étiolles, France
Site archéologique départemental des Coudrays;91450 Étiolles, France
Golf d'Étiolles;Rue du Vieux Chemin de Paris, 91450 Étiolles, France
Club de Natation du Plessis-Robinson;5 Rue Blaise Pascal, 92350 Le Plessis-Robinson, France
Parc de Robinson;Pl. des Alliés, 92350 Le Plessis-Robinson, France
Source Eau Chaude;09110 Ax-les-Thermes, France
Parc du Teich;11 Roc de la Casalle, 09110 Ax-les-Thermes, France
Espace de loisir du parc d'Espagne;609 Av. Cerdagne, 09110 Ax-les-Thermes, France
Beaussais Aventure;Les Vallées Bonas, rue du Château d'eau, 22650 Beaussais-sur-Mer, France
Baie de Beaussais;22650 Beaussais-sur-Mer, France
Gulli Parc Sainte-Geneviève-des-Bois;ZAC de la Croix Blanche, 20 Av. de la Croix Blanche, 91700 Sainte-Geneviève-des-Bois, France
Speed Park Brétigny;Rue Michèle Morgan, 91220 Brétigny-sur-Orge, France
Complexe Sportif Le Colombier;14 Rte de Corbeil, 91220 Le Plessis-Pâté, France
Institut Guinot;3 Bd du General Leclerc, 06240 Beausoleil, France
Chrysalide;5 Av. d'Alsace, 06240 Beausoleil, France
Parc du Devens;Avenue des Combattants en Afrique du N, 06240 La Turbie, France
Piscine Saint-Charles;7 Av. Saint-Charles, 98000 Beausoleil, Monaco
Institut de beauté Quentis à Etampes;9 Rue de la Juiverie, 91150 Étampes, France
Clair de lune Massage;32 Rue de la République, 91150 Étampes, France
Forme Et Bien-Etre;15 Av. de Paris, 91150 Étampes, France
Dara Thai Etampes;41 Rue Evezard, 91150 Étampes, France
Miglé Kairyté Shiatsu & Massage;10 Carr des Religieuses, 91150 Étampes, France
Espace Beaute;1 Pl. du Général Romanet, 91150 Étampes, France
VEENA'S BEAUTE INDIENNE;11 Place Notre Dame, 91150 Étampes, France
Troncoso Maulen Richard;
La Société Protectrice des Animaux - Refuge d'Étalondes;23 Rue du Chemin Vert, 76260 Étalondes, France
E.Leclerc Une Heure Pour Soi;zone commerciale le 925, 76260 Eu, France
L'Instant Charnel;12 Rue de la Corderie, 22580 Plouha, France
Plage de gwin zégal;22580 Plouha, France
Plouharmor;3 Rue Lamenais, 22580 Plouha, France
Bureau touristique Falaises d'Armor;7 Av. Laennec, 22580 Plouha, France
C'Naturellement Bon - Drainage - Energéticienne;
Pressothérapie;21 Av. du Parc, 77170 Brie-Comte-Robert, France
CCAS de la ville d’Ussel;26 Av. Marmontel, 19200 Ussel, France
AEP Maison Thermale pour enfants;41 Rue Henri Pourrat, 63150 La Bourboule, France
Salle Multi-Activités LA DOVA;2 Rue du Chanoine Joly, 73570 Brides-les-Bains, France
Marsouins Saint Saulviens;2 Av. Robert Schuman, 59880 Saint-Saulve, France
Les Hauts Vents;29 Rte des Hauts Vents route des, 50290 Bricqueville-sur-Mer, France
DG Land;3 Rue Marie Curie, 55400 Étain, France
Magie en Bulles - Séjour en bulle;Les Forges de la Maque 1461 route des forges, 24470 Saint-Saud-Lacoussière, France
Arboretum de Montagnac;24470 Saint-Saud-Lacoussière, France
LACOUSSIÈRE RESORT;24470 Saint-Saud-Lacoussière, France
Château de Rochebrune;Rochebrune, 16150 Étagnac, France
EHPAD Sainte Marie d'Etagnac (Groupe SOS Seniors);10 Grand'Rue, 16150 Étagnac, France
Fort de Bertheaume;Rue de Bertheaume, 29217 Plougonvelin, France
Jardin du Vaere;29217 Plougonvelin, France
Or du temps;5 Rue du Pt Chem. de Ramillies, 59161 Eswars, France
Chambray le lac Base Nautique Espace René Messon;Av. de l'Hommelaie, 37170 Chambray-lès-Tours, France
Piscine 37;D943 3 LES GRANDS CHAMPS, 37320 Esvres, France
Piscine Municipale;Pl Auguste Noyant, 37320 Esvres, France
Parc La Récréation;Le Petit Netilly, 37260 Monts, France
Pont-Canal de Briare;45250 Briare, France
Office de tourisme Terres de Loire et Canaux - Bureau de Briare-le-Canal;1 Place Charles de Gaulle, 45250 Briare, France
Station Location Loisirs briare;46 Rue des Prés Gris, 45250 Briare, France
Spa louvigny;ZAC DU LONG COURS, 9 Longue Vue des Astronomes, 14111 Louvigny, France
L'élan du coeur;1 All. des Châtaigniers, 35420 Louvigné-du-Désert, France
EHPAD Saint Joseph de Louvigné (Asociation Anne Boivent);1 Rue Abbé Lepannetier, 35420 Louvigné-du-Désert, France
Parc des loisirs de Plouaret;Rue du Stade, 22420 Plouaret, France
Ambre & Lumiere;5 le Michalin, 38780 Estrablin, France
Piscine Discount;Rte de la Tabourette, 38780 Estrablin, France
Piscines Desjoyaux;1475 Rte de la Tabourette, 38780 Estrablin, France
Plage de Bréville-sur-mer;Imp. des Dunes, 50290 Bréville-sur-Mer, France
EXPERIENCE Canyon;Rue d'Aiga Bera, 64440 Laruns, France
Everblue - Eau Divine;ZA des Grevottes, 8 Rte de Verrières, 10450 Bréviandes, France
EstiParc;250 Le Bouchet, 42380 Estivareilles, France
Eden Villages;Rue Louis de Broglie, 53810 Changé, France
Parc de jeux;Imp. du Verger, 53950 Louverné, France
Domaine du Bien Vivre;15 Rte du Petit Village, 41140 Saint-Romain-sur-Cher, France
PARC AVENTURE LAC DU DER;Lieu dit, Le Buisson, 52130 Louvemont, France
Aqueduc de Louveciennes;Chem. de l'Aqueduc, 78430 Louveciennes, France
Parc des 3 Grilles;23 Rue du Général Leclerc, 78430 Louveciennes, France
Le Domaine du tertre;325 Rte de la Virvee, 33240 Saint-Romain-la-Virvée, France
SIAEV Parc Marcel Cabiddu de Wingles Douvrin Billy-Berclau;Rue du Clair, 62410 Wingles, France
Parc En Chêne et frêne;Rte de Gavarnie, 65120 Luz-Saint-Sauveur, France
Piscine 3S;5 Rue des cerisiers, 70160 Breurey-lès-Faverney, France
Bricomarché Saint Romain En Viennois;245 Rte de Nyons, 84110 Saint-Romain-en-Viennois, France
Base Nautique de Condrieu - Les Roches;69420 Condrieu, France
Piscine Municipale;785 Bd Jean Bignon, 03160 Bourbon-l'Archambault, France
Parc des Sports;Rue Grand Air, 60600 Breuil-le-Vert, France
Étang du Louroux;37240 Le Louroux, France
Étang de breuil-le-sec;60840 Breuil-le-Sec, France
Delapierre sarl;1 Rue de l'Église, 38460 Saint-Romain-de-Jalionas, France
JalioPark;240 Av. des Sables, 38460 Saint-Romain-de-Jalionas, France
Matilo Massage;Parc Éco Normandie Le Drakkar, 76430 Saint-Romain-de-Colbosc, France
Institut Instant bien-être (salon de massage réflexologie);1055 Rte de Lillebonne, 76430 Saint-Romain-de-Colbosc, France
Institut La Joliesse;9 Rue de L Hôtel de ville, 76430 Saint-Romain-de-Colbosc, France
Institut L'Aura de Beauté;21 Rue Félix Faure, 76430 Saint-Romain-de-Colbosc, France
Institut Sophie B;16 Rue de la République, 76430 Saint-Romain-de-Colbosc, France
Decathlon Essentiel Saint-Gaudens;ZAC des Landes, 10 Av. du Cagire, 31800 Estancarbon, France
Denis Matériaux Le Breuil En Bessin;870 Rue de Bayeux, 14330 Le Breuil-en-Bessin, France
Château de Lourmarin;2 Av. Laurent Vibert, 84160 Lourmarin, France
Office de Tourisme Destination Luberon | Lourmarin;Place Henri Barthélémy, 84160 Lourmarin, France
Le Manoir de Munas;110 Chem. du Lac, 07290 Saint-Romain-d'Ay, France
Centre Aquatique Paul Géraldini;Bd des Capucines, 12850 Onet-le-Château, France
Piscine;route de bozouls, Le Pont d'Estaing, 12190 Estaing, France
MAO Centre bien-être du corps et de l'esprit;301 Av. de la Libération, 73400 Ugine, France
Audrey Minier Massages et soins Ayurvediques;613 Av. des Charmettes, 73400 Ugine, France
Mylène TEMANS Massages Bien-être;6 Av. de Paris Pôle paramédical, 56140 Pleucadeuc, France
Domaine alpin des Estables;W575+9P, 43150 Les Estables, France
Office de tourisme Mézenc Loire Meygal - Les Estables;Place du Mézenc, 43150 Les Estables, France
Plage de Kermagen;94 Rue de Kermagen, 22610 Pleubian, France
Phare des Héaux de Bréhat;Pleubian, France
TARZ’AVENTURE;Lieu Dit Chez Jean, 43150 Les Estables, France
Cime et Sens / Laetitia Morel-Olleac;2 Rue de Morlaix, 22310 Plestin-les-Grèves, France
Office de Tourisme de Plestin-les-Grèves;Pl. du 19 Mars 1962, 22310 Plestin-les-Grèves, France
Plage de Beg Douar;Unnamed Road, 22310 Plestin-les-Grèves, France
Domaine Peulven - locations saisonnières;16 Ven. du Peulven, 22310 Plestin-les-Grèves, France
biocoop beg douar;Av. des Frères le Gall, 22310 Plestin-les-Grèves, France
L'estuaire du Douron;22310 Plestin-les-Grèves, France
Les gites de Plestin Les Grèves;Scrivolic, 22310 Plestin-les-Grèves, France
centre nautique municipal;29 Av. de la Lieue de Grève, 22310 Plestin-les-Grèves, France
Maison Renoir;7 Rue de l'Extra, 10360 Essoyes, France
Le Nid de Louppy;10 Rue du Moulin, 55600 Louppy-sur-Loison, France
Trampoline Park Caen/Bretteville sur odon;15 Av. de la Voie au Coq, 14760 Bretteville-sur-Odon, France
Parc de l'Odon;14760 Bretteville-sur-Odon, France
Base de loisirs;Av. de Marennes, 17400 Saint-Jean-d'Angély, France
Spa Ko'Hanso;10 Av. du Général de Gaulle, 94420 Le Plessis-Trévise, France
Hôtel-Dieu de Saint-Riquier;Rue de L'Hôpital, 80135 Saint-Riquier, France
Espace Omnisports Philippe de Dieuleveult;169 Av. Maurice Berteaux, 94420 Le Plessis-Trévise, France
Parc Burladingen;86 Av. Ardouin, 94420 Le Plessis-Trévise, France
JJCP - Judo Jujitsu Club Plesséen;169 Av. Maurice Berteaux, 94420 Le Plessis-Trévise, France
Parc le plessis des jeux d’enfants;57 Av. Ardouin, 94420 Le Plessis-Trévise, France
Decathlon Essentiel Château-Thierry;Av. du Général de Gaulle, 02400 Essômes-sur-Marne, France
WellNaiss' Massage;72210 Louplande, France
Côté Sud;3395 Rte d'Orange, 84100 Uchaux, France
Plage de Bretteville;783R+7J, Bretteville-sur-Ay, France
Base de Char à Voile - Paddle - Longe Côte - Kayak;Rue de la Mer, 50430 Bretteville-sur-Ay, France
Piscine municipale;Av. de la Croix d'Hors, 33190 La Réole, France
VM Matériaux;119 Rte de Fécamp Zone Artisanale, 76110 Bretteville-du-Grand-Caux, France
Normande Des Eaux SARL;56 Voie du N, 76110 Bretteville-du-Grand-Caux, France
Parc du Haut-Château;27 Rue du Chanoine Laurent, 54270 Essey-lès-Nancy, France
Parc Maringer;10 Rue Parmentier, 54270 Essey-lès-Nancy, France
Cosmic Park 54;25 Rue Marcel Brot, 54000 Nancy, France
Haut-Château;18 All. du Souvenir Français, 54270 Essey-lès-Nancy, France
Zenance;Pl. du Dr Paul Guyader, 29290 Saint-Renan, France
Office de tourisme Iroise Bretagne - Bureau de Saint Renan;2 Pl. du Vieux Marché, 29290 Saint-Renan, France
Maison du tourisme du Livradois-Forez - Bureau de Saint-Rémy-sur-Durolle;Les Prades, 63550 Saint-Rémy-sur-Durolle, France
Falaise troglodytique de Saint-Remy-sur-Creuse;8 Les Caves, 86220 Saint-Rémy-sur-Creuse, France
Maison de santé du Vallon des vignes;4 Rte de l’Eglise, 33370 Loupes, France
Communauté de communes Vallée de l'Ubaye Serre-Ponçon;4 Av. des Trois Frères Arnaud, 04400 Barcelonnette, France
Piscine Municipale;27 Rue des Écureuils, 72250 Brette-les-Pins, France
Institut bien-être du monde;5 Rue du Général de Gaulle, 28380 Saint-Rémy-sur-Avre, France
Bricomarché La Loupe;Av. de Beauce, 28240 La Loupe, France
Gymnase la Loupe;Parc Château, 28240 La Loupe, France
Salle multisport;Espace, Saint Gilles, 49124 Le Plessis-Grammoire, France
Balnéothérapie et kinésithérapie du château;Sente de la Frm du Château, 95720 Le Plessis-Gassot, France
Les dinosaures de Loulle;D253, 39300 Loulle, France
Institut de Beaute Equilibre;19 Rue de la République, 78470 Saint-Rémy-lès-Chevreuse, France
Maison Musée & Fondation Raymond Devos;10 Rue de Paris, 78470 Saint-Rémy-lès-Chevreuse, France
Château de Coubertin;Dom. de Coubertin, 78470 Saint-Rémy-lès-Chevreuse, France
Bretoncelles Patrimoine et Nature;24 Rue Lucien David, 61110 Bretoncelles, France
Cornaline;4 Rue Lucien David, 61110 Bretoncelles, France
Complexe Sportif Les 3 Rivières;9 Rue des Écoles, 78470 Saint-Rémy-lès-Chevreuse, France
Centre Laser Pasteur Brétigny s/Orge;3 Av. Roger Chambonnet, 91220 Brétigny-sur-Orge, France
Decathlon Bretigny Sur Orge;2 Rue des Saugées, 91220 Brétigny-sur-Orge, France
Auberge de Layotte;407 Chem. de Layotte, 24620 Les Eyzies, France
Club Nautique du Canton de Loulay 17;Rue du Huit Mai 1945, 17330 Loulay, France
Piscine Léo Lagrange;Rue Henri Douard, 91220 Brétigny-sur-Orge, France
Bassin de Carouge - Vallée de l'Orge;40 Chem. des Pâtures, 91220 Brétigny-sur-Orge, France
Parc Clause - Bois-Badeau;9 Av. Marguerite Yourcenar, 91220 Brétigny-sur-Orge, France
Parc La Fontaine;All. du Château la Fontaine, 91220 Brétigny-sur-Orge, France
Parc du Carouge;91220 Brétigny-sur-Orge, France
Lac du Carouge;44B Chem. des Pâtures, 91220 Brétigny-sur-Orge, France
Association du Prieuré de Saint-Rémy-la-Varenne;6 Rue Saint-Aubin, 49250 Brissac Loire Aubance, France
Dolmen de la Bajoulière;Cumeray, 49350 Gennes-Val-de-Loire, France
Stade du Plessis-Brion;322 Rue du Huit Mai 1945, 60150 Le Plessis-Brion, France
Plan d'eau de Saint-Rémy-de-la-Vanne;Le Moulin des Prés, 77320 Saint-Rémy-de-la-Vanne, France
Plan d'Eau du Moulin des Prés;Le Moulin des Prés, 77320 Saint-Rémy-de-la-Vanne, France
Étang de Plessis-Brion;60150 Le Plessis-Brion, France
Parc de jeux de la douce;90850 Essert, France
Jardin Yili;12 Rue d'Yte, 78690 Saint-Rémy-l'Honoré, France
Pôle santé du Plateau Picard;3 Rue d'Oresmaux, 60130 Saint-Just-en-Chaussée, France
Communauté de Communes du Plateau Picard;140 Rue Verte, 60130 Le Plessier-sur-Saint-Just, France
Mairie;355 Rue de Compiègne, 60130 Le Plessier-sur-Saint-Just, France
Château de Turenne;170 rue des officiers, 19500 Turenne, France
La Maison de Mathé;250 Mathé, 19500 Turenne, France
Office De Tourisme de Brive agglomération - Bureau de Turenne;Av. du Sénateur Labrousse, 19500 Turenne, France
Étang de pêche;19500 Turenne, France
L'Hôpital de proximité de Breteuil - Oise (60) | LNA Santé;32 Rue de Paris, 60120 Breteuil, France
Bricomarché Breteuil;Rue d'Amiens, 60120 Breteuil, France
Base de Loisirs de La Ferté-Macé;Bd de la Forêt d'Andaines, 61600 La Ferté Macé, France
Château de Castelnau-Bretenoux;1 place Jean Mouliérat, 46130 Prudhomat, France
Gedimat Larroque - Saint-Michel-Loubéjou;504 rte de la croix blanche, 46130 Saint-Michel-Loubéjou, France
Copeyre Canoë Bretenoux;56 Al Port, 46130 Bretenoux, France
Sensiti;1 Rue du Paradis, 44630 Plessé, France
Etang de Buhel;5116A Rte de Savenay, 44630 Plessé, France
Terre de Soi / Virginie Massages Bien-être & Yoga;1 Rés Parc des Essarts, 78690 Les Essarts-le-Roi, France
Coco plage;72140 Sillé plage, France
Château Des Essarts;6 Rue du Vieux Château, 85140 Essarts-en-Bocage, France
Le petit train des marais salants de Guérande;place charles de gaulle, 44420 La Turballe, France
SPA LE SAINT-REMY;16 Bd Victor Hugo, 13210 Saint-Rémy-de-Provence, France
Institut de Beauté YRILIS - Spa & Hammam Privatisés;5 Traverse du Micocoulier, 13210 Saint-Rémy-de-Provence, France
Lac de Peïroou;13210 Saint-Rémy-de-Provence, France
Ecoparc Val Euromoselle;Communauté de Communes de Maizières-lès-Metz, 57280 Maizières-lès-Metz?, France
Lac Bleu;5 Chem. du Camping, 73660 Saint-Rémy-de-Maurienne, France
Téléski Nautique de Condrieu;1 Allée de la Presqu'île, BP74, 69420 Condrieu, France
Oasis Piscines & Spas 62 Béthune - Piscine Décors Jardins;20 Rue du 11 Novembre, 62400 Essars, France
Parc de jeux;13 Rue du Goëlo, 22490 Pleslin-Trigavou, France
Les Calots Verts;6 Rue Saint-Pierre, 22720 Plésidy, France
Les secrets de Demeter;36 Rte de Grenoble, 38210 Tullins, France
Centre Hospitalier Michel Perret;18 Bd Michel Perret, 38210 Tullins, France
La Baie des Sens - PLESCOP;5 Bis Rue des Bruyères, 56890 Plescop, France
SPA;5 Rue Marie Curie, 56890 Plescop, France
Sioule Loisirs;Le Pont de Menat, 63440 Saint-Rémy-de-Blot, France
ESPACE SANTÉ et SOCIAL;Centre Commercial Les Trois Soleils, 56890 Plescop, France
Château-Rocher;Château de Blot-le-Rocher, 63440 Saint-Rémy-de-Blot, France
Océania Club St Pierre du Mont | Mont de Marsan;Z.C. Beziat, 144 Rue Gladys, 40280 Saint-Pierre-du-Mont, France
Piscine municipale de Mont de Marsan;218 Rue Sarraute, 40000 Mont-de-Marsan, France
La Ressourcière Chloée Dupont;1 ter Rue Louis Le Faucheur, 22190 Plérin, France
Hydramat;5 Rue du Bignon, 22190 Plérin, France
Flore & Sens;Vers le, 2 Rue François Jacob Bâtiment B, 22190 Plérin, France
Ma pause en ville;4 Rue de Beauregard, 22190 Plérin, France
Hydro-Ouest Services;Imp. des Longs Reages, 22190 Plérin, France
PHYTOMER Spa & Wellness - Spa Émeraude;70 Rue du Commandant l'Herminier, 35400 Saint-Malo, France
Piscine de Recouvrance;Rue de Maissin, 29200 Brest, France
Games Park Indoor BREST;114 Bd de Plymouth, 29200 Brest, France
Cercle des Nageurs de Brest;10 Rue du 18 Juin 1940, 29200 Brest, France
Piscine Buisson;28 Rue de Coëtlogon, 29200 Brest, France
Le Tea Room;1 Rue du Marais, 62870 Saint-Rémy-au-Bois, France
Soins Médicaux et de Réadaptation (Centre de Réeducation);22600 Loudéac, France
Nude;5 Rue Paul Doumer, 79300 Bressuire, France
Basic-Fit;4 rue Jean Giono, 79300 Bressuire, France
SANITHERM Bressuire - Plomberie chauffage sanitaire électricité énergies renouvelables;4 Rue de la Baritauderie, 79300 Bressuire, France
Office de Tourisme du Bocage Bressuirais;6 Pl. de l'Hôtel de ville, 79300 Bressuire, France
Tremblais créateur / l'esprit piscine;Rte de Poitiers, 79300 Bressuire, France
PARC DE L'AMIRAUTE TERRAIN DE PETANQUE;22370 Pléneuf-Val-André, France
Piscine Municipale;26 Rue Jean Lebrun, 22370 Pléneuf-Val-André, France
Château d'Esquelbecq;10 Pl. Alphonse Bergerot, 59470 Esquelbecq, France
Au Bon Coin;24 Rue de Wormhout, 59470 Esquelbecq, France
EHPAD & Foyer Logement;Rue Frères Gauthier, 22640 Plénée-Jugon, France
Gites de la Ville Jehan;22640 Plénée-Jugon, France
Doux Renouveau;
Piscine de la Tourelle;02 Rue la Tourelle, 22150 Plémy, France
Centre Hospitalier du Centre Bretagne (CHCB);49 Rue de Bodiffe, 22210 Plémet, France
Centre de Rééducation de Plémet;49 Rue de Bodiffe, 22210 Plémet, France
Aven Marzal;106 Rte de Plance, 07700 Saint-Remèze, France
Château de Loubressac;D118, 46130 Loubressac, France
Cascade d'Autoire;46400 Autoire, France
Lac De Tauriac;46130 Tauriac, France
Unique Wellness & SPA;160 Rue de la Garonne, 83700 Saint-Raphaël, France
Centre Européen de Rééducation du Sportif (CERS) Saint-Raphaël - Ramsay Santé;D'Or, 1314 Rte de la Corniche, 83700 Saint-Raphaël, France
Fun City;1810 Rte de Malpasset, 83600 Fréjus, France
Beach Club Agay - Estérel Aventures;1334 Bd de la Plage, 83700 Saint-Raphaël, France
Luna Park Fréjus;Loisirs Amusements Luna Park, Route Nationale 98, 83600 Fréjus, France
Laur' du temps;42 Rte de Vologne, 88250 La Bresse, France
Terre des Sens;15 Quai des Iranees, 88250 La Bresse, France
DOMAINE DE L'HERMITAGE;81 Av. de Savoie, 01230 Saint-Rambert-en-Bugey, France
Forêt de Brocéliande;35380 Paimpont, France
Centre de Santé Porte de DrômArdèche;1b Rue des Prés, 26140 Saint-Rambert-d'Albon, France
Institut Guinot;38 Rue du General de Gaulle, 60510 Bresles, France
PBL;Rue Joseph Arnal, 60510 Bresles, France
L'institut de Claire - Beauté & Bien-être;4 Rue Surcouf, 35610 Pleine-Fougères, France
Bricomarché Pleine Fougeres;D4, 35610 Pleine-Fougères, France
Caldea massage;22 Le Madray, 22960 Plédran, France
Ehpad Bel Orient;10 Rue Bel Orient, 22960 Plédran, France
Bois De Pledran - Aire De Jeux;18 Rue de la Belle Issue, 22960 Plédran, France
cosy home esthétique;38 La ville Orgouet, 22960 Plédran, France
Mairie de Plédran;6 Rue du Centre, 22960 Plédran, France
La fée beauté Fanny trehorel estheticienne;La ville Folle, 22960 Plédran, France
M.A.P.A Maison d'Accueil Personnes Agées;Rue Bel Orient, 22960 Plédran, France
Aire de jeux des Castors;13 Croix Imbert, 63440 Saint-Quintin-sur-Sioule, France
Canoe Sioule - Aqua Canoë;39 Rue de la Guillotière, 03450 Ébreuil, France
Aqua Rev - koi japonais - bassin;2 La Ribaudière, 58150 Saint-Quentin-sur-Nohain, France
La Halte Du Volcan;Lieu Dit, 1 Rue de Canacan, 35470 Pléchâtel, France
L'Institut - Suite Beauté & Bien-être;Bain de Bretagne FR, 1 Rue de Lanserva, 35470 Pléchâtel, France
Althea Nova;101 Rue de Rennes, 35470 Pléchâtel, France
Aux Terrasses de Saint Quentin;15 Rte de Montaud, 38210 Saint-Quentin-sur-Isère, France
Parc de Fallavier;30 Rte de Roche, 38080 Four, France
Parc d'Isle;Av. Léo Lagrange, 02100 Saint-Quentin, France
Aquatique Club Olympide (ACO);1415 Route de Saint Marcellin, 38160 Chatte, France
Lac de Roybon;38940 Roybon, France
Plage de Longayroux;15700 Pleaux, France
Base Nautique;Prom. du Barrage, 71290 La Truchère, France
Sentier De L'étang;Pont Seille, 71290 La Truchère, France
Restaurant L'Embarcadère;Base Nautique l'Embarcadère, Prom. du Barrage, 71290 La Truchère, France
Parc de la Butte Ouest;60870 Brenouille, France
Aventure Parc Massignac;2 Lavaud, 16310 Massignac, France
Plage La Guerlie;Plage de, 16150, Pressignac, France
Les Terres Blanches;13 La Gueynotte, 33420 Espiet, France
Lac d'Espiet;13 La Gueynotte, 33420 Espiet, France
Troyes La Champagne Tourisme;16 Rue Aristide Briand, 10000 Troyes, France
Centre de Rééducation et de Réadaptation Fonctionnelle Pasteur;5 Espl. Lucien Pechart, 10000 Troyes, France
Aquapark de Bergerie;9MXF+M2, 83520 Roquebrune-sur-Argens, France
Étang du Boler;Le Croiseau, 56420 Plaudren, France
Centre Médical;Place Léon Roche, 11190 Couiza, France
USSAP - EHPAD Le Pla du Moulin;28 Prom. de Gournet, 11190 Couiza, France
Au fil de l'Aude;All. du Château, 11190 Couiza, France
Parc Family Aventure;aire naturelle, Site du plan d'eau, 43140 La Séauve-sur-Semène, France
L'Éspace-Cardio Forme;4t Rue de la Convention, 42100 Saint-Étienne, France
Piscine les Tritons Hardelot;Digue Nord, Bd de la Mer, 62152 Neufchâtel-Hardelot, France
Gymnase de Valence-en-Poitou;20 Rue Hemmoor, 86700 Valence-en-Poitou, France
Piscine Couhé;86700 Valence-en-Poitou, France
Missala;41 Rue Dr Henri et Bernard Muller, 42000 Saint-Étienne, France
Parc Multi-Activités de Jouars-Ponchartrain;78760 Jouars-Pontchartrain, France
Pop Corn Labyrinthe YVELINES (Jouars-Pontchartrain) - Labyrinthe Géant de Maïs;Rue du Pont, 78760 Jouars-Pontchartrain, France
Grand Hôpital de l'Est Francilien - Site de Jouarre;18 Rue Petit Huet, 77640 Jouarre, France
Grand Etang de St-Estèphe;6 Lotissement Clair Bois, 24360 Saint-Estèphe, France
Grand Hôpital de l'Est Francilien - Site de Marne-la-Vallée;2-4 Cr de la Gondoire, 77600 Jossigny, France
Pôle Médical Marne-la-Vallée;1 Cr de la Gondoire, 77600 Jossigny, France
SEA LIFE Val d'Europe;Ccial Val d'Europe, 14 Cr du Danube, 77700 Serris, France
Le jardin du bois d'Amour;56120 Josselin, France
Histoires De Coiffure;2 Rue du Verger, 35230 Saint-Erblon, France
Aloha esthétique pour femmes/ Soins Ayurvédiques/ Produits naturels;7 Rue de la Bouraudière, 44220 Couëron, France
Piscine municipale Baptiste-Lefèvre;Bd Paul Langevin, 44220 Couëron, France
Centre Pierre Legendre;7 Bd François Blancho, 44220 Couëron, France
Parc de L'ise;24 All. de la Chalotais, 35230 Saint-Erblon, France
Parking étang de Saint-Erblon;7-1 Rue de la Douettée, 35230 Saint-Erblon, France
Trampoline Park Nantes Atlantis;9 Rue des Piliers de la Chauvinière, 44800 Saint-Herblain, France
Vortex Experience;9 Rue des Piliers de la Chauvinière, 44800 Saint-Herblain, France
Aire de jeux Lac de Beaulieu;57 Rue du Clos Guineau, 44220 Couëron, France
Office de Tourisme du Grand Saint-Émilionnais;Place des Créneaux, 33330 Saint-Émilion, France
Restaurant du Grand Barrail;D243 Route De Libourne, 33330 Saint-Émilion, France
Source du Loir;7 Chem. du Vieux Lavoir, 28120 Saint-Éman, France
Nolimit Aventure Le Coudray-Montceaux;Rue de Milly, 91830 Le Coudray-Montceaux, France
Parc enfant;17-19 Av. du Coudray, 91830 Le Coudray-Montceaux, France
Seigneurie du Bois;1 Rue de la Seigneurie, 49260 Le Coudray-Macouard, France
Parc Des 4 Saisons;4 Av. du Baron Rouillard de Beauval, 28630 Le Coudray, France
Château de Coucy;Rue du Château, 02380 Coucy-le-Château-Auffrique, France
Canon de Coucy;4 CR dit de la Bertha, 02380 Coucy-le-Château-Auffrique, France
Tour musée;8 Côte de la Prte de Soissons, 02380 Coucy-le-Château-Auffrique, France
Logis - Restaurant La Pomme d'Or;2 Prte de Laon, 02380 Coucy-le-Château-Auffrique, France
Étang Communal de Coucy-Le-Chateau;Le Val Serain, 02380 Coucy-le-Château-Auffrique, France
Parc l'Hermite;02380 Coucy-le-Château-Auffrique, France
Au Paradis d' Ohana;31 Rue de la Poste, 87340 La Jonchère-Saint-Maurice, France
Duquerroy Cédric;41 Rue de Limoges, 87340 La Jonchère-Saint-Maurice, France
Lac de coucouron;07470 Coucouron, France
Baignade surveillée;Route du plan d'eau, 07470 Coucouron, France
Office de Tourisme Montagne d'Ardèche - Bureau de Coucouron;1 Pl. Jacques Chirac, 07470 Coucouron, France
Club Aquatique Montélimar - Aquatika;38 Chem. de Fortuneau, 26200 Montélimar, France
Mcao Spa;75 Rue nationale, 69330 Jonage, France
TEPACAP Coubron;Forêt Régionale de Bondy 2 Allée, Rue Jean Jaurès, 93470 Coubron, France
C3 COUBLEVIE;235 Imp. des Coquelicots, 38500 Coublevie, France
À la plage by Paris Est Marne et Bois;2 Quai Gabriel Péri, 94340 Joinville-le-Pont, France
Mottes Castrales de l'An Mil;23130 Saint-Dizier-la-Tour, France
La Cure;10 Route de la Cure, 18300 Couargues, France
Le Grenier;29 Rue Principale, 90100 Saint-Dizier-l'Évêque, France
Douceur et Sérénité;8 bis Pl. de la Liberté, 86170 Neuville-de-Poitou, France
Basic-Fit;41 All. Jean Monnet, 86170 Neuville-de-Poitou, France
Aux Petits Soins;13 BIS Rue de Montigny, 45170 Neuville-aux-Bois, France
Le Monde de Lo;4 Rue des Bouchets, 45170 Neuville-aux-Bois, France
Le Grand Etang de La Jemaye;Étang de Laroche, 24410 La Jemaye-Ponteyraud, France
Château de Neuvicq-le-Château;Rue du château, 17490 Neuvicq-le-Château, France
Les Terrasses du Lac;58 Rte du Lac, 38110 Saint-Didier-de-la-Tour, France
Base de Loisirs de Neuvic;Av. de Planèze, 24190 Neuvic, France
Parc Pierre Trévoux;allée du 19 mars 1962, 69370 Saint-Didier-au-Mont-d'Or, France
Lacs de la Folie;1 Rte des Lacs, 88140 Contrexéville, France
Aquavel;56 Rue du Bearn, 54400 Cosnes-et-Romain, France
City Park De St-Désirat;07340 Saint-Désirat, France
EHPAD Résidence La Barillière;57 Rue de l'Oppidum, 14100 Saint-Désir, France
Maison de Retraite Marie Fanneau de la Horie;2 Pl. de la Mairie, 53250 Javron-les-Chapelles, France
Chêne Constantien;7 Rue du Lac, 53250 Javron-les-Chapelles, France
Espace vert public;53250 Javron-les-Chapelles, France
lac de pêche;29440 Saint-Derrien, France
Neuvéglise-sur-Truyère Tourisme;15260 Neuvéglise-sur-Truyère, France
L’Office de Tourisme de Neuvéglise;4 Pl. Albert, 15260 Neuvéglise-sur-Truyère, France
TRUYERE PLEIN AIR;5 impasse de l'embarcadère, 15260 Neuvéglise-sur-Truyère, France
Parcours Aventure Truyère Evasion;parc de la piscine, 15110 Chaudes-Aigues, France
Piscine Municipale;2 Lanau, 15260 Neuvéglise-sur-Truyère, France
Station Thermale;53 Quai Paul Léger, 74500 Évian-les-Bains, France
Parc de Neuvecelle;445C Chem. du Bois de Maraiche, 74500 Neuvecelle, France
Les jardins de l'eau du Pré Curieux (Accessible uniquement par bateau);Quai Baron de Blonay, 74500 Évian-les-Bains, France
Parc clair matin;74500 Neuvecelle, France
Étang de l'Étansiau;5 Gueraude, 61420 Saint-Denis-sur-Sarthon, France
Decathlon Compiègne - Jaux;102 Av. Jean Moulin, 60880 Jaux, France
Aquanor;3 Rte Philibert Tsiranana, Saint-Denis 97490, La Réunion
Experimental Park;5260F Pl. Jacques Tati, 60880 Jaux, France
Château des Magnans;189 Montée des Magnans, 04850 Jausiers, France
Ubaye Tourisme - Accueil de Jausiers;12-14 Grand Rue, 04850 Jausiers, France
Lac;Plan eau, 04850 Jausiers, France
Piscine Municipale - Piscina Municipale;11 Rés Bertrand Porette, 20250 Corte, France
Restaurant Suzume;264 Rue de L’Auche, 04850 Jausiers, France
Le Grand Chêne;"Route de Marcilly ""Avignon"", 41210 Neung-sur-Beuvron, France"
Communauté de communes de la Sologne des Etangs;Villemorant, 41210 Neung-sur-Beuvron, France
Gîtes et Haras de Garrypierre;La ferme du Garry, 181 Le Garry, 41210 Neung-sur-Beuvron, France
La Baratte;Le Bourg, 50210 Saint-Denis-le-Vêtu, France
Secret de Beauté;41 Rue de Kérentrée, 56300 Neulliac, France
Piscina - piscine de Cortsaví;Le Village, 66150 Corsavy, France
Château de Jaulny;22 bis Grande Rue, 54470 Jaulny, France
Salle Omnisports;85170 Saint-Denis-la-Chevasse, France
Château de l'Isle;Rue de l'Isle, 45560 Saint-Denis-en-Val, France
Massages Orléans Jocelyne Rouilly;3 All. de la Scierie, 45560 Saint-Denis-en-Val, France
Station de pleine nature les Bouviers;Saint-Paul-le-Froid, 48700 Saint-Denis-en-Margeride, France
Plage de La Turbine;07380 Jaujac, France
Beauté d'Ange Institut;15 Rue du Dr Charcot, 01500 Saint-Denis-en-Bugey, France
Piscine Plein Soleil;13 Rue du 19 Mars 1962, 93330 Neuilly-sur-Marne, France
Parc du croissant vert;1 Rue Albert Camus, 93330 Neuilly-sur-Marne, France
Accroche Toi Aux Branches | Jaujac (Aubenas);1025 Rte de Largentière, 07380 Jaujac, France
Orgues basaltiques de Jaujac;07380 Jaujac, France
Water Jump;FHJM+J5, 85560 Le Bernard, France
Asterales Restaurant;Hôtel du Golf restaurant Asterales, 784 Rte du Clos de la Balme, Les Ritons, 38250 Corrençon-en-Vercors, France
La Grolle;Les Ravauds, 38250 Corrençon-en-Vercors, France
CENTRE MEDICAL DE NEUILLY PLAISANCE;2 Rue Vincent Van Gogh, 93360 Neuilly-Plaisance, France
Fitness Park - Salle de sport Neuilly-Plaisance;10 Blvd Gallieni, 93360 Neuilly-Plaisance, France
Piscine de Neuilly-Plaisance;2 bis Chem. Tortu, 93360 Neuilly-Plaisance, France
Restaurant L'Embarcadère;15 Av. de la Plage, 01480 Jassans-Riottier, France
Parc de loisirs;15 Av. de la Plage, 01480 Jassans-Riottier, France
Piscine Municipale Dun Sur Auron;Rue des Ponts, 18130 Dun-sur-Auron, France
Base de loisirs de l'étang de Malagué;Rte de Malagué, 49140 Jarzé Villages, France
Piscine de Laneuveville-devant-Nancy;1 Rue Lucien Galtier, 54410 Laneuveville-devant-Nancy, France
Centre Aquatique de Charlieu-Belmont communauté;Rue du Stade, 42190 Charlieu, France
Office de Tourisme de Saint-Denis d'Oléron;2 Bd d'Antioche, 17650 Saint-Denis-d'Oléron, France
Étang des Plauderies;72350 Saint-Denis-d'Orques, France
Le Refuge en Touraine;Le Moulin Neuf, 37360 Neuillé-Pont-Pierre, France
Maison De Santé;7 Av. du Général de Gaulle, 37360 Neuillé-Pont-Pierre, France
Jardin d'évaZ'ion;10 Rue du Commerce, 37360 Neuillé-Pont-Pierre, France
Mes mains et toi;15 Rue de la Closerie, 37360 Neuillé-Pont-Pierre, France
Thermiserve;7 Rue d'Armilly, 37360 Neuillé-Pont-Pierre, France
Parc de Maintenon;Rue Maintenon, 37360 Neuillé-Pont-Pierre, France
Chez Nico étangs;1 La Fosse Plate, 37360 Neuillé-Pont-Pierre, France
Porte 17;17 Rue de Verdun, 54800 Jarny, France
Jardin des Panrées;1 Chem. des Panrees, 88310 Cornimont, France
Bureau d'Information Touristique de Cornimont;27 Rue de la 3ème Dia, 88310 Cornimont, France
Base Plein Air - André Mermet;804 All. Basse du Parc, 16100 Cognac, France
Parc Barabeau;3 Rue du Parc, 17520 Jarnac-Champagne, France
Office de Tourisme Métropolitain Nice Côte d'Azur - Bureau d'Information de Saint Dalmas le Selvage;Maison de Pays, 06660 Saint-Dalmas-le-Selvage, France
Petit Bois des Lutins / Plan d'Eau;Base de loisirs du plan d'eau, 06660 Saint-Étienne-de-Tinée, France
Tour de Cornillé;La Charpenterie, 49140 Cornillé-les-Caves, France
Natanjou;Rue des Boisnières, 49140 Cornillé-les-Caves, France
Les Nids d'Amandine;31 Pl. de l'Église, 01380 Saint-Cyr-sur-Menthon, France
Centre Hospitalier Gériatrique;32 Grand'rue, 19150 Cornil, France
Ruines du château de la Chapoulie;15 Rue de l'Église, 19150 Cornil, France
Parc de la Perraudière;26-2 Rue de la Petite Perraudière, 37540 Saint-Cyr-sur-Loire, France
Parc;91510 Janville-sur-Juine, France
Château d'Hardelot;1 Rue de la Source, 62360 Condette, France
Domaine de Lewisca;54 Rue des Deux Moulins, 62152 Neufchâtel-Hardelot, France
EHPAD Les Hespérides;4 Rue Marcel Graffin, 72600 Neufchâtel-en-Saosnois, France
Chez Julie;lieu dit, La Vall. Cajet, 72600 Neufchâtel-en-Saosnois, France
Le New Castle;20 Rue Francis Caris, 72600 Neufchâtel-en-Saosnois, France
Centre Hospitalier Intercommunal Ouest Vosgien;Site De Référence, 1280 Av. de la Division Leclerc, 88300 Neufchâteau, France
Decathlon Reims Cormontreuil;Bd d'Alsace Lorraine, 51350 Cormontreuil, France
L'Ecurie de Saint Cyr;3 Saint-Cyr, 17170 Saint-Cyr-du-Doret, France
Office de Tourisme Alsace Rhin Brisach;6 Pl. d'Armes Général de Gaulle, 68600 Neuf-Brisach, France
Office de Tourisme du Pays du Neubourg;110 Pl. du Maréchal Leclerc, 27110 Le Neubourg, France
Bell'ongle;7 Rue Octave Bonnel, 27110 Le Neubourg, France
MAISON AQUARIUM DU VAL DE BESBRE;Chem. du Stade, 03220 Jaligny-sur-Besbre, France
Plan d'Eau du Val Saint-Jean;15200 Mauriac, France
Cryotera - Pôle de Cryothérapie Caen;6 Bd de l'Espérance, 14123 Cormelles-le-Royal, France
Grand Stade Les Capellans;11 Rue Verdi, 66750 Saint-Cyprien, France
Jardin des plantes des Capellans;Rue Verdi, Mas des Capellans, 66750 Saint-Cyprien, France
Château de Nettancourt;7 Rue de Chée, 55800 Nettancourt, France
Lac de Saint cricq du gave;40300 Saint-Cricq-du-Gave, France
Parc de loisirs et sports;Rue des Boudeaux, 45270 Nesploy, France
Château de Cormatin;Grande Rue, 71460 Cormatin, France
Étang de Cormatin;71460 Cormatin, France
Parcours Aventure du Bugey;Site de Terre Ronde, Chem. du Col de Valorse, 01110, France
Les Charmes de Carlucet;24590 Saint-Crépin-et-Carlucet, France
Château de Corlay;2 Pl. du Château, 22320 Corlay, France
Étang de Corlay;Canton de Mûr-de, 22320, France
Camping municipal dessous de l'étang;13 Rue de l'Étang, 22320 Le Haut-Corlay, France
Le Relais de la Croix;9 Rue du Relais, 22320 Le Haut-Corlay, France
Château de Richemont;CJ67+4J, 24310 Brantôme en Périgord, France
Parc de Las Bouzigues;Chem. Bernard Monnier, 34830 Jacou, France
Piscine Alex Jany;32 Av. Pierre de Coubertin, 34830 Jacou, France
Piscines du Camping Sandaya;531 Avenue de Castelnau, 34830 Clapiers, France
Nature et Soins;2 Rue Emmanuel Grand, 73000 Jacob-Bellecombette, France
Espace écologique de loisirs;50 All. Colonel Arnaud Beltrame, 24330 Saint-Crépin-d'Auberoche, France
Parc de la Bouzaise;Av. du Parc, 21200 Beaune, France
Grotte de la Baume;21330 Nesle-et-Massoult, France
Mille et une beauté;18 Av. du Général de Gaulle, 33450 Izon, France
ECT Electricité Chauffage Techniques;67 Rte d'Anglumeau Local 8, 33450 Izon, France
Plage du Port;M3V9+7V, Saint-Coulomb, France
Halle de Cordes-sur-Ciel;4 Pl. de la Halle, 81170 Cordes-sur-Ciel, France
Porte de l'Horloge;Place, Grand-Rue de l'Horloge, 81170 Cordes-sur-Ciel, France
Porte des Ormeaux;58 Grand Rue Raimond VII, 81170 Cordes-sur-Ciel, France
Office de Tourisme - Accueil de Cordes-sur-Ciel;34 Grand Rue Raimond VII, 81170 Cordes-sur-Ciel, France
Porte du Vainqueur;39 Les Remparts, 81170 Cordes-sur-Ciel, France
groupe récréa;18 Rue Martin Luther King, 14280 Saint-Contest, France
Paseo;12 Rue Ferdinand Buisson, 14280 Saint-Contest, France
Piscine du Chemin Vert;42 Rue de Champagne, 14000 Caen, France
AccroCamp Caen | Accrobranche 14;Parc de la Colline aux Oiseaux, Av. de l'Amiral Mountbatten, 14000 Caen, France
Mase Atlantique;Centrale Thermique de Cordemais, Rte de la Font Neuve, 44360 Cordemais, France
Centrale électrique de Cordemais;44360 Cordemais, France
Terre d'Estuaire;Port de, 44360 Cordemais, France
Villa Cheminée;44260 Cordemais, France
Les Ateliers des Grands Cèdres;200 Changy, 42123 Cordelle, France
CENTRE HOSPITALIER BEL AIR;23 Bel air, 44650 Corcoué-sur-Logne, France
Office de Tourisme de Corcieux;9 Rue Henry, 88430 Corcieux, France
Plan d'eau de Néré;17510 Néré, France
Piscine Municipale d'Iteuil;Imp. des Tennis, 86240 Iteuil, France
Parc de la romaniquette;13800 Chem. du Bois Joli, 13800 Istres, France
Eden Parc;14 All. des Tamaris, 13920 Saint-Mitre-les-Remparts, France
Family Park Fos sur Mer;50 Av. Jean Jaurès, 13270 Fos-sur-Mer, France
Parc du Plan d'eau Saint Suspi;Av. Francis Arrighi, 13140 Miramas, France
Piscine des Salles;All. du Citharede, 13800 Istres, France
Base nautique Maora Jetgliss - Location Jet ski et bouées tractées;Plage De La Romaniquette, Route de St Chamas, 13800 Istres, France
Cascade des Saliens;63210 Nébouzat, France
Centre nautique André-Sousi;Place, All. Gaillard Romanet, 69500 Bron, France
CALYPSO;527 Rue Marius Feuillet, 38370 Saint-Clair-du-Rhône, France
Plage de Ghjunchitu;plage ghjunchitu, 20220 Corbara, France
Plage Corbara;JVHW+2R, 20256 Corbara, France
Plage de Cala di Furnellu;Corbara, France
Plage de la Marine de Davia;Corbara, France
Cèze Park;1-3, Martel, 30630 Montclus, France
Office de Tourisme d'Issigeac;2 Rue Grand Rue, 24560 Issigeac, France
Accès Parc du Marais;7PCG+75, 27830 Neaufles-Saint-Martin, France
Point de vue;Office de Tourisme, 46330 Saint-Cirq-Lapopie, France
Chemin de Halage (Partie Creusée);46330 Bouziès, France
Le Saint Cirq Gourmand;Grand route, 46330 Saint-Cirq-Lapopie, France
Restaurant Le Gourmet Quercynois;En haut du village Rue de la Peyrolerie, 46330 Saint-Cirq-Lapopie, France
Kalapca Loisirs : Location de Canoë sur le Célé et le Lot | Matériel de via-ferrata;25 route du confluent, 46330 Bouziès, France
La plage de Saint-Cirq-Lapopie;Prte Roques, 46330 Saint-Cirq-Lapopie, France
Espace Aquatique Municipal de Lalbenque - CausséO;80 Imp. de la Vignasse, 46230 Lalbenque, France
Piwipark;3530 Av. de Montagnac, 46330 Tour-de-Faure, France
Mieux être en soi;295 Chem. des Étangs, 88100 Nayemont-les-Fosses, France
Le pub du volcan;219 Rte de Rieutord, 07510 Saint-Cirgues-en-Montagne, France
La Vallée d'Amarok;Mas des Fayolles Issanlas, 07510 Saint-Cirgues-en-Montagne, France
Château de Wailly;Château de Wailly, 80160 Conty, France
Office de Tourisme de Conty;27 Pl. du Général de Gaulle, 80160 Conty, France
Ô'Loisirs;310 Rue de la Gare, 80160 Conty, France
Château de Saint-Cirgues;Saint-Cirgues, 15140 Saint-Cirgues-de-Malbert, France
Étangs de Conty;80160 Conty, France
La Ballastiere;221 Chp Pot de Vin, 55800 Contrisson, France
Gorges De La Jordanne;Gorges De La Jordanne, 15590 Saint-Cirgues-de-Jordanne, France
Parc de jeux de Vivier-au-court;08440 Vivier-au-Court, France
Parc Thermal;11-, 111 D13E, 88140 Contrexéville, France
Complexe Multisports Pierre de Coubertin;361 Av. du Haut de Fol, 88800 Vittel, France
Accrofolie;Rte des Lacs, 88140 Contrexéville, France
Pédal' eau Mentalo;Rte des Lacs, 88140 Contrexéville, France
Massage bien-être - Le Camélia Blanc;3 bis Rue Jules Maran, 33820 Saint-Ciers-sur-Gironde, France
Espace socio-culturel « La Canopée »;3 Rue du Gris d'Aunis, 41100 Naveil, France
Hypno'Mag;10 Rue de la Foliette, 41100 Naveil, France
Parc de la Piscine;41100 Vendôme, France
Office de Tourisme d'Ispagnac;Pl. Jules Laget, 48320 Ispagnac, France
La Cazelle Sport Nature;Base Canoë La Cazelle, Rte de Florac, 48210 Gorges du Tarn Causses, France
Parc national des Cévennes;Ventajols, 48400 Cans et Cévennes, France
Luna parc de l'ile de beauté;Av. du 9 Septembre, 20240 Ghisonaccia, France
Camping Lac Naussac;Rte de Naussac, 48300 Langogne, France
Kizou Aventures;61 Rue du Mûrier, 37540 Saint-Cyr-sur-Loire, France
Lac isles les Villenoy;WR5R+38, 77450 Isles-lès-Villenoy, France
Plan d’eau;1380 Rte du Plan d'Eau, 79220 Saint-Christophe-sur-Roc, France
Base de Loisirs Cherveux -Saint Christophe;Cherveux, 79160 Béceleuf, France
Camping Municipal de l'Isle-sur-Serein;Rte d'Avallon, 89440 L'Isle-sur-Serein, France
Site touristique des Grottes de Saint Christophe;3796 Route de Chambéry, D1006, 73360 Saint-Christophe, France
Office de Tourisme Pays Ségali - Bureau de Naucelle;Pl. Jean Boudou, 12800 Naucelle, France
Centre européen du résistant déporté (Natzweiler-Struthof);D130, 67130 Natzwiller, France
Centre aquatique intercommunal Pays des Sorgues Monts de Vaucluse;2 Av. Napoléon Bonaparte, 84800 L'Isle-sur-la-Sorgue, France
Office de Tourisme Saint Christophe en Oisans - La Bérarde;route de La Bérarde, 405 route de la Bérarde, 405 La ville, 38520 Saint-Christophe-en-Oisans, France
PARC AVENTURE OISANS;38520 Le Bourg-d'Oisans, France
La Cabane au bord du Lac;Le Parizet, 38142 Mizoën, France
Piscine Municipale de Contes;99 Chem. de l'Endiguement, 06390 Contes, France
Institut de beauté Forme et Détente;43 Av. de la République, 16340 L'Isle-d'Espagnac, France
Office de tourisme des Contamines Montjoie;18 Rte de Notre Dame de la Gorge, 74170 Les Contamines-Montjoie, France
Lac de baignade du Pontet;524 Chem. du Praz, 74170 Les Contamines-Montjoie, France
Acrobatic island;Chem. du Praz, 74170 Les Contamines-Montjoie, France
Plan d'eau Biotope;Rte de Prairy, 74920 Combloux, France
Parc du Chien Polaire;74170 Les Contamines-Montjoie, France
Nash Mountain Games;Parc de Loisirs du Pontet, 2585 Rte de Notre Dame de la Gorge, 74170 Les Contamines-Montjoie, France
Refuge de Nargis;Rte de Montabon, 45210 Nargis, France
Kinou Parc;3 Gauffrin, 36210 Saint-Christophe-en-Bazelle, France
Parc des Abras;6 Rue de la Minoterie, 85670 Saint-Christophe-du-Ligneron, France
Plan D'eau Les Abrats;3-4 Pl. de la Mairie, 85670 Saint-Christophe-du-Ligneron, France
Cirque de consolation;25390 Consolation-Maisonnettes, France
Cascade du Lançot;Unnamed Road, 25390 Consolation-Maisonnettes, France
Parc de Notre-Dame-de-Consolation;Unnamed Road, 25390 Consolation-Maisonnettes, France
Le Lovely Narbonnais - Balneo & Sauna;31 Rue Chanzy, 11100 Narbonne, France
Château Conti;1 Rue de Conti, 95290 L'Isle-Adam, France
Decathlon L'Isle Adam;ZAC du pont des rayons, 95290 L'Isle-Adam, France
Le Double L - Chambre romantique avec jacuzzi privatif à Cholet dans le Maine et Loire;Centre ville, 49300 Cholet, France
Parc Manchez;1 Rue de la Capitainerie, 95290 L'Isle-Adam, France
Obele soins esthétique;10 Rue du Lys, 49280 Saint-Christophe-du-Bois, France
Piscine Municipale Isle;Av. du Château, 87170 Isle, France
Office de Tourisme Haut Bugey;14 Rue Dr Emile Mercier, 01130 Nantua, France
Restaurant Belle-Rive;23 Rte de la Cluse, 01130 Nantua, France
Le Catholard;63 Rue Dr Emile Mercier, 01130 Nantua, France
Notre Dame de la Gardiolle - La Gardiolle - Chambre d'hôte / Hôtel;La Gardiolle, 30170 Conqueyrac, France
Centre aquatique de la Gardiole;41 Rue de la Clau, 34770 Gigean, France
SPA;Pointe Sainte Barbe, 29217 Le Conquet, France
Le Domaine de Cure;Dom. de Cure, 11600 Conques-sur-Orbiel, France
Étang des Nauves;Chem. de la Renauderie, 33230 Coutras, France
Conques Office de Tourisme - Espace Patrimoine et Paysages;1 rue Parayre, 12320 Conques-en-Rouergue, France
LE CHÂTEAU DE NANTILLY;GRAY, 1 Rue Millerand, 70100 Nantilly, France
Parc de la Roupie;1B Rue de la Piscine, 62330 Isbergues, France
Parc des Cités;35 Rue Mermoz, 62330 Isbergues, France
Parc du kiosque;Av. Henry le Châtelier, 62330 Isbergues, France
Parc de Picardie;24 Rue de Picardie, 62330 Isbergues, France
Complexe Basly;Rue Emile Basly, 62330 Isbergues, France
Parc;Av. Henry le Châtelier, 62330 Isbergues, France
Bricomarché Is-Sur-Tille;Rue François Mitterrand, 21120 Is-sur-Tille, France
Maison Estel;6 Rue de Paris, 72160 Connerré, France
Bricomarché Duneau Connerré;Rue de Paris, 72160 Duneau, France
Château Dubraud;17 Lieu-dit Dubraud Lieu-dit, 33920 Saint-Christoly-de-Blaye, France
Art Spa Espace bien-être;269 Av. Jean Moulin, 30380 Saint-Christol-lez-Alès, France
Jeux parc du Rouret;495 Chem. de Rouret, 30380 Saint-Christol-lez-Alès, France
Parc des Prés;Chem. des Prés, 30330 Connaux, France
Le Soufflot Irancy;33 Rue Soufflot, 89290 Irancy, France
La Plage de Nanterre;126 Av. Frederic et Irene Joliot Curie, 92000 Nanterre, France
Étang du parc André Malraux;V6V8+2W, 92000 Nanterre, France
Ferme de Castelnau;Castelnau, 12230 Nant, France
Office de Tourisme Larzac et Vallées;Pl. du Claux, 12230 Nant, France
La dourbie;27HW+GX, 12230 Nant, France
Parc Loisirs Chantemerle;Bcle du Coolidge, 05330 Saint-Chaffrey, France
Domaine de la Grotte Saint Cézaire;1481 Rte des Grottes, 06530 Saint-Cézaire-sur-Siagne, France
Terre du Sud;269 Chem. de l'Aspé, 06530 Saint-Cézaire-sur-Siagne, France
Myl Esthetique - Esthéticienne - Facialiste - Masseuse à Saint Cezaire sur Siagne;587 Route de Grasse, 06530 Saint-Cézaire-sur-Siagne, France
Refuge Terre de Soleil;2921 CD 13 Route de Grasse, 06530 Saint-Cézaire-sur-Siagne, France
PARC ADVENTURE SAINT CÉZAIRE SUR SIAGNE;1481 Rte des Grottes, 06530 Saint-Cézaire-sur-Siagne, France
Les Jardins de la Mansonnière;Lieu-dit La Mansonière, 61250, Saint-Céneri-le-Gérei, France
Office de Tourisme Condom - Gers - Ténarèze;5 Pl. Saint-Pierre, 32100 Condom, France
Base de Loisirs de Gauge à Condom;Chem. de Gaugé, 32100 Condom, France
Centre Maternel Les Lutins;Rte de Chambon, 18160 Ineuil, France
Institut La Villa Beauté;« Lalandette », 1 Rue du Rech, 47500 Condezaygues, France
Plage de la Pissotte;37B Rue des Nouettes, 22380 Saint-Cast-le-Guildo, France
La Maison de Trémontagne;16 Qur Prénovel de Bise, 39150 Nanchez, France
Saint-Cast Aventure;Chemin des Ecureuils Le Bois Bras, 22380 Saint-Cast-le-Guildo, France
Centre Nautique de Saint-Cast - Point Location Saint Cast;la Grande Plage, 22380 Saint-Cast-le-Guildo, France
Château du Guildo;52 Rue du Vieux Château, 22750 Saint-Jacut-de-la-Mer, France
Condette Apparts;46 Rue John Whitley, 62360 Condette, France
Tiaré Massage - Drainage lymphatique (Méthode Renata) - Soins radio haute fréquence;11 Rue de l'École, 22100 Saint-Carné, France
Le Temple de Bali;49 Rte de la Hure de Loup, 50890 Condé-sur-Vire, France
Lac de Condé;8J89+69, 27290 Condé-sur-Risle, France
bien-etre-bollywood by Decorté;970 Chem. de la Lecque, 13760 Saint-Cannat, France
Forteresse Royale de Najac;Rue du Château, 12270 Najac, France
AAGAC - Base de Pleine Nature de Najac;Le Païsserou, 12270 Najac, France
Office de Tourisme Ouest Aveyron - bureau de Najac;25 Pl. du Faubourg, 12270 Najac, France
Le Cabanon Naturo Massages et Naturopathie;Sourbins, 12270 Najac, France
Parc des sittelles;72450 Montfort-le-Gesnois, France
Restaurant Au Relais Fleuri;Le Bourg, 72600 Saint-Calez-en-Saosnois, France
Piscine de Gauchy;Rue de Picardie, 02430 Gauchy, France
La Divine Fromagerie;52150 Illoud, France
Centre Hospitalier Saint Calais;2 Rue de la Perrine, 72120 Saint-Calais, France
Maison de retraite de l'hôpital de Saint-Calais;2 Rue de la Perrine, 72120 Saint-Calais, France
Base de loisirs de Saint-Calais;Av. du Moulin Ars, 72120 Saint-Calais, France
Parc Jean MOULIN;Place du champ de Foire, 72120 Saint-Calais, France
Le Lac;Rue du Lac, 72120 Saint-Calais, France
Jardin Conservatoire - Parc à la Grenouille;Allée Manoll, 72120 Saint-Calais, France
Château de Nainville les Roches;1 Pl. de la Mairie, 91750 Nainville-les-Roches, France
Piscine - Bassin Philippe Croizon;Rue Jacques Duclos, 86530 Naintré, France
Calme;Lieu-dit Montjouvin, 28120 Illiers-Combray, France
Château de Condé;4 Rue du Château, 02330 Condé-en-Brie, France
Bureau d'Information Touristique d'Illiers-Combray;5 Rue Henri Germond, 28120 Illiers-Combray, France
Bricomarché Illiers-Combray;50 Av. Marcel Proust, 28120 Illiers-Combray, France
Domaine de la citadelle;19 Rue de Chartres, 28120 Illiers-Combray, France
Maison de Retraite;1 Rue de la Creuse Rue, 02330 Condé-en-Brie, France
Un Nouveau Chemin;10 Rue du 21 Novembre, 68720 Illfurth, France
Abbaye de Fontdouce;Abbaye de Fontdouce, 17770 Saint-Bris-des-Bois, France
Oppidum de Nages;Unnamed Road, 30114, Nages-et-Solorgues, France
Jardin de L'Agau (Aire de jeu enfants);30114 Nages-et-Solorgues, France
Cryotera - Pôle de Cryothérapie Saint Brieuc;56 Rue la Fayette, 22000 Saint-Brieuc, France
Valerie Gauthier;3 Rte du Stade, 87200 Saint-Brice-sur-Vienne, France
Carpodrome du Rochelot;87200 Saint-Brice-sur-Vienne, France
Sun Factory St Brice;2 Rue René Cassin, 95350 Saint-Brice-sous-Forêt, France
Neox beauty;Centre commercial des vergers, 95350 Saint-Brice-sous-Forêt, France
Sunday - Centre de bronzage UV Saint Brice;Centre Commercial des Vergers, Av. Rhin et Danube, 95350 Saint-Brice-sous-Forêt, France
Atelier 52 - Saint-Brice-sous-Forêt;52 Bd du Dr Galvani, 95350 Saint-Brice-sous-Forêt, France
Body Minute Saint Brice sous foret.;CENTRE COMMERCIAL CARREFOUR VALDO, 22 AVENUE ROBERT SCHUMAN, 95350 Saint-Brice-sous-Forêt, France
Parc pour enfant;1 Imp. Lulli, 95350 Saint-Brice-sous-Forêt, France
Parc Georges Brassens;Rue des Deux Piliers, 95350 Saint-Brice-sous-Forêt, France
E.Leclerc Une Heure Pour Soi;La Croix Maurencienne, 51370 Saint-Brice-Courcelles, France
Institut de beauté Cannelle;2 Rue Jules Guillochin, 51370 Saint-Brice-Courcelles, France
Aire De Detente Le REJALLANT;6691 Chem. de Rejallant, 16700 Condac, France
BAYARD Matériaux;80 Rte de Longueville, 62142 Nabringhen, France
L’Eden;6 Rue Basse, 41370 Concriers, France
Spa Le Nessay;Imp. du Béchet, 35800 Saint-Briac-sur-Mer, France
Plage de la Grande Salinette;64 Bd du Bechay, 35800 Saint-Briac-sur-Mer, France
Club Nautique de Lancieux;5 Bis Bd de la Mer, 22770 Lancieux, France
Thalasso st brevin;44250 Saint-Brevin-les-Pins, France
Plage de Tudy;39 Av. de la Plage, 29980 Île-Tudy, France
Parc départemental de l'Île-Saint-Denis;77 Quai de la Marine, 93450 L'Île-Saint-Denis, France
Aire de jeux de la Baleine - jeux d’eau;77 Quai de la Marine, 93450 L'Île-Saint-Denis, France
Amazonie-voyage;25 Rue Dezobry, 93200 Saint-Denis, France
Parc départemental de la Haute-île;34 Avenue Jean Jaurès, Rn 34, 93330 Neuilly-sur-Marne, France
Aire de jeux de l'Olympe;77 Quai de la Marine, 93450 L'Île-Saint-Denis, France
Piscine L'Oasis île tudy;Rue des Cyprès, 29980 Île-Tudy, France
Parc de la Pointe;12 Rue de la Pointe, 29980 Île-Tudy, France
Titus le jardin des Nymphaeas;D906 Route de Villefort, 30450 Concoules, France
Parc de Saleccia;Route de Bastia, 20220 L'Île-Rousse, France
Cosec Lycee;Rte de Calvi, 20220 L'Île-Rousse, France
Club nautique d'Ile-Rousse;Plage de la gare, Rte du Port, 20220 L'Île-Rousse, France
Centre Nautique;Rte du Phare, 29990 Île-de-Sein, France
Phare de Goulenez;29990 Île-de-Sein, France
Château de Comper;Château de Comper, 56430 Concoret, France
CPIE Forêt de Brocéliande - Centre d’accueil de Groupes (Bureaux);26 Pl. du Patis Vert, 56430 Concoret, France
CPIE Forêt de Brocéliande - Centre d'accueil de Groupes (Bâtiment d'Hébergement);Rue du Val aux Fées, 56430 Concoret, France
L'Archipel;29259 Île-Molène, France
Breizh kayak Evasion;rue d'armorique, 29259 Île-Molène, France
Office du Tourisme de l'île de Bréhat;Pl. du Bourg, 22870 Île-de-Bréhat, France
Moulin à marée du Birlot;Moulin à Marée du Birlot, 22870 Île-de-Bréhat, France
Phare du Paon;Île-de-Bréhat, France
Camping Municipal de l'ile de Bréhat;22870 Île-de-Bréhat, France
Centre nautique de Bréhat;371 Guerzido, 22870 Île-de-Bréhat, France
Jardin Georges Delaselle;29253 Île-de-Batz, France
Office de tourisme île de Batz;Débarcadère, 29253 Île-de-Batz, France
Phare de l'île de Batz;Rte du Phare, 29253 Île-de-Batz, France
Complexe Sportif;Rte des Sicardières, 85350 L'Île-d'Yeu, France
Port de la Meule;9999 Rue de la Meule, 85350 L'Île-d'Yeu, France
Club École de Voile de Berck-sur-Mer;Route départementale Lac des Foraines de l'Authie, 62180 Conchil-le-Temple, France
Île d‘Houat;92QF+P5, Île-d'Houat, France
Tour de l'île d'Houat (Morbihan);291 Port de Saint-Gildas, 56170 Île-d'Houat, France
LE FORT EN TAL;pointe En Tal 56170, Île-d'Houat, France
Étang de Saint-Bonnet;1 Rue du Champ Fossé, 03360 Saint-Bonnet-Tronçais, France
Aquabalt;7 ter Rue du 13E de Ligne, 58000 Nevers, France
Forêt de Tronçais;Rte Forestière de la Bouteille, 03360 Meaulne-Vitray, France
Futaie Colbert II;03360 Saint-Bonnet-Tronçais, France
Donjon de Conches-en-Ouche;11 Pl. Aristide Briand, 27190 Conches-en-Ouche, France
Arboretum - musée du pays de Conches;27190 Rue de la Cavée, 27190 Conches-en-Ouche, France
Ancienne abbaye;46 Rue Paul Guilbaud, 27190 Conches-en-Ouche, France
Office de Tourisme de Conches-en-Ouche;2 Rue Pierre Mendès France, 27190 Conches-en-Ouche, France
Bricomarché Conches-En-Ouche;Rue Eugène Pottier, 27190 Conches-en-Ouche, France
Musée du Verre François Décorchemont;25 Rue Paul Guilbaud, 27190 Conches-en-Ouche, France
A Co'thé;43 Rue Sainte-Foy, 27190 Conches-en-Ouche, France
Moukyparc conches;67 Rue François Mitterrand, 27190 Conches-en-Ouche, France
Auberge de l'Île;3 Pl. Bouchard, 37220 L'Île-Bouchard, France
Baignade;Rue de la Prte Arche, 37220 L'Île-Bouchard, France
Les Tours de Merle;Les Tours de Merle, 19220 Saint-Geniez-ô-Merle, France
Spa Baden : Douc'Heure du Golfe;50 Rue Mané er Groez, 56870 Baden, France
Golfe du Morbihan Vannes Tourisme - Bureau de l'île aux Moines;Rue Benoni Praud, 56780 Île-aux-Moines, France
Plan d’eau;Les Chambons, 71340 Iguerande, France
Loire swimming spot;53VJ+WV, 71340 Iguerande, France
Plan d’eau saint bonnet;M3, 42380 La Tourette, France
Espace Forme Haut Plateau (Musculation / Fitness / Piscine/Maison sport santé);9 Chem. des Boenes, 43290 Saint-Bonnet-le-Froid, France
Plan d’eau du Champsaur;M444+9Q, 05500 Saint-Julien-en-Champsaur, France
Compolibat (12);12350 Compolibat, France
La Société Protectrice des Animaux (SPA) - Refuge de Compiègne;square de la scierie, 2 Av. de l'Armistice, 60200 Compiègne, France
O Spa COIFFEUR ESTHÉTIQUE BRONZAGE;SUR LE PARKING AUCHAN, 84 Rue de Paris, 60200 Compiègne, France
Savana Parc;661 Blvd Charles Cros, 14123 Ifs, France
Patinoire;2 Rue Jacques Daguerre, 60200 Compiègne, France
Château de Montmuran;35630 Montmuran, 35630 Les Iffs, France
Domaine du château de la Châsse;14 La Chasse, 35750 Iffendic, France
Gîte de Boutavent spa Brocéliande;2 Boutavent, 35750 Iffendic, France
Domaine de Boutavent;Domaine de Boutavent, 35750 Iffendic, France
Aventur'O Lac - Loisirs et activités nautiques au Lac de Trémelin;2 Tremelin, 35750 Iffendic, France
Circus Park;18 Av. Charles de Gaulle, 51510 Fagnières, France
Piscine Olympique;45 Bd Justin Grandthille, 51000 Châlons-en-Champagne, France
Fontaine d’eau potable parc de jeux d’Idron;4 Av. Pierre de Belsunce, 64320 Idron, France
Centre De La Pierre Blanche - Balnéothérapie;2 Rue Pasteur, 69720 Saint-Bonnet-de-Mure, France
Kiné Sport Centre Balnéo;102 C Av. Charles de Gaulle, 69720 Saint-Bonnet-de-Mure, France
Quality Spa - Magasin de Spas Jacuzzi à Lyon;158-160, RN 6, 69720 Saint-Bonnet-de-Mure, France
Arrou Plage;23 Rue du Pont de Pierre, 28290 Vald'Yerre, France
Baignade d'Arrou;Rue du Pont de Pierre, 28290 Vald'Yerre, France
Parc du Château;33 Av. de l'Hôtel de ville, 69720 Saint-Bonnet-de-Mure, France
ZYGOLAND;Rte de Juillan, 65420 Ibos, France
UP2PLAY Ibos-Tarbes;UP2PLAY, Zone commerciale Le Méridien, 1 Rte de Pau, 65420 Ibos, France
Piscine municipale;Rue Abel Gance, 03600 Commentry, France
Château de Commarin;Route départementale, 21320 Commarin, France
Café du Château de Commarin;Rue du Château, 21320 Commarin, France
Allée Couverte du Mougau-Bihan;29450 Commana, France
Ecomusée des Monts D'Arrée - Moulins de Kerouat;Moulin de Kerouet, 29450 Commana, France
Plage du Drennec;29450 Commana, France
Restaurant Bain de Forêt;Rue du Schlossberg, 68420 Husseren-les-Châteaux, France
Lac de La Gimone;Au Briollé lieu dit, 32140 Cap d'Astarac, France
O'Coeur de la Roche;35a Rue Principale, 67420 Saint-Blaise-la-Roche, France
Château de Combreux (Loiret);70 Rte du Gâtinais, 45530 Combreux, France
BSN AVENTURE - Etang de la Vallée;Base de loisirs de l'Etang de la Vallée, 180 Rte de la Vallée, 45530 Combreux, France
L'Arche Desnoe Parc animalier;Le Grand Gravier, 53940 Saint-Berthevin, France
Etang Les Burons;La Mitière Etang Les Burons 2 L’Étang du, Le Buron, 53220 Saint-Berthevin-la-Tannière, France
Passage Bleu - St Berthevin (à proximité de Laval);proche Thiriet, 97 Av. de Paris, 53940 Saint-Berthevin, France
La Mine Bleue;500 Rte de la Gatelière, 49520 Segré-en-Anjou Bleu, France
Sport In Park;Zone Le Millénium, Rue des Gandonnières, 53940 Saint-Berthevin, France
Les jeux du plan d'eau de Coupeau;3578+CH, 53940 Saint-Berthevin, France
L'Euphorie des Sens - Bien-être physique et émotionnel;44 Chem. de la Croix Vieille Maison 3, 01600 Saint-Bernard, France
Néos Institut;33 Rue Abbatucci, 68330 Huningue, France
Massage Thaïlandais Traditionnel JAMJURI;14 Rue du Maréchal Foch, 68330 Huningue, France
Institut de Beauté Ticia;9 Rue Barbanegre, 68330 Huningue, France
Le Vauban;2 Rue Abbatucci, 68330 Huningue, France
KD Beauty Permanent Studio;14 Rue des Boulangers, 68330 Huningue, France
Institut Adena;11 Rue Abbatucci, 68330 Huningue, France
Vita'Laeti;34 Rue de la Concorde, 68330 Huningue, France
Un soupir de soi - Virginie SEBASTIANI;11 Rue du Jura, 68330 Huningue, France
Musée Historique;6 Rue des Boulangers, 68330 Huningue, France
Aline Beauté;44 Rue de Saint-Louis, 68330 Huningue, France
Huningue Plage;4 Quai de la République, 68330 Huningue, France
Jardins des Papillons;Rte de Ribeauvillé, 68150 Hunawihr, France
Eglise de Saint Benoit en Diois;26340 Saint-Benoit-en-Diois, France
Office Tourisme Destination Brenne - St Benoît du Sault;2 Pl. du Champ de Foire, 36170 Saint-Benoît-du-Sault, France
Parc - Île du Clain de Saint-Benoît;86280 Saint-Benoît, France
Château de Saint-Benoist-sur-Vanne;Rue du Moulin, 10160 Saint-Benoist-sur-Vanne, France
La Source d'Opale;6 Pl. de la République, 58270 Saint-Benin-d'Azy, France
AQUAFUN PARK;Togbin après le carrefour club des rois sur la route des pêches, Cotonou, Bénin
Parc Rosa Bonheur;Rue de la castinière, 58270 Saint-Benin-d'Azy, France
Étang de Huisseau-sur-Mauves;All. d'Ingré, 45130 Bucy-Saint-Liphard, France
Sita huiron;La Côte Plate, 51300 Huiron, France
Plain'Action - Amuz'land;44 Rue Bernard Palissy, 37500 Chinon, France
HOZ : HYDRO & FITNESS;Combals, 95 Pl. de la Scierie, 34980 Saint-Gély-du-Fesc, France
Chapelle du château de Saint Béat;260 Rue de l'Anglade, 31440 Saint-Béat-Lez, France
Centre SMR KORN ER HOUËT;Domaine de Korn er Houët, 56390 Colpo, France
YOUKANDA - Stock Carole - Massage Ayurvédique - Massage d'accompagnement en fin de vie - Rituel de Beauté - Vannes - Colpo;3 lieu dit Kerivalain, 56390 Colpo, France
Centre de loisirs;27930 Huest, France
Parc du plan d'eau;412 Chem. des Sauzedes, 34190 Saint-Bauzille-de-Putois, France
Baignade St Bauzille-de-Putois;34190 Saint-Bauzille-de-Putois, France
Parking Saint Bauzille de Putois Plan d'eau Pétanque;34190 Saint-Bauzille-de-Putois, France
Camp d'Artus;29690 Huelgoat, France
Falaises du Puech des Mourgues à Saint-Bauzille-de-Montmel;34160 Saint-Bauzille-de-Montmel, France
Restaurant Du Lac;9 Rue du Général de Gaulle, 29690 Huelgoat, France
Lac de Huelgoat;20 Rue du Général de Gaulle, 29690 Huelgoat, France
Office de Tourisme Haut-Pays Côte d’Opale;14 Grand Place, 62650 Hucqueliers, France
Auberge d'Hucqueliers;1 Pl. de la République, 62650 Hucqueliers, France
Institut DEVANA;27 All. du Roussillon, 31770 Colomiers, France
Decathlon Toulouse Colomiers;78 Chem. du Loudet, 31770 Colomiers, France
parc de jeux pour enfant;53100 Mayenne, France
PARC DE LOISIRS COLMONT;832 Av. de la Colmont, 53120 Gorron, France
Piscine Intercommunale;Av. Charles de Gaulle, 53120 Gorron, France
Étang de la Graffardière;La Graffardière, 53120 Colombiers-du-Plessis, France
Association De Gestion Des Jardins Des Renaudies;Les Mezerais, 53120 Colombiers-du-Plessis, France
Aquarium de Dunkerque;45 Av. du Casino, 59240 Dunkerque, France
Parc des Pommiers;59492 Hoymille, France
Centre Municipal de Santé;1 Trav. de Béziers, 34440 Colombiers, France
Office de Tourisme La Domitienne La Maison du Malpas;Rte de l'Oppidum, 34440 Colombiers, France
SMR Le Colombier;2 Av. François Boissier, 34240 Lamalou-les-Bains, France
Les gorges de Colombières;34390 Colombières-sur-Orb, France
Maison De Santé;30 Rue de Champ Vallet, 69124 Colombier-Saugnieu, France
Étang des Salines;304 Chem. des Salines, 69124 Colombier-Saugnieu, France
Étang Housséville;54930 Housséville, France
Auberge Lorraine;71 Rue Carnot, 54170 Colombey-les-Belles, France
Mémorial Charles de Gaulle;Mémorial Charles de Gaulle, 52330 Colombey les Deux Églises, France
MAISON DE SANTE DE COLOMBEY-LES-DEUX-EGLISES;15 Rue de Villesec, 52330 Colombey les Deux Églises, France
Tombe familiale du Général de Gaulle;24 Pl. de l'Église, 52330 Colombey les Deux Églises, France
L'Inter'Val;18 Pl. de l'Église, 52330 Colombey les Deux Églises, France
Institut Guinot;20 Rue du Bournard, 92700 Colombes, France
Parc Mayenne;La Robillardière, 53110 Le Housseau-Brétignolles, France
Piscine de Colombelles;Av. Léon Blum, 14460 Colombelles, France
Saint Baraing;2B Rue de la Mairie, 39120 Saint-Baraing, France
Claudius Therme;Sachsenbergstraße 1, 50679 Köln, Allemagne
AQUALAND Freizeitbad;Merianstraße 1, 50765 Chorweiler, Allemagne
Maison de Santé;Rte nationale, 45130 Saint-Ay, France
COCOPARK;78 Rue des Généraux Altmayer, 57500 Saint-Avold, France
La Bougeotte;20 Rue de l'Abbatiale, 24440 Saint-Avit-Sénieur, France
Manéo;28 Rue de Cormery, 37550 Saint-Avertin, France
Spa l'instant by Maéva;23 Mail René Cassin, 37550 Saint-Avertin, France
Centre de Bien-être Saint Avertin;21 Rue du Général Mocquery, 37550 Saint-Avertin, France
Institut de l'Aube;7 Rue du Clos Pichet, 37550 Saint-Avertin, France
Chateau de Saint Auvent;Le Bourg, 87310 Saint-Auvent, France
Office du tourisme;6 Rue de la République, 66190 Collioure, France
Manoa;361 Av. des Romarins, 34130 Saint-Aunès, France
Plage de Collias;2 Chem. de Saint-Vincent, 30210 Collias, France
Les Tinières;30210 Collias, France
Baignade;Chem. de Vai Aure, 30210 Collias, France
Kayak Vert Pont du Gard - Canoë Collias Gardon - Parking à l'entrée du village;8 Chem. de Saint-Vincent, 30210 Collias, France
Collias Bord du Gardon;24 Rue de la Treille, 30210 Collias, France
Maison du Castor;2 Rte de Nîmes, 30210 Collias, France
Omaha Beach;1114 Moulins, 14710 Colleville-sur-Mer, France
Croix de Guerre 5th Engineer Special Brigade;14710 Colleville-sur-Mer, France
Visitors Center;14710 Colleville-sur-Mer, France
Les Icaunais Givrés;Étang de, 89300 Saint-Aubin-sur-Yonne, France
Océan Espace Nautique;Bd maritime, 14880 Colleville-Montgomery, France
Le Domaine de la Balanderie;34 Rue de Ouistreham, 14880 Colleville-Montgomery, France
Bricomarché Colleville Montgomery;Rue de la Mer, 14880 Colleville-Montgomery, France
Community Sauna Saint-Aubin;Val de Saint-Aubin, 76740 Saint-Aubin-sur-Mer, France
APEI - Parc Guy Weber;Rue du Biffret, 76510 Saint-Aubin-le-Cauf, France
Plage de Colleville-Montgomery;14880 Colleville-Montgomery, France
Salle Communale;13 Rue de l'Église, 27680 Saint-Aubin-sur-Quillebeuf, France
Réserve naturelle du Cap Romain;1 Rue de Verdun, 14750 Saint-Aubin-sur-Mer, France
Office de tourisme de Saint-Aubin-sur-Mer (Calvados);1 Rue Pasteur, 14750 Saint-Aubin-sur-Mer, France
centre de bien etre canin;29 Rue Pierre Mathieu, 59570 Bavay, France
Office de Tourisme de La Colle sur Loup;10 Av. de Provence, 06480 La Colle-sur-Loup, France
Gîte - La vie est belle;10 Rue des Genêts, 56190 Muzillac, France
Office de Tourisme de Muzillac;Pl. Saint-Julien, 56190 Muzillac, France
Maison de Retraite L'Océane;22 Rue René Bazin, 56190 Muzillac, France
Un R de Famille;4 Rue du Gén de Gaulle, 56190 Muzillac, France
Camping Ô Rivage - Ambon;Toulan, Route de Muzillac, 56190 Ambon, France
Le Jardin Des Sens;3 rue du Général de Gaulle, 83310 Cogolin, France
Domaine des rives d'Ormoy;2 Rue des Carnaux, 91150 Ormoy-la-Rivière, France
Camping Night&Day Les Bords de Loire;Rue de l'Île Bourdon, 37140 Chouzé-sur-Loire, France
Le Café de la Loire;5 Rue de la Mairie, 37140 Chouzé-sur-Loire, France
Maison Médicale;2 Rue des Moulins, 37140 Chouzé-sur-Loire, France
Plan d'eau de Bourgueil;D749, 37140 Bourgueil, France
Accro Dombes;941 Verfey, 01240 Saint-Paul-de-Varax, France
Château des Ormes;RN Dix, 86220 Les Ormes, France
Institut de Beauté Delph;LA, 29 Rue Victor Hugo, 85360 La Tranche-sur-Mer, France
chloe'vasion;99 Rue Nationale, 45140 Ormes, France
SHA BEAUTEE;27 Rue Louise de Larnage, 45140 Ormes, France
Parc d'En Laure;81290 Labruguière, France
Sophie ROUSSEL Massage'S;7 Rue de Saint-Chamand, 51530 Chouilly, France
Centre Aquakineos;31 Rue de la Haute Borne, 51530 Chouilly, France
L'Héliotrope;815 Rte des Coteaux du Lyonnais, 69530 Orliénas, France
Etang Léo Lagrange;3 Rue du Pré aux Ânes, 62113 Labourse, France
Office de Tourisme;56 Chem. des Pontillas, 05230 Chorges, France
PROF'ÎLE coiffure;60 Rue de la Poste, 40210 Labouheyre, France
Centre de loisirs orleat;38 Rte de Maringues, 63190 Orléat, France
Grotte de Choranche;2865 route des grottes, 38680 Choranche, France
Melodie Termeulen centre de bien être;853 Rue Neuve, 60570 Laboissière-en-Thelle, France
EHPAD Les Jardins d'Iroise Laboissière-en-Thelle;50 Rue de Méru, 60570 Laboissière-en-Thelle, France
Magma Spa;Veïnat de Vall, S/N, 17430 Santa Coloma de Farners, Girona, Espagne
Orion France;87 Rue du Gouverneur Général Éboué, 92130 Issy-les-Moulineaux, France
Plage de Saint Gervais;Camping de Saint-Gervais, Saint-Gervais, 12460 Saint-Symphorien-de-Thénières, France
La Guinguette du Relais du Lac St gervais;5 rue du lac, Saint-Gervais, 12460 Saint-Symphorien-de-Thénières, France
Étang de Traînou;Rue de l'Âne Vert, 45470 Traînou, France
Parc municipal;45 Rue du Vieux Moulin, 45470 Traînou, France
Melovia Spa;51 Pass. des Arcades, 07000 Flaviac, France
Parking du club nautique;38220 Cholonge, France
La Société Protectrice des Animaux (SPA) - Refuge de Cholet;Rue de Toutlemonde, 49300 Cholet, France
Carine Coulbault relaxation;6 Sq. de la Borderie, 49300 Cholet, France
Decathlon Cholet;L'AUTRE FAUBOURG, 49300 Cholet, France
Frédérique CHEVALIER - ARRYA - ENERGETICIENNE;39 Rue des Vieux Greniers, 49300 Cholet, France
Centre Aqua Kiné République;95 Bd Gustave Richard, 49300 Cholet, France
Base nautique du parc interdépartemental de Choisy-le-Roi;Chem. des Bœufs, 94190 Choisy-le-Roi, France
Parc Interdépartemental de Choisy Paris Val de Marne;Chem. des Bœufs, 94000 Créteil, France
Parc Maurice Thorez;27 Bd des Alliés, 94600 Choisy-le-Roi, France
Parc de la Grande Mademoiselle;2 Rue Gutenberg, 94600 Choisy-le-Roi, France
AIRE DE SERVICES ET STATIONNEMENT CAMPING CARS;8 /10 Parc des Charmilles, 16140 Aigre, France
Balade Nature et patrimoine Aigre;Mairie, 16140 Aigre, France
TC Studio;35 Pl. de la République, 17290 Aigrefeuille-d'Aunis, France
INSTITUT BELL ET ZEN;3 Rue de la Chapelle, 44140 Aigrefeuille-sur-Maine, France
Le Sunset - restaurant bar;1247 Chem. de la Plage, 73610 Lépin-le-Lac, France
La Crique Aiguebelette - Plage privée - Restaurant - Location de Pédalos;440 route d’Aiguebelette, 73470 Nances, France
Aroma Spa Massage Bourg Saint Andeol - Espace détente privé;
Institut Espace Beauté;33 Rue Saint-Jacques, 43000 Le Puy-en-Velay, France
Biocoop Echo Nature;34 Av. de Roderie, 43000 Aiguilhe, France
ambralessia;lotissement les, 5 lotissement des, 5 Rue des Portes Sevignes Ambralessia, 5, 85450 Champagné-les-Marais, France
MYC Plage - Location de Pédalos Verdon;Pont Du Galetas, 83630 Aiguines, France
POINT.P Aillas;3 Rue des Girolles, 33124 Aillas, France
Mary S Design;13 Rue du Dr Binant, 80250 Ailly-sur-Noye, France
Village Club Miléade La Plagne;2975 Route des Centres Montalbert 1600, 73210 Aime-la-Plagne, France
Centre hospitalier AINAY LE CHATEAU;6bis Rue du Pavé, 03360 Ainay-le-Château, France
Anaïs Masseur animaliers;
Mirabelle Soa;Tananarive 101, Madagascar
Terain de football;5FHF+755, Antananarivo, Madagascar
Le soleil sous la pluie - Sophrologie - Réflexologie;6 BIS Cité Pierre Sauvage, 32460 Le Houga, France
Tourisme Aire Eugénie Antenne d'Aire-sur-l'Adour;Place du 19 mars 1962, 40800 Aire-sur-l'Adour, France
Domaine de la pierrine du bien-être;2314 Rte de la Fontaine, 40270 Lussagnet, France
Coiff&Co - Coiffeur Aire-sur-l'Adour;Centre Commercial E. LECLERC, 40800 Aire-sur-l'Adour, France
Cabinet de médecine esthétique - Dr Fonou;96 Rue De Latrille, 40800 Aire-sur-l'Adour, France
Appartement centre;4 Av. des Pyrénées, 40800 Aire-sur-l'Adour, France
Ayla Private Spa;38 ter, 38 Rue de Marmogne, 45140 Saint-Jean-de-la-Ruelle, France
Amanos;14 Rue Marceau Perrutel, 11000 Carcassonne, France
Fontaine Souterraine;79600 Airvault, France
La parenthèse nature du cheveu;1 Pl. Maillebois, 79600 Airvault, France
La Minute Blonde Airvault;6 Rue de Dissé, 79600 Airvault, France
Communauté de Communes Airvaudais-Val du Thouet;33 Pl. des Promenades, 79600 Airvault, France
Le 12 Restaurant Airvault - Fait Maison Produits Frais;12 Rue de la Gendarmerie, 79600 Airvault, France
Centre Communal d'Action Sociale;16ter Rue Emmanuel Bonnet, 79600 Airvault, France
Cafe Des Promenades;25 Pl. des Promenades, 79600 Airvault, France
Salle des Fetes de Soulievres (Airvault);79600 Airvault, France
caractere coiffure;50 Rue des Halles, 79600 Airvault, France
Musée Jacques Guidez;10 Rue de la Gendarmerie, 79600 Airvault, France
Base de Loisirs de Moncontour;Le Lac du Gué du Magne, 86330 Moncontour, France
Pause Relaxation;ou renseignements en téléphonant. PAS de prise de rendez-vous par mail ou SMS, Prise de rendez-vous obligatoire, 78 Rue du Faubourg Raines, 21000 Dijon, France
Be-Zen70;
Centre de vacances et de classes de découvertes d'Aisey-et-Richecourt;1 Rue du Petit Mont, 70500 Aisey-et-Richecourt, France
Essential Synergy;3 rue Capitaine Nicolas, Rue du Capitaine N. Broutechoux, 70500 Magny-lès-Jussey, France
Pascaline-Massage - Méthode Renata França Drainage lymphatique / Madéro / KOBIDO;5 Rue Varenne, 21140 Semur-en-Auxois, France
Mass'Sarah;36 Rue du Faubourg Bretonnière, 21200 Beaune, France
AS Beauty Studio;20 Av. Sadi Carnot, 25000 Besançon, France
Charlène Vienet;20 Pl. Marulaz, 25000 Besançon, France
Bureau d'Information Touristique de Précy-sous-Thil;1 Rte de Maison Neuve, 21390 Précy-sous-Thil, France
EL SECAT’OR;27 Rte d'Avallon, 21390 Aisy-sous-Thil, France
Arawak Aqua Park;QQP4+F95 Columbus Trading Post, Labadee, Haïti
Kaliko (sezonal);R2GP+3R, Grande souce, Haïti
Rivière dupas;FQG8+9F9, Petite-Rivière-de-Nippes, Haïti
Paradis parc;26CX+64 Bois Neuf, Saint-Marc, Haïti
G&G spa;Pétion-Ville, Haïti
MAXAGE;2 Marcel Toureau, Pétion-Ville 6142, Haïti
Source de Santé SOSA;9, Rue Lespinasse, Frageau-Ville XV, Delmas 75 Delmas HT, 6120, Haïti
Le Thermal;39 Cr Sextius, 13100 Aix-en-Provence, France
Gulli Parc Aix-en-Provence;240 Rue des Frères Perret, 13290 Aix-en-Provence, France
Montopoto;Chem. de la Diligence, 13760 Saint-Cannat, France
Urban Jump Aix-en-Provence;715 Rue Albert Einstein, 13290 Aix-en-Provence, France
Parc;Av. du Grand Vallat, 13290 Aix-en-Provence, France
La Pignata;à côté de Climb’up et Columbus Café, Parking P3 P4, Avenue des Chabauds Site Décathlon Village La Petite Bastide, 13320 Bouc-Bel-Air, France
Immersive Experience Massage Bien-être l Sonothérapie l Hypnothérapie Aix-en-Provence;Domaine de l escapade, 203 Av. Paul Jullien, 13100 Le Tholonet, France
Serenity Thaï Massage — Aix-en-Provence;3 Rue Chabrier, 13100 Aix-en-Provence, France
AYANA Massage;15 Av. Saint-Jérôme, 13100 Aix-en-Provence, France
Karine Sanchez • Thalasso bain bébé Aix en Provence;
Centre Akasha;36 Rue Venel, 13100 Aix-en-Provence, France
Aux Petits Soins;9 Rue de la République, 18220 Les Aix-d'Angillon, France
RDS Coiff;1 Pl. nationale, 18220 Les Aix-d'Angillon, France
Échappées Zen - Massages du Monde - Massage relaxant à domicile Mérignac (33);
Aix Sauna Club;8 bis Rue Annonerie Vieille, 13100 Aix-en-Provence, France
Massage Kobido - Traits d'équilibre Aix-en-Provence;Cabinet médical des 2 platanes, 2 Chem. de Beauregard, 13100 Aix-en-Provence, France
L'Atelier du Massage - ??12 ème Européenne catégorie Sport - Massages Bien-être | Sportif | Pré&Post Natal | Thaï;35 Rue des Prés Riants, 73100 Aix-les-Bains, France
Bricomarché Aix En Othe;32 Rue Joseph Anglade, 10160 Aix-Villemaur-Pâlis, France
Base de loisirs L'Etang;D158, 10190 Aix-Villemaur-Pâlis, France
SISA Val de Vienne;1 Pl. Guillaume Lemaistre, 87700 Aixe-sur-Vienne, France
L'Effet-Mère Massage de bien-être;
Camping La Besorgues Ardeche;Les Chambons, 585 chemin de Bellevue, 07530 Aizac, France
Office de Tourisme d'Antraigues-sur-Volane;Montée du Portail, 07530 Vallées-d'Antraigues-Asperjoc, France
MON SHIATSU MASSAGE;TALATAMATY, enceinte FORM+ Fitness center, Antananarivo 105, Madagascar
Aremys Evasion SPA;Lot 80 Coop les amandiers, Baba Hassen 16081, Algérie
Alizé Beauté Bien Etre;19 Bis Rte de Cherbourg, 50340 Les Pieux, France
ROM DOM massage bien-être à domicile;
Un moment pour soi;15 La Bazerière, 85190 Aizenay, France
Office de Tourisme Vie et Boulogne;2 Av. de la Gare, 85190 Aizenay, France
Yves Rocher;Centre Commercial Hyper U Espace Commercial Porte du Littoral, 85190 Aizenay, France
Viking Aventure;Bois de Fécamp, 27500 Aizier, France
Gorges de la Falaise;Chem. de Semaine, L'Ajoupa-Bouillon 97216, Martinique
Otia Massages bien-être Aubenas;Chem. de la Rande, 07200 Saint-Sernin, France
Cascade d'Alaincourt;13 Rue de la Papeterie, 02240 Alaincourt, France
Vincent Bien-Être;1 Rue Ernest Vieu, 11120 Argeliers, France
Centre National de Crénothérapie et de Thermo-Climatisme (CNCT);42MJ+296 Andranomafana, Antsirabe, Madagascar
SM Renata França;Rue Casanova, Terrasses Bodiccione, 26 Av. Maréchal Juin Bâtiment D1, RDC, 20090 Ajaccio, France
UNIVERS DU BIEN ÊTRE;Centre Médical A Madonuccia, Av. Docteur Noël Franchini, 20090 Ajaccio, France
Nao massages;Parc d’activités, Rte de Mezzavia 2, 20167 Ajaccio, France
Sculpt 8;H-privé, locaux sos médecin, Chem. d'Erbajolo, 20090 Ajaccio, France
Château d'Alba;89 Pl. du Château, 07400 Alba-la-Romaine, France
Piscine Municipale;Saint-Martin, 07400 Alba-la-Romaine, France
Office du tourisme;Rue du Barry, 07400 Alba-la-Romaine, France
Copeyre canoë Albas;Place des gabariers, 46140 Albas, France
Naturoplaisir massages ayurvédiques cahors;472 Rte des Crêtes, 46140 Luzech, France
Corpore Sano Massages;116 Av. d'Uxellodunum, 46140 Luzech, France
Spa Privatif Perpignan;côté du parc, 287 Av. Maréchal Joffre Entrée à, 66000 Perpignan, France
M' & Vous;21A Av. Georges Clemenceau, 80300 Albert, France
EssenCiel – Massage bien-être à Albert;37 Rue de Millencourt, 80300 Albert, France
Centre Hospitalier d'Albert;13 Rue de Tien-Tsin, 80300 Albert, France
Musée de l’Épopée de l'Industrie et de l'Aéronautique;17 Rue de l'Industrie, 80300 Albert, France
PARC AVENTURE CORSE VALDONIELLU;Route de Cuccia, 20224 Calacuccia, France
Tellier Gregory;32 Av. Victor Hugo, 73200 Albertville, France
Or du Temps;Rue de Fargues, 81000 Albi, France
Massage du Pastel;1 Rue du Palais, 81000 Albi, France
Un temps pour vous;199 Av. Albert Thomas, 81000 Albi, France
Ô Mains Sages et Reiki;143 Bd Soult, 81000 Albi, France
Spirit et Bien-Etre - Massage Montauban;2560 Chem. de Saint-Pierre, 82000 Montauban, France
Conscience et bien être;9 Rue Jean Moura, 82200 Moissac, France
INSTITUT AME ET SENS;416 Bd Blaise Doumerc, 82000 Montauban, France
Plan d'Eau;73530 Albiez-Montrond, France
Lac Savard;73530 Albiez-Montrond, France
Nymphea Au coeur de soi;
Les Mains de L'Or;
Office de Tourisme Explore Maurienne - Bureau d'Albiez-Montrond;Résidence Place du village Place Opinel, 73300 Albiez-Montrond, France
Centre d'accueil La Maison Blanche;Chem. de la Colonne, 73530 Albiez-Montrond, France
VTT ENDURO PARK ALBIEZ;PLACE OPINEL, 73300 Albiez-Montrond, France
Le Thé Lait Ski;160 Rue du Ravarin, 73300 Albiez-Montrond, France
SPORT 2000 AUX DEUX FRÈRES - Location ski Albiez Montrond;Le Mollard Les Vernataux, Rue du Ravarin, 73300 Albiez-Montrond, France
Besonozen;
Plage d'Aregno;20220 Algajola, France
Un temps pour soi;5 Rue A Marina, 20220 Algajola, France
Restaurant Glacier Le Beau Rivage;7A Rue A Marina, 20220 Algajola, France
SPA L'O - Santé & bien-être;QW5F+HJ6 slimane? lotissement? Rue Djafar Cherif Rekik, Chéraga 16002, Algérie
Spa Algotherm Paris - Dermo Ocean Spa;2 Rue Scribe, 75009 Paris, France
Piscine municipale;1 Rue du Fesc, 34290 Alignan-du-Vent, France
Duo Beauté;Zal Les pichottes, 62142 Alincthun, France
MuséoParc Alésia;1 Route des trois Ormeaux, 21150 Alise-Sainte-Reine, France
Irène OBRINGER Naturopathe - Praticienne massages bien-être;46 chemin des ouvrières de la soie, 07210 Chomérac, France
Gb studio;8 allée des chênes, 07210 Alissas, France
Alix bien-être et beauté;1 Rue du Roi Albert, 44000 Nantes, France
Zen Et Sens;14 B Rue du Président Roosevelt, 27340 Pont-de-l'Arche, France
Zen Escale - L'institut;9e Rue des Flandres, 27460 Le Manoir, France
Synlab laboratoire d'analyse;1 Av. de Lattre de Tassigny Avenue de, 27340 Pont-de-l'Arche, France
CFM HTA NORMANDIE;920 Les Sablons, 27460 Alizay, France
Centre Commercial;27460 Alizay, France
Aum Chalet;28 Rue Olivier des Bordeaux, 27340 Pont-de-l'Arche, France
Amira Land;6GWX+M2Q, El Khroub, Algérie
Plage Bac De Sors;24480 Alles-sur-Dordogne, France
Château d'Alleuze;Unnamed Road, 15100 Alleuze, France
Ô Des Cimes Spas d'Altitude Les Chalets de Jouvence;46 Rte des Servages, 74300 Arâches-la-Frasse, France
la Cave aux fees;422 Rte de la Chandouze, 74380 Cranves-Sales, France
Maison Saint-Joseph d'Allex;4 Mnt de la Butte, 26400 Allex, France
Valentin BENOIT - Massage bien être à domicile et en cabinet;200 bis Chem. de Saint Roch, 26400 Grane, France
Anahata Ayurvéda;5 Rue du Fossé, 26400 Grane, France
Etincelle de bien être carpe diem;78 Impasse des Étourneaux, 26260 Saint-Donat-sur-l'Herbasse, France
Prãnã centre de bien être;18 Rte de Tence, 43400 Le Chambon-sur-Lignon, France
Sentier Douceur - Massage le Puy-en-Velay;3 Rue Antoine Martin, 43000 Le Puy-en-Velay, France
Julienne Paul EI - Massages et Réflexologie;Masfrayt, 43510 Cayres, France
Head Spa_Franci Relaxation et Énergie;62 Bd Jean Moulin, 44100 Nantes, France
À l'Unisson - Massage bien-être;21 Bd Jacques Millot, 49000 Angers, France
Massage Bien-être;5 Rue Ernest Renan, 49500 Segré, France
Suspendisse Bien-Être;5 All. des Remparts, 49330 Les Hauts-d'Anjou, France
Espace bien être Harmonie;15 Rue Grande Rue, 49330 Les Hauts-d'Anjou, France
Douceur d'instant;4 Chem. des Chailloux, 49610 Les Garennes sur Loire, France
Jurassic Island;Imp. des Sapotilles, Sainte-Anne 97180, Guadeloupe
Aquabike Guadeloupe Saint Anne;Route de Douville, Sainte-Anne 97180, Guadeloupe
Parc Place Sainte-Rose;88M3+3G7, Sainte-Rose 97115, Guadeloupe
Mahaut;66J6+W2C, Pointe-Noire 97116, Guadeloupe
Kamela Beauty Spa;plage de raisins Clairs, Centre commercial Crystal Beach, Saint-François 97118, Guadeloupe
Lomaï Li Massage;30, de Route de Cocoyer, Saint-François 97180, Guadeloupe
SPA AKOYAWA;Golf international de Saint François, Avenue de l'Europe, Saint-François 97118, Guadeloupe
Centre Hospitalier de Mayotte (CHM);Rue de l'hôpital, Mamoudzou 97600, Mayotte
Jade Institut & Spa mayotte;Résidence Isis Les Hauts Vallons Majicavo Lamir, 97600, Mayotte
Zen et Cocoon;Lot Décasés, 15 Bcle Coco Madi, Pamandzi 97615, Mayotte
Plage de N'Gouja;23QM+5XV, Mayotte
Plage de Petite Moya;57VM+HQ9, Mayotte
Plage de Tanaraki;63R9+7HJ, Tanaraki, M'Tsangamouji, Mayotte
Plage de Sakouli;4667+F3X, RN 3, Mayotte
Waterland;30 zone Nel 97600 kaweni, Mamoudzou 97600, Mayotte
Parc Naturel Marin De Mayotte;Centre d'affaire de l'aéroport, Pamandzi 97615, Mayotte
Ylang Esthetique;Résidence Lukida 1 les trois vallées, Mamoudzou 97600, Mayotte
Sublime Institut Mayotte;25 rue maboueni, Mamoudzou 97600, Mayotte
KWEZI BEAUTY;8 Route Nationale 2 M'Tsapere, 97600, Mayotte
Institut Cannelle Passamainty;Route de vahibé, 16 résidence rivièra, 97605, Mayotte
Jenny Institut;27 rue du Cinéma Alpadjo, 27 Rue du cinéma, Mamoudzou 97600, Mayotte
Couleurs & Beauté Mayotte;23 rue chef ousseni, Combani 97680, Mayotte
Cabinet de bien-être de Mayotte;11 Rue Salamani, Mamoudzou 97605, Mayotte
Corse Nature Evasion;Plage de Santa Giulia, 20137 Porto-Vecchio, France
En Bons Thermes;Centre commercial la Véranda, Rte de Didier, Fort-de-France 97200, Martinique
Zenergie - Massage Martinique;Cap Est, Residence Pointe Jacob, Le François 97240, Martinique
Ancienne Station Thermale d'Absalon;Absalon, 16 Quartier, Fort-de-France 97200, Martinique
Villa Edengil & Spa;Fonds Sable Blanc, Le Robert 97231, Martinique
Le Cocon by Tropical Spa;Bambou Resort Anse Mitan, Les Trois-Îlets 97229, Martinique
Source d'eau chaude d'absalon;MWG3+VQF, Fort-de-France 97200, Martinique
Les Mille Et Une Nuits Guyane;7 All. du Mont, Remire-Montjoly 97354, Guyane française
Estella Nature et Bien-être;6 rue des quenettes, Cité Mirza, Cayenne 97300, Guyane française
Ô Mignon Cocon;18 Rue des Deux Criques, Remire-Montjoly 97354, Guyane française
Gardénia Top Beauté – Institut de beauté à Cayenne en Guyane;58 Rue G. Devèze, Cayenne 97300, Guyane française
CENTRE AQUATIQUE DE CAYENNE;966, 97300 Rte de Baduel, Cayenne, Guyane française
Jeux d'eau de la plage de Saint-Leu;345 Rue du Général Lambert, Saint-Leu 97436, La Réunion
Jeux d'eau plage Saint-Pierre;Plage, Saint-Pierre 97410, La Réunion
PARC DE LA LUGE;795 Rte du Maido, Saint-Paul 97423, La Réunion
Aqua Forme Réunion;Collé à My Gym 360, 14 All. des Artisans, Saint-Pierre 97410, La Réunion
Aquabob;169 Rue Jules Auber, Saint-Denis 97400, La Réunion
M2O Centre Aquatique privé aux Avirons;48 Rue Bertin, Les Avirons 97425, La Réunion
Parc gonflable du colosse;Chemin champ borne, Rue de Cambuston, Saint-André 97440, La Réunion
Cilaosa Parc Aventure;Route du Bras Sec, Cilaos 97413, La Réunion
Complexe Aqualoisirs Francis Nicole;2 Rue Jules Joron, Saint-Pierre 97410, La Réunion
Croc Parc;1 route forestière, L'Étang-Salé 97427, La Réunion
Piscine du front de mer;Bd du Front de Mer, Saint-Paul 97460, La Réunion
Karré d'O;8 Rue Antoine de Bertin, Saint-Paul 97434, La Réunion
Lagon Bien être;chemin du Littoral, Saint-Paul 97434, La Réunion
Thermes de Cilaos;Rte du Bras-Sec, Cilaos 97413, La Réunion
La Sphère;42 Rue de l'Anjou, Sainte-Clotilde 97490, La Réunion
Akea Spa & Beauty;43 rue des Mascarins Petite-Ile, 97429, La Réunion
Soa Zen Massage;102 ter Rue des Sables, Saint-Paul 97434, La Réunion
L'Orchidée Spa;6 Imp. des Goélands, Saint-Paul 97434, La Réunion
Massage sur l'eau - La Réunion;Planch Alizé, Rue des Mouettes, Saint-Paul 97434, La Réunion
Solkyna Institut;153 chemin crève cœur, rte de Belleméne, Saint-Paul 97460, La Réunion
Carré Zen;Savanna Carre Zen, 926 Chemin de la Tour des Roches, Saint-Paul 97460, La Réunion
Ô Monde des sens;3 bis Rue Fleurie, Saint-Paul 97435, La Réunion
Cas'Akea;Pointe des Châteaux, 44 Rue Georges Pompidou, Saint-Leu 97436, La Réunion
Aventure Parc Aramits;3338 Chemin Gouloume, 64570 Aramits, France
Calinaissance;Pôle Médical Pau-Pyrénées, 19 Av. de l'Europe, 64000 Pau, France
Rituel Bien-Être – Massage & soins à Sains-en-Amiénois - Ferme de Mamont;Rte de Cottenchy, 80680 Sains-en-Amiénois, France
Comme une plume en Baie de Somme massages énergétiques et sophrologie;Rue Victor Pelletier, 80550 Le Crotoy, France
Dans les bras d'Hélène - Hélène REBOUL - Thalasso Bain Bébé Montpellier;
L'Odyssée du Bien-Naître;Le Nid d’Aglaïa - Maison de la Femme & de la Périnatalité, 250B Rue des Étangs, 01170 Crozet, France
Doulamalia - Thérapeutique Bain Bébé;9 Av. du Stade, 71390 Saint-Désert, France
Hammam de Yasmine;36-38 Rue de la Motte, 71100 Chalon-sur-Saône, France
Centre de Loisirs (Jura Resort Sport & Spa);Chem. des Sports 10, 2350 Saignelégier, Suisse
All'eau Turquoise;Champs Saint-Martin 15, 2942 Alle, Suisse
hammam oriental de bergerac;11 Pl. Gambetta, 24100 Bergerac, France
Espace bien-être MANDALA Spirit;44 Rue des Cordeliers, 24200 Sarlat-la-Canéda, France
Les bains d'Alma;7 Rue du Petit Sauvage, 52100 Saint-Dizier, France
Maman bébé Baby Spa;20 Rue Colbert, 51100 Reims, France
La Parenthèse Bébé | Aurore DA CUNHA • Massage prénatal - postnatal • Soin Rebozo • Thalasso Bain Bébé • Portage bébé;39 Av. de Paris, 95600 Eaubonne, France
Spa Lac d'o ZEN;13 Pl. du Marechal Foch, 95880 Enghien-les-Bains, France
Bébé Koala Consultante en lactation IBCLC - Thalasso thérapeutique bain bébé - portage en écharpe - massage bébé;1 All. de la Commanderie, 95380 Puiseux-en-France, France
Espace Beauté & Spa Thalgo;2 A Rue Camélinat, 78390 Bois-d'Arcy, France
L'Instant Bien-Naître de Bébé;13 Rue Alexandre Roche, 42300 Roanne, France
La Lunaison de L'éphémère . Morgane;6 Rue Professeur Calmette, 42230 Roche-la-Molière, France
Laëtitia GUILLAUME – OLAISSANCE;13 Rue Camille Pariat, 42110 Feurs, France
Modelages du monde byAurel;204 Rue de Pont-à-Mousson, 57950 Montigny-lès-Metz, France
Pailin thai spa;24 Rue Noël Ballay, 28000 Chartres, France
Spa by Monarque;22 Pl. des Épars, 28000 Chartres, France
Neroli Hammam;11 Rue Abel Servien, 38000 Grenoble, France
Silence;2 Rue de Narvik, 38000 Grenoble, France
Les Jardins d'Amakrys;25 Rue Duployé, 38100 Grenoble, France
Maika’i Spa;5 Av. Jean Jaurès, 05000 Gap, France
Montana Massage Serre Chevalier;Alpe, Immeuble Plaine, 2 Chem. de l'Oratoire, 05240 La Salle-les-Alpes, France
laure benceny Le massagesoin;TERA NAAM, 15 Rue des Meuniers, 05200 Embrun, France
Sagesse centre;65 Rue d'Antes, 79000 Niort, France
Arbor Et Sens;Bois de Mauquey, D121, 33670 Saint-Genès-de-Lombaud, France
Fun Space;2 Bd des Vauguillettes, 89100 Sens, France
Auréa Kinésis;1 Rue des Ballets, 89000 Auxerre, France
Hamao;
Massage Bien -Être;1 Sq. des Mimosas, 85540 Moutiers-les-Mauxfaits, France
COCHAIN MURIEL - MASSAGE BIEN ETRE - MASSAGE AMMA ASSIS - MASSAGE CRANIEN - MASSAGE THAI;4 Imp. des Cousettes, 85110 Chantonnay, France
A fleur de vie ? Réflexologie plantaire et massage bien-être aux portes de La-Roche-sur-yon ?? Mouilleron-le-captif en Vendée;41 All. des Treilles, 85000 Mouilleron-le-Captif, France
Fun Parc Aventure;Fertôt, 58470 Gimouille, France
Les Bains de Noléa;1 Rue de la Marebaudière, 35760 Montgermont, France
A l'Heure du Bien-Etre - Centre Wellness & Spa;Rue du Bois Du Four 2, 6440 Froidchapelle, Belgique
Parc Animalier des Pyrénées;60Bis Av. des Pyrénées, 65400 Ayzac-Ost, France
Cascade Du Pan;Rue Jules Castets, 65200 Bagnères-de-Bigorre, France
Marine AquaDétente;54 Route Nationale 20, 45520 Cercottes, France
L'instant Vienne;10 Rue Henri Jacquier, 38200 Vienne, France
Ô Soins d’Marina - Massage & Headspa;4 Pl. Louis Revol, 38200 Vienne, France
Aqua Beauté;8 Rue du Collège, 38200 Vienne, France
L'Atelier Détente;6 Rue Jean-Jacques Rousseau, 38200 Vienne, France
CENTRE REJUDERMIE VIENNE;27 Bd de la République, 38200 Vienne, France
Sans Souci Spa;Burggasse 2, 1070 Wien, Autriche
TERAPIYA by LAURA BM;6 Rue du Collège, 38200 Vienne, France
Alya Estetik Centre de Beauté & d'épilation Laser;29 Rue Boson, 38200 Vienne, France
Sagesse Head Spa;70 Cr Romestang, 13 Rue Testé du Bailler, 38200 Vienne, France
Espace Esthétique Anti-Age Minceur;27 Bd de la République, 38200 Vienne, France
Anantara SPA Vienna;Schottenring 24, 1010 Wien, Autriche
Anne-laure Ville Thalasso bain Bébé II Accompagnement périnatal & Thérapeute holistique;3 Rte des Pierres Blanches, 69290 Grézieu-la-Varenne, France
Famille O'Naturel -Bain Thalasso Therapeutique Bebe/ Praticienne EFT/ Soin énergetique - Magnetisme/ Accompagnante périnatale;69007 Lyon, France
Évidence périnatalité - Thalasso bain bébé - Consultation allaitement maternel - Portage et Massage;6 Rue Louis Canitrot, 31320 Castanet-Tolosan, France
AromDee Thaï massage;113 Rue Achille Viadieu, 31400 Toulouse, France
PRÂNATURE;3 Rte de Lugan, 12220 Montbazens, France
Aqua Vertu;11 Rte de Joinville, 10200 Soulaines-Dhuys, France
So'Mom;1869 route de lacougotte-cadoul, 81500 Lavaur, France
Envie de bien naître accompagnante périnatal et de la femme;2269 route de Grazac, 81800 Rabastens, France
Maison Soä | Maison du bien-être & de la périnatalité;34 Av. de la Gare, 31660 Bessières, France
Anahata - Creuse;6 Balzine, 23130 Saint-Chabrais, France
Massage Bien-etre & Coaching Sportif Carros Nice ALPES MARITIMES;429 Rte des Plans, 06510 Carros, France
Massages bien-être AMPRANA;701 Chem. du Carignan, 06740 Châteauneuf-Grasse, France
Engy Holistique Massage - Bien-être & Head Spa Menton.;117 Rte du Val des Castagnins, 06500 Menton, France
Massage bien être - deep tissue - Nice - Camille;54 Rue Rossini, 06000 Nice, France
Earth Riviera massage;
Salvana Spa;23 Rue du Commandant Raffalli, 06000 Nice, France
Thalasso Bain Bébé - Le Mans - NASCENTIA | Thérapeutique Bain Bébé;
O'Zone Aqua Centre;5 Rue Ramond, 63000 Clermont-Ferrand, France
Spa Le Magnetic;41 Av. de la République, 63100 Clermont-Ferrand, France
Nao - Massage et Spa de Flottaison;Sur RDV 16 rue Fontgiève Portail vert, au fond de la cour à gauche, 63000 Clermont-Ferrand, France
Ô BANYAN - Cure Ayurvédique - Formation en Ayurveda - Astrologie védique;1 Imp. des Ormeaux, 11110 Salles-d'Aude, France
Escale Bien Etre Spa;124 Av. Jean Bouin, 40600 Biscarrosse, France
Thalasso-bain bébé Lo2larenaissance;3 Imp. du Pigeonnier, 13240 Septèmes-les-Vallons, France
Spa nhow Marseille;Fildzerald Kennedy, 200 Cor Président John Fitzgerald Kennedy, 13007 Marseille, France
TOBOGGAN et Cie Limoges Nord;8 Rue de Buxerolles, 87100 Limoges, France
SPA du Cantal le 15 - Refuge pour animaux;1830 route des Châtaigniers, 15130 Arpajon-sur-Cère, France
Prévention Sport Santé Argelès;17 Rue des Colverts, 66700 Argelès-sur-Mer, France
Therme Balinea;Badstraße 14, 79415 Bad Bellingen, Allemagne
Keidel Mineral-Thermalbad Freiburg;An den Heilquellen 4, 79111 Freiburg im Breisgau-Sankt Georgen, Allemagne
Cocon de vie - Bain Thalasso Bébé - Massage femme enceinte - Mulhouse;2 Av. de Bruxelles, 68350 Brunstatt-Didenheim, France
Institut De Beauté Em'sthek Sainte-Gemmes-Sur-Loire 49 Maine et Loire agréé Yon-ka;Institut De Beauté Em'sthek Sainte-Gemmes-Sur-Loire 49 Maine et Loire agréé Yon-ka, 2 Chem. du Passeur, 49130 Sainte-Gemmes-sur-Loire, France
Pur Et Zen;14 Rue de Frémur, 49000 Angers, France
Mes Mains sur Vos Pieds bascule en Mes Mains sur votre Tête;aux Clercs, 36 Rue de la Font au Clerc, 49320 Brissac Loire Aubance, France
EVOLVE ? Yoga & Massages - Helena Kurkcu;2834 Av. Justin Bonfils, 84220 Gordes, France
SAMMA SATI;6 Av. des Theologiens, 84800 L'Isle-sur-la-Sorgue, France
Centre nautique Jacques Brel;20-38 Rue Auguste Delaune, 93000 Bobigny, France
Nesspa - Head Spa Paris 11 - Massages crâniens et soins du visage;131 Rue de la Roquette, 75011 Paris, France
Base de Loisirs de Parthenay;Bd Georges Clemenceau, 79200 Parthenay, France
Lezay land;18 La Martinière, 79120 Lezay, France
Espace de loisir de la touche;79350 Amailloux, France
SERENITY SPA NOEMIE SADDIER;43 Rue Perrine, 74800 La Roche-sur-Foron, France
ELA Beauté;8 Bis Rue du Bois Teilleul, 35150 Amanlis, France
La Java Bleue;15 Laval, 35150 Amanlis, France
Étangs de la Blanche;Chem. de la Palue de la Blanche, 33440 Ambarès-et-Lagrave, France
Aloha les enfants;ZA de Beauséjour, 9 Rue de Chante-Alouette, 33440 Ambarès-et-Lagrave, France
Piscine municipale Alain Bernard;Av. Pierre Barre, 33440 Ambarès-et-Lagrave, France
Parc Kelheim;Parc Kelheim, 33440 Ambarès-et-Lagrave, France
Piscine d'Ambès;2 Rue Modigliani, 33810 Ambès, France
Office de Tourisme Vallée du Tarn & Monts de l'Albigeois - Bureau d'Information touristique d'Ambialet;Rue du Prieuré, 81430 Ambialet, France
Piscine municipale Jean-Jacques Caillis;1 Chem. de la Piscine, 66110 Amélie-les-Bains-Palalda, France
flowonaturel;7 Rue du Pays D'auge, 14860 Amfreville, France
HAPPY CITY ROUEN;177 b Rte de Paris, 76920 Amfreville-la-Mi-Voie, France
Square Jacques Prévert;76920 Amfreville-la-Mi-Voie, France
Aquatic Park Eldorado;Contrada Piani di Sopra, 62021 Apiro MC, Italie
Aquatic Park La Nuova Isola Osimo;Via Cagiata, 135, 60027 Campocavallo AN, Italie
Salle Polyvalente d’Ancourteville-sur-Héricourt;83 Rue de l'Église, 76560 Ancourteville-sur-Héricourt, France
Château Gaillard;27700 Les Andelys, France
Office de Tourisme Nouvelle Normandie - Les Andelys;2 Rue Grande, 27700 Les Andelys, France
Bricomarché Les Andelys;Rue Lavoisier, 27700 Les Andelys, France
Le clos du château;63 Rue Gilles Nicolle, 27700 Les Andelys, France
Parc du Bord de Seine;56 Quai Grimoult, 27700 Les Andelys, France
Remue Méninges;65150 Anères, France
Base plein air des 3 Pierres;16130 Angeac-Champagne, France
flowzen head spa;33 Bd Saint-Michel, 49100 Angers, France
Parc pour enfants;49100 Angers, France
Château de Bailleul;Rte du Château, 76110 Angerville-Bailleul, France
Au Pays des Carrioles;Mas Amadou, 34150 La Boissière, France
Canoë RAPIDO - St Guilhem le Désert - Gorges de l'Hérault;4 Av. Saint-Benoît d'Aniane, 34150 Saint-Guilhem-le-Désert, France
Goût d'Aventure;4 Av. Saint-Benoît d'Aniane, 34150 Saint-Guilhem-le-Désert, France
Complexe aquatique de Saint-Léonard;5115 Rue des Galets, Saint-Léonard, QC H1R 1P9, Canada
Centre aquatique de Rivière-des-Prairies;12515 Boulevard Rodolphe-Forget, Montreal, Quebec H1E 6P6, Canada
Parc Chénier;5555 Av. de l'Aréna, Anjou, QC H1K 4C9, Canada
Piscine du parc Chénier;5555 Av. de l'Aréna, Anjou, QC H1K 4C9, Canada
Piscine du Complexe sportif de l'école secondaire d'Anjou;5515 Av. de l'Aréna, Anjou, QC H1K 4E1, Canada
Piscine du parc des Roseraies;7070 Av. de la Nantaise, Montréal, QC H1M 1B2, Canada
Piscine du parc Lucie-Bruneau;7051 Av. de l'Alsace, Anjou, QC H1J 2X8, Canada
Piscine du parc de Verdelles;Parc Verdelles, Pl. de Verdelles, Montréal, QC H1K 1M9, Canada
Piscine du parc Roger-Rousseau;7501 Av. Rondeau, Montréal, QC H1K 5A8, Canada
Pataugeoire du parc du Bocage;Av. du Bocage, Montréal, QC H1M 1X2, Canada
Club de Natation CAFA;8205 Rue Fonteneau, Anjou, QC H1K 3P4, Canada
LA CRÉMAILLÈRE;15 Imp. de la Crémaillère, 24160 Anlhiac, France
Étang d'Annay;47 Rue Kléber Rolle, 62880 Annay, France
baignade;PXH7+FC, 89310 Annay-sur-Serein, France
Marche Nordique et AthléloisirPlage;11 Av. François Favre, 74000 Annecy, France
Annecy Aventure;11 Av. de la République, 74960 Annecy, France
Pool 2.0;8 Chem. de la Colline, 74940 Annecy, France
SC THERME;
Decathlon Annemasse;26 Rue de la Résistance, 74100 Annemasse, France
Pointe de la grande vigie;GG5M+WF, Anse-Bertrand 97121, Guadeloupe
Plage de la chapelle;FFCP+MRX, Anse-Bertrand 97121, Guadeloupe
Ravine Sable;FFHV+9PV, Anse-Bertrand 97121, Guadeloupe
Plage d'Anse Laborde;FFMX+J9P, Anse-Bertrand 97121, Guadeloupe
NéAuNature;57 Rue Victor Schoelcher, Anse-Bertrand 97121, Guadeloupe
Trou à Man Louis;FGP3+73Q, Anse-Bertrand 97121, Guadeloupe
Source d’eau chaude DLO FERRÉ;FW9F+7V, Les Anses-d'Arlet, Martinique
Plage de Grande Anse d'Arlet;GW47+3WQ, Les Anses-d'Arlet 97217, Martinique
Spa Nature Esthétique;PASSEZ PAR LA RÉCEPTION DE LHOTEL COURBARIL, 2 Rue Caret, Les Trois-Îlets 97229, Martinique
La ferme attitude;Palmistes, Les Anses-d'Arlet 97217, Martinique
Plage de L'Anse Dufour;GWG6+74Q, Les Anses-d'Arlet 97217, Martinique
Les Anses d'Arlet Tourisme;FWVF+J3F, Les Anses-d'Arlet 97217, Martinique
Centre Nautique des Anses d'Arlet;Complexe polyvalent de la Batterie, Rue de la Batterie - 97217, 31 D37, Les Anses-d'Arlet 97217, Martinique
PARKADONF;quartier, Palmistes, Les Anses d'Arlets 97217, Martinique
EVASION NAUTIQUE;PLAGE DE L'ANSE MITAN, TROIS-ILETS 97229, Martinique
base loisirs martinique;domaine château gaillard trois ilets, 97229, Martinique
Super Parc;Centre commercial OCEANIS, Le Robert 97231, Martinique
Château d'Ansouis;Rue du Cartel, 84240 Ansouis, France
50 nuances de plaisir - love room;2a Rue Jean Jaurès, 59152 Anstaing, France
Aire De Loisir;10 Rue du Lavoir, 17400 Antezant-la-Chapelle, France
La Pause d’Antezant;10 Rue du Lavoir, 17400 Antezant-la-Chapelle, France
Parc du Pillon;74200 Thonon-les-Bains, France
Centre Hospitalier de LANMARY;24420 Antonne-et-Trigonant, France
Domaine des triades;118 Rte de Limoges, 24420 Antonne-et-Trigonant, France
Site des Bories ouvert l'été;Les Bories, 24420 Antonne-et-Trigonant, France
Maison Calmus - Spa et spa de nage Jacuzzi® Appoigny (Auxerre);21 Rte d'Auxerre, 89380 Appoigny, France
Auxerre Loisirs | Mondial Piscine;71 b Rte d'Auxerre, 89380 Appoigny, France
Appoigny Fitness;92 Rte de Paris, 89380 Appoigny, France
Maison Calmus - Cheminées Philippe;21 Rte d'Auxerre, 89380 Appoigny, France
New Kids Parc 89 - Youmbao;Rte de Paris, 89380 Appoigny, France
parc communal;23 Rue du Gué de la Pucelle, 89380 Appoigny, France
Bricomarché Apprieu;275 Rue du Grand Champ, 38140 Apprieu, France
APPY PARC;lac de montbel, 09600 Léran, France
Plage d'Apremont;Lac d'Apremont CC Vie et Boulogne, Rue du Barrage, 85220 Apremont, France
Château d'Apremont;Pl. du Château, 85220 Apremont, France
La Brasserie du Lavoir;36 rue Eugène Schneider, 18150 Apremont-sur-Allier, France
Musée des Calèches;38 Rue Madame Eugène Schneider, 18150 Apremont-sur-Allier, France
Office de tourisme Pays d'Apt Luberon;788 Av. Victor Hugo, 84400 Apt, France
Domaine de la Vallée d'Ax - Vacancéole;Le tourbillon, Chemin de l'Aouredou, 09110 Ax-les-Thermes, France
El Lago;Unnamed Road 50007, 50007, Zaragoza, Espagne
Parque del Agua Luis Buñuel;P.º de los Puentes, 2, 50018 Zaragoza, Espagne
Parque Acuatico Borrascas;Av. Castielfabib, S/N, 46142 Los Santos, Valencia, Espagne
Termas Baronía de Les;C/ Es Termes ( antic Camí de la Llana) s/n, 25540, 25540, Les, Lleida, Espagne
Rechgoun Aqua park;lot N°06, Rechgoun beach, Oulhaça El Gheraba 46014, Algérie
AB aqua park;9VMG+JMM, Bouira, Algérie
Decathlon Oyonnax - Arbent;Centre commercial Intermarché, Rue du 19 Mars 1962, 01100 Arbent, France
Parc d'Aventures Oyoxygène;D13 - Route d'Echallon, 01100 Oyonnax, France
Office de Tourisme d' Arcangues;175 herriko bidea, 64200 Arcangues, France
Planète Parcs;1 & 2 Rue de Lahoun, 40220 Tarnos, France
Aquadisia;18 Rue des Mésanges, 64200 Biarritz, France
Baignade;88380 Archettes, France
Rêve pour deux;1B Rue Sainte-Anne, 39100 Sampans, France
Le Moulin aux Ans;Lieu Dit les Ans, 24590 Archignac, France
Base de Loisirs Arboretum;86210 Archigny, France
Point tourisme dans France services - Arcis - Mailly - Ramerupt;12 Pl. de la République, 10700 Arcis-sur-Aube, France
Decathlon Alençon Arçonnay;Rue de la Chevalerie, 72610 Arçonnay, France
Un Temps pour Soi d'Alençon;19 Rue du Maine Normandie, 72610 Arçonnay, France
Votre espace bien-être à Argentan;3 Rue Pierre Mendès France, 61200 Argentan, France
Decathlon Argentan Sarceaux;Rue de la Gravelle, 61200 Sarceaux, France
Jennifer Schmitt Réflexologue énergéticienne et Massages bien-être;3 Rue Pierre Mendès France, 61200 Argentan, France
Bricomarché Argentan;Bd de l'Expansion, 61200 Argentan, France
Office de Tourisme Vallée de la Dordogne - Argentat sur Dordogne;25 Av. Henri IV, 19400 Argentat-sur-Dordogne, France
A Fleur de Peau;35 Av. Henri IV, 19400 Argentat-sur-Dordogne, France
Communauté de Communes Xaintrie Val'Dordogne;Rue du Turenne, 19400 Argentat-sur-Dordogne, France
Kimass;32 Rue de l'Abbé Ruellan, 95100 Argenteuil, France
Termas del Salado;Avenida Intendente Ferrer, Camino a la Rivera y, B7223 Gral. Belgrano, Provincia de Buenos Aires, Argentine
Complejo Termal Villa Vil;V5PG+GH, Villa Vil, Catamarca, Argentine
Termas de cacheuta;XVPJ+JX, Cacheuta, Mendoza, Argentine
Termas Chajarí;Autovía 14 Km 329, Chajarí, Entre Ríos, Argentine
Termas de Fiambala;Calle 136, Fiambala, Catamarca, Argentine
Termas del Río Jordán;Río San Francisco, San Salvador de Jujuy, Jujuy, Argentine
termas federacion entre rios;Juan José Paso, E3206 Federación, Entre Ríos, Argentine
Termas De Concordia;Termas, Concordia, Entre Ríos, Argentine
Victoria del Agua;Rawson 1950, E3100 Victoria, Entre Ríos, Argentine
Patagonia Splash Water Park;RN22 Km 1248.5, Neuquén, Argentine
Aquafan;Vivanco 1509, B1648AAB Tigre, Provincia de Buenos Aires, Argentine
Aquasol - Parque Acuático;RP2 Km 386, B7600 Mar del Plata, Provincia de Buenos Aires, Argentine
Acqualandia;Av. Int. Vila, X5889 Mina Clavero, Córdoba, Argentine
Enchanted Valley Water Park;Las Rabonas Traslasierra Córdoba, X5885 Las Rabonas, Córdoba, Argentine
Elements Studio spa;57 Ter Rue Jean Jacques Rousseau, 36200 Argenton-sur-Creuse, France
Office de Tourisme de la Vallée de la Creuse - Bureau d'Argenton sur Creuse;13 Pl. de la République, 36200 Argenton-sur-Creuse, France
Esprit Beauté;22 Pl. de l'Église, 53210 Argentré, France
Full Land;97 Imp. des Marais, 74370 Argonay, France
Parc De Jeux Du Stade;535 Rte du Parmelan, 74370 Argonay, France
Plan d'eau dit la piscine;87160 Arnac-la-Poste, France
Office de Tourisme Terres de Corrèze - Pompadour;Entrée du Château, 19230 Arnac-Pompadour, France
Château de Pompadour;Pl. du Château, 19230 Arnac-Pompadour, France
Natur'elle;Arnac Pompadour FR, 9 Av. du Midi, 19230 Saint-Sornin-Lavolps, France
Beauty'S;4 Av. du Périgord, 19230 Arnac-Pompadour, France
Pharmacie de Pompadour;1 Pl. du Château, 19230 Arnac-Pompadour, France
Base de Loisirs de la Gemerie;Rue de la Gemerie, 72230 Arnage, France
Malia coiffeur & institut de beauté Arnage;Bd Pierre Lefaucheux, 72230 Arnage, France
Plan d'eau de la Gémerie;Rue de la Gemerie, 72230 Arnage, France
Fort Aventures Dunkerque?Accrobranche 59;Rue de Nancy, 59640 Dunkerque, France
Notre maison;1 Route de Montdidier - Lieu dit Marsonnas, 39240 Aromas, France
Chemin de Fer Touristique de la Vallée de l'Aa;Accès Petite Vitesse, 62510 Arques, France
Hacienda;
Spa Bali;
Tecnomat (Bricoman) Saint Omer / Arques;55 Av. Georges Brassens, 62510 Arques, France
Decathlon Saint Omer Longuenesse;ZAC des, 4 Av. des Frais Fonds, 62219 Longuenesse, France
SPA LOGEMENT INSOLITE LOVE ROOM;
Jardin Public d'Arques;17 Rue Adrien Danvers, 62510 Arques, France
Piscine Municipale;26 Rte d'Azun, 65400 Arrens-Marsous, France
Lac de bethmale;Lac de, 09800 Bethmale, France
Office de tourisme d'Arromanches;2 Rue Maréchal Joffre, 14117 Arromanches-les-Bains, France
A Pisciculture d'arronville;29 Rue du Boclet, 95810 Arronville, France
Maison d'Accueil la Providence --;321 Rue des Écoles, 01480 Ars-sur-Formans, France
Office de Tourisme Ars Trévoux;625 Rue Jean Marie Vianney, 01480 Ars-sur-Formans, France
Nancy Thermal;54000 Nancy, France
Artaix Halte Bassin Canal;494 Chem. du Bass, 71110 Artaix, France
Le bac sur la loire d'Artaix;Le Port, 71110 Artaix, France
Espace Beauté Détente;8 Rue du Commerce, 37260 Artannes-sur-Indre, France
Musée du Théâtre Forain;6 Rue du Paradis, 45410 Artenay, France
Gymnase municipal;17 Mail O, 45410 Artenay, France
Etang D'Artenay;45410 Artenay, France
Animaux Secours;284 Rte de la Basse Arve, 74380 Arthaz-Pont-Notre-Dame, France
Base Nautique d´Artignosc - La Cabane du Verdon;Route de Saint Laurent Chemin de l'éouvière, 83630 Artignosc-sur-Verdon, France
Berges lac d'Artignosc;P3CR+V4, 83630 Artignosc-sur-Verdon, France
AquaFit Artigues - Aquagym & Salle de Sport Fitness;14 Av. Descartes, 33370 Artigues-près-Bordeaux, France
Institut C' Zen soins esthétiques et soins corps énergétiques;913 Av. de la République, 64170 Artix, France
Aqua marine piscine Itaosy;ITP 28 ter Antsavatsava Tananarive Antananarivo, 102, Madagascar
Étang des sources à Artres;1 Le Bas du Chemin de Sameon, 59269 Artres, France
Trompeter & Fils;4 Rue des Vosges, 68320 Artzenheim, France
Centre bien-être et beauté;10 Pl. de l'Hôtel de ville, 64260 Arudy, France
PERLE D'O SPA;Arue, Polynésie française
Coconut Station;YACHT CLUB DE TAHITI ARUE, 98701, Polynésie française
Pause Détente;PK 5, Arue, Polynésie française
Moearii Wellness Center;Auae Faaa Papeete, Fa'a'? 98713, Polynésie française
La Pyramide Bien-Être;Bat de la Banque de Tahiti Centre ville 4e étage-n° 42, 38 Rue Francois Cardella, Papeete 98714, Polynésie française
Hina massages;21 Ave du Prince H?noi, Papeete 98714, Polynésie française
Centre Moana;Unnamed Road, Arue 98701, Polynésie française
Plage Lafayette;FFHQ+HH8, Arue, Polynésie française
°°° Tamatoa Massages Tahitiens °°°;Unnamed Road, M?hina 98714, Polynésie française
Stud’Yoga;FFGF+3R5, Unnamed Road, Arue, Polynésie française
Tahiti Sea Park;C96P+R32, Punaauia, Polynésie française
Projet d'eau;2 port du Nouguey la rotonde, 33500 Arveyres, France
Caroline BASTIDE;24 Rte de Bordeaux, 33500 Arveyres, France
AL'Authentique;8 Rte de Bordeaux, 33500 Arveyres, France
Wellis Arveyres par Edgar Den;2 Port du Noyer, 33500 Arveyres, France
Base Nautique Arvieu Notre-Dame d'Aures;12120 Arvieu, France
Le Château d'Arvieu;140 Rte de Montfranc, 12120 Arvieu, France
Bureau d'Information Touristique Arvieu Pareloup;Pl. de l'Église, 12120 Arvieu, France
Office de Tourisme d'Arvieux;3650 route de l'Izoard, 05350 Arvieux, France
Plan d'eau du Planet;05350 Arvieux, France
Parc Thermal;3 Av. Davallet, 38580 Allevard, France
Thermes Allevard;
Volupté - institut esthétique - drainage lymphatique;20 Rue des Vergeaux, 80910 Arvillers, France
Paméla Gaudriller - Naturopathe;69 Rue d'Hangest, 80910 Arvillers, France
Gite l'Arzacquois/ Centre d'Accueil;20 Pl. du Marcadieu, 64410 Arzacq-Arraziguet, France
AU FIL DES EAUX Base nautique & Permis bateau;1A Zone Portuaire, 56190 Arzal, France
La Corne Du Cerf;7 Parc Acti de l'Estuaire, 56190 Arzal, France
Le Newport;Zone portuaire, 56190 Arzal, France
Ô P’tit Bistrot;Barrage, 56190 Arzal, France
Bar restaurant traiteur La Cale Sèche;Le barrage, 56190 Arzal, France
Énergies Libres;Le Bois, 56130 Marzan, France
Au jardin des gallinettes gîte avec piscine privée proche de Carcassonne du Canal du Midi et de la Méditerranée;1 Chem. du Moulin, 11290 Alairac, France
Parc du Fogeo;56640 Arzon, France
Piscine Sport et Loisirs de Saint Jean de Luz;Rte d'Ascain, 64500 Saint-Jean-de-Luz, France
Piscine d'Ascain - Azkaingo igerilekua;Imp. Kiroleta, 64310 Ascain, France
Vasques baignades Asco;D147, 20276 Asco, France
Pont Génois d'Asco;20276 Asco, France
Altezza rando - Randonnée raquettes & Cirque de la solitude GR20;station de ski Asco Stagnu, 20276 Asco, France
Cascade de Murcella;Unnamed Road, 20276 Asco, France
Eco Parc de la vallée de l'Asco;51 D47, 20218 Moltifao, France
Parc Aventure Asco Vallée | Via ferrata et tyroliennes géantes;Lieu dit Baccario Route de Calvi, 20218, France
Baignade dans l asco;CXPW+JP, 20276 Asco, France
Centre de vacances le Saint Bernard;09110 Ascou, France
Office de Tourisme d'Asnelles;Rue du Débarquement, 14960 Asnelles, France
Camping Municipal Quintefeuille;Rue Devonshire Régiment, 14960 Asnelles, France
Piscine Franck Esposito;Centre sportif des Courtilles, 1 Bd Pierre de Coubertin, 92600 Asnières-sur-Seine, France
Centre sportif des Courtilles;1 All. Pierre de Coubertin, 92600 Asnières-sur-Seine, France
MMarie Massages bien-etre;Chez Chabinaud, 24 Chem. de Ceinture, 17400 Asnières-la-Giraud, France
Être et mieux-être Massages bien être -Reiki-Magnétisme-Articles bien être;23 Rue de Thann, 68700 Aspach-le-Bas, France
Movinpark;1 Pl. des Etoiles, 68700 Cernay, France
Plan d'eau de Veynes;05400 Veynes, France
Piscine municipale d'Aspres-sur-Buech;05140 Aspres-sur-Buëch, France
Parc de Loisirs et Accrobranche - Monkey Forest - Guérande;6 La Lande, 44350 Saint-Molf, France
ParcOfolies;Rte de Rezac, 44500 La Baule-Escoublac, France
Château d'Assier;41 Rue des Écuries de Galiot, 46320 Assier, France
BLUE WAVES PISCINE;91 Rue de la Charinas, 38150 Assieu, France
Les Brasseurs de Castigno;11 Rue de l'Église, 34360 Assignan, France
Source de l'ardeche;P22W+G6, 07330 Astet, France
Salle Le Domaine des Assis;Les Assis, 53230 Astillé, France
Parc de loisirs;1 Imp. du Lavoir, 53230 Astillé, France
Pumptrack d'Astillé;Imp. du Lavoir, 53230 Astillé, France
Hôpital le Montaigu;2 Rue des Pyrénées, 65200 Astugue, France
Hôpital Astugue;3 Rue des Pyrénées, 65200 Astugue, France
Manoir de la Vigneraie;1 Sent. de la Vigneraie, 37270 Athée-sur-Cher, France
Alys Orient;46 Rue Henri Barbusse, 91200 Athis-Mons, France
Nat&sens massotherapeute Attichy Oise;
Étang attichy;60350 Attichy, France
Communauté de Communes des Lisières de l'Oise;4 voie Industrielle ZI, Les Surcens, 60350 Attichy, France
Elegance Coiffure;11 Rue du Commerce, 60350 Attichy, France
Villasospa;48 Bd Louis Olive, 13821 La Penne-sur-Huveaune, France
Decathlon Aubagne;Zone Industrielle Les Paluds, Av. des Caniers, 13400 Aubagne, France
Centre Médecine Physique Réadaptation;Route Nationale 8, 13400 Aubagne, France
Piscine Alain-Bernard;Quartier Le Charrel, Route Nationale 8, 13400 Aubagne, France
Parc des Aubrys;30250 Aubais, France
Lac du Coiroux;Rte du Parc du Coiroux, 19190 Aubazine, France
Office de Tourisme Vallée de la Dordogne;Le Bourg, 19190 Aubazine, France
Espace muséographique;19190 Aubazine, France
Mayaventure;Parc de Loisirs du Coiroux, 19190 Aubazine, France
Aubenas Cryo 07;19 Av. de Bellande, 07200 Aubenas, France
RICHARDSON Aubenas - Magasin et Libre-service;17 Rue des Griottes, 07200 Aubenas, France
Espace santé et bien être;7 Ham. du Moulin Blanc, 59165 Auberchicourt, France
Fondation Partage et Vie - EHPAD Le Domaine d’Aubert - Auberchicourt;1 Rue des Mésanges, 59165 Auberchicourt, France
THERMIKAL;54 Av. Clemenceau, 59165 Auberchicourt, France
Bollywood beauty Lounge;75 Av. de la République, 93300 Aubervilliers, France
BABA INSTITUTE;41 Bis Rue Marcelin Berthelot, 93120 La Courneuve, France
Panaderma;45 Av. Victor Hugo, 93300 Aubervilliers, France
elie zen;151 Rue Danielle-Casanova, 93300 Aubervilliers, France
Institut de beauté / bien-être;12 Rue du Moutier, 93300 Aubervilliers, France
Plage d'Aubeterre;16390 Aubeterre-sur-Dronne, France
Office de Tourisme du Sud Charente - Bureau d'Aubeterre Sur Dronne;Pl. du Champ de Foire, 16390 Aubeterre-sur-Dronne, France
Maison de Retraite les Minimes Ehpad;Rue Pierre Véry, 16390 Aubeterre-sur-Dronne, France
L'écrin des pierres;1412 Chem. de Serres, 84810 Aubignan, France
Cap Piscines;Parc d'activités, Rue Blaise Pascal, 2 La Landette, 85430, France
activ'energies;22 Av. du Bocage, 85430 Aubigny-Les Clouzeaux, France
Aire de loisirs;85430 Aubigny-Les Clouzeaux, France
Parc De La Tournerie;12 Rue du Moulin de la Jarrie, 85430 Aubigny-Les Clouzeaux, France
ATMA massages ayurvédiques;31 Rue des Margotteries, 18700 Aubigny-sur-Nère, France
Belle&Zen;5 Rue du Charbon, 18700 Aubigny-sur-Nère, France
Bulle de Beauté;13 Rue du Prieuré, 18700 Aubigny-sur-Nère, France
Château des Stuarts;2 Pl. de la Résistance, 18700 Aubigny-sur-Nère, France
Grain de Beauté;6 Rue du Charbon, 18700 Aubigny-sur-Nère, France
Office de Tourisme Sauldre Sologne;1 Rue de l'Église, 18700 Aubigny-sur-Nère, France
Parc des Sports d'Aubigny-sur-Nère;Route La Chapelotte, 18700 Aubigny-sur-Nère, France
Lac Léman Spa;Rte Neuve 6, 1170 Aubonne, Suisse
Parc Aventure - Signal de Bougy;Rte du Signal, 1172 Bougy-Villars, Suisse
Kids Fun Park;Rte Suisse 8A, 1163 Etoy, Suisse
Piscine Municipale;Prte du Château Verd 35, 1170 Aubonne, Suisse
Parc public de Culture Camarguaise;Rue du Stade, 30620 Aubord, France
PARK & Eau;30210 Vers-Pont-du-Gard, France
Lac d'Aubusson d'Auvergne;63120 Aubusson-d'Auvergne, France
Ilot fraîcheur Auby;Rue Calmette, 59950 Auby, France
Piscine municipale d’Auby Michel Flacheron;25 Rue Alexandre Dubois, 59950 Auby, France
Saida zen room | Un moment de bien-être femmes et enfants | Aucamville;Rue de la Clé des Champs, 31140 Aucamville, France
Calme et Sérénité Christine Sandrine;25 Rue Alphonse Daudet, 62138 Auchy-les-Mines, France
la réserve d évasion;
Piscine communautaire d'Orchies;Rue du Grand Camp, 59310 Orchies, France
Domaine de Certes et Graveyron;47 Av. de Certes, 33980 Audenge, France
Bassin de baignade de Lanton;13B Rte de la Plage, 33138 Lanton, France
Parc public - Mairie d’Audenge;33980 Audenge, France
Piscine Municipale Franck Cazenave;Rue des Coquelicots, 33510 Andernos-les-Bains, France
Centre de Rééducation de Siouville-Hague;Bd Président Henri Cornat, 50340 Siouville-Hague, France
Office de Tourisme Cap-Sizun - Pointe du Raz - Bureau d'Audierne;8 Rue Victor Hugo, 29770 Audierne, France
Restaurant Le Goyen | Audierne;place Jean Simon, 29770 Audierne, France
LAGO Mons Piscine du Grand Large;Av. de la Sapinette 20, 7011 Mons, Belgique
Gulli Parc Audincourt;10A Bd Moïse Foglia, 25400 Audincourt, France
Espace Japy;2 Rue du Puits, 25400 Audincourt, France
Jungle City - parc d'attractions pour enfants;Quai des Vicinaux 34, 7500 Tournai, Belgique
Maison du Site des Deux-Caps;La Sence, 62179 Audinghen, France
Plage du cap gris nez;407 Rue de la Plage, 62179 Audinghen, France
Le Vent du Nord;4 Grand place, 62179 Audinghen, France
Les Margats de Raoul;685 Rte du Cap, 62179 Audinghen, France
Terre des 2 Caps Tourisme;Pl. de la Mairie, 62179 Wissant, France
De Cap en Cap;68 Rue Marin la Meslée, 62164 Audresselles, France
Plage;62164 Audresselles, France
La Marie Galante;173 Rue Edouard Quenu, 62164 Audresselles, France
Le Loup de Mer;1 Pl. du Détroit, 62164 Audresselles, France
Centre De Beaute L Ideal;320 Av. des Alliés, 62370 Audruicq, France
Escher Schwemm;1 Pl. des Sacrifiés 1940-1945,, 4115 Esch-sur-Alzette, Luxembourg
Escale Bien-Être;3 Rue des Vaux de Cernay, 78610 Auffargis, France
Étang des rosaies;56800 Augan, France
Family Nest;37 Rue du Haut de Molleux, 57685 Augny, France
Okidok Metz;Zone Artisanale La Rotonde, Rte de Jouy, 57160 Moulins-lès-Metz, France
Trampoline Park Metz;9 avenue Jean-Claude Theobald, 57160 Moulins-lès-Metz, France
Piscine Municipale de Montigny-lès-Metz;19 Rue Pierre de Coubertin, 57950 Montigny-lès-Metz, France
Lumberjack Metz - Lancer de Hache et Shuriken;14 rue saussaie en mi terre, 57130 Jouy-aux-Arches, France
Etoile Loisirs;Zac d’Augny, 114 Rue du Carcantin, 57685 Augny, France
Parc Simon;57685 Augny, France
L'Auberge d'Augy;2 Bis Rte nationale, 89290 Augy, France
La baignade;89290 Augy, France
Château le Cheylard d'Aujac;940 route du Cheylard, 30450 Aujac, France
Le Refuge du Perthois;4 Derrière l'Église Rue De, 55170 Aulnois-en-Perthois, France
Decathlon Aulnoy-Lez-Valenciennes;Chem. des Bourgeois, 59300 Aulnoy-lez-Valenciennes, France
Bricomarché Aulnoye Aymeries;Rue la Fontaine, 59620 Aulnoye-Aymeries, France
Falaises d'Ault;Rue de Saint-Valery, 80460 Ault, France
Point d'informations Tourisme d'Ault - Les Frangins d'Ault;21 Grande Rue, 80460 Ault, France
Phare d'Ault;Bd du Phare, 80460 Ault, France
Aire de jeux / Pumptrack by BMX EXPERIENCE;4 Rue de Dalhausen, 80460 Ault, France
LA VALLEE DU BIEN ETRE;Rue du Jeu de Paume, 76390 Aumale, France
Halte nautique de Aunac;16460 Aunac-sur-Charente, France
L'EssentiELLE;SUR RDV, 206 Rue du Lac, 60390 Auneuil, France
Maison de Santé Aups;3 Pl. Martin Bidouré, 83630 Aups, France
La Pause Bien Etre;14 Rue Maréchal Foch, 83630 Aups, France
Lacs et Gorges du Verdon Tourisme - Administration;242 Av. Albert 1er, 83630 Aups, France
Maison De La Truffe;1 Pl. Martin Bidouré, 83630 Aups, France
Office de Tourisme - Aups;1 Pl. Martin Bidouré, 83630 Aups, France
E- SPA- ce AURAY - Gîtes de France;27 Chem. de Kerudo, 56400 Auray, France
Thermoclim Morbihan;
Bricomarché Auray;36 Av. de l'Océan, 56400 Auray, France
Oceanis Park;6CHC+WQ4, Andakana, Madagascar
Château d'Aurec-sur-Loire;37 Pl. de l'Église, 43110 Aurec-sur-Loire, France
Office de Tourisme des Gorges de la Loire;37 Pl. de l'Église, 43110 Aurec-sur-Loire, France
Parc Landes Aventure;Av. de Woolsack, 40200 Mimizan, France
Cercle Nautique de Mimizan;Quartier Woolsack, 40200 Mimizan, France
ESPACE AMAYANA - Isabelle KOUIRA;
Office de Tourisme du Pays d'Aurillac;7 Rue des Carmes, 15000 Aurillac, France
Le Royaume des Arbres Auriol;1490 Chem. Saint-Francet, 13390 Auriol, France
Léonore Soulier;336 Chemin de Saint-Pierre aux adrets, 13390 Auriol, France
Aire de jeux du parc d’Aussevielle;20 Rue de l'Ousse, 64230 Aussevielle, France
USLD - Centre Hospitalier Intercommunal Castres Mazamet;Rue de la Paix, 81200 Aussillon, France
Office de Tourisme d'Aussois;43 Rue des Barrages, 73500 Aussois, France
Aussois Réservation;43 Rue des Barrages, 73500 Aussois, France
Le Refuge de l'Ortet;Le refuge de l'ortet, 73500 Aussois, France
Ecole de Ski Français Aussois;39 Rue des Barrages, 73500 Aussois, France
base nautique lac d'Astarac;32140 Bézues-Bajon, France
Office de Tourisme du Bassin Auterivain;Esplanade de la Madeleine, 31190 Auterive, France
Piscine Marie Jeanne Proudhom;All. Gd All. du Ramier, 31190 Auterive, France
Communauté de Communes du Bassin Auterivain (CCBA);ZI Robert Lavigne, RD 820, 31190 Auterive, France
Chez Antoine;rue Hélios, ZI Lavigne, 31190 Auterive, France
La Table Des Artistes Auterive;2 Place du Maréchal de Lattre de Tassigny, 31190 Auterive, France
Auterive Adventures Parc;Rond point de la Nouvelle Médiathèque, D820, 31190 Auterive, France
La Plage Autet restaurant guinguette;Rue des Fontenis, 70180 Autet, France
Un Souffle De Mandala;France, Paris, Rue des Entrepreneurs, FR????: 75015
Ban Aromdee;4 Rue Chapu, 75016 Paris, France
Aqua by - Boulogne;28 Rue du Fief, 92100 Boulogne-Billancourt, France
Aquarium de Paris;5 Av. Albert de Mun, 75016 Paris, France
Le Randonn'Eure Location de Canoë Kayak et restaurant Guinguette;20 Rue du Manoir, 27490 Autheuil-Authouillet, France
Parc du Château;111 All. du Château, 76520 Les Authieux-sur-le-Port-Saint-Ouen, France
Maison Paramédicale & Bien-être;10 Pl. de la Mairie, 28330 Authon-du-Perche, France
Étangs de la Goguerie;28330 Authon-du-Perche, France
Camping municipal;1 L'Aunay des Guiniers, 28330 Authon-du-Perche, France
Parc Plume;15 Rue des Petits Clos, 39100 Authume, France
Château d'Autigny La Tour;4 Rue du Château, 88300 Autigny-la-Tour, France
Château des Anglais;46400 Autoire, France
Parking du Ruisseau;46400 Autoire, France
La Cabane des Causses;311 chemin de Caveroque, Frouge, 46400 Autoire, France
Office de Tourisme Intercommunal du Vercors @Autrans;49 route du Vercors, 38880 Autrans, France
Speed Luge Vercors;Site du, Le Claret, 38880 Autrans, France
Etang des Héronnières;37110 Autrèche, France
AUTREY - Abbaye;88700 Autrey, France
Plan d'eau d'autry issards;H42J+WV, 03210 Autry-Issards, France
Étang des Coudreaux;HJR4+7C, 45500 Autry-le-Châtel, France
Étang d'Autry;45500 Autry-le-Châtel, France
Aire de jeux;1 Rue des Vallées, 45500 Autry-le-Châtel, France
aire de jeux pour enfants;45500 Autry-le-Châtel, France
Plan d'eau;72300 Auvers-le-Hamon, France
Château d'Auvers;parking, Chem. des Berthelees, 95430 Auvers-sur-Oise, France
Maison du Docteur Gachet;78 Rue du Dr Gachet, 95430 Auvers-sur-Oise, France
Office de Tourisme d'Auvers-sur-Oise Sausseron Impressionnistes;Parc Van Gogh, 38 Rue du Général de Gaulle, 95430 Auvers-sur-Oise, France
Maison-Atelier de Daubigny;61 Rue Daubigny, 95430 Auvers-sur-Oise, France
Yohanna B'eauty;1 Rue des Ruelles, 95430 Auvers-sur-Oise, France
Halle aux grains d'Auvillar;2-3 Pl. de la Halle, 82340 Auvillar, France
Musée du Vieil Auvillar;Rue du Château, 82340 Auvillar, France
Office de Tourisme des Deux Rives - Bureau d'Auvillar;4-6 Rue du Couvent, 82340 Auvillar, France
Tour de l'Horloge d'Auvillar;1 Rue de l'Horloge, 82340 Auvillar, France
Ellébore;bis, 13 Rue de la Sauvetat, 82340 Auvillar, France
Villa Lenoir;4 Rue Jean Lenoir, 08260 Auvillers-les-Forges, France
Parc de la Turbine;Pl. Fernand Clas, 89000 Auxerre, France
Rêveries à l'Authie;33 Rue Roger Salengro, 62390 Auxi-le-Château, France
PHARMACIE D'Âme Nature - L-Belvas;12 Bis Rue Vermaelen, 62390 Auxi-le-Château, France
PHARMACIE DE L'AUTHIE;43 Pl. de l'Hôtel de Ville, 62390 Auxi-le-Château, France
Parc Animalier de Coux d'Auzances;Coux, Auzances, France
Lac d’Auzas;6 Rue du Lac, 31360 Auzas, France
Aire camping car;6 Rue du Lac, 31360 Auzas, France
Gîtes du Château De Lestang/ Gîte3 Etoiles/ Gîte station thermale / Auzits / Cransac;401 Lestang, 12390 Auzits, France
Château de Pierrefitte;Château de Pierrefitte, 37110 Auzouer-en-Touraine, France
Château de La Bonleuvre;37110 Auzouer-en-Touraine, France
Parc de loisir;lieu-dit Ribière, 86460, Availles-Limouzine, France
parc d'availles sur seiche;D106, 35130 Availles-sur-Seiche, France
Sakura Head Spa;4 Rle Tour du Magasin, 89200 Avallon, France
Nat et Sens;6 Rue Antoine Vestier, 89200 Avallon, France
Valmorel Tourisme;25 Bourg Morel, 73260 Les Avanchers-Valmorel, France
Valmorel Activités Outdoor;Doucy, La Léchère, France
Piscine de Valmorel;73260 Les Avanchers-Valmorel, France
Base de loisirs d'Avanne-Aveney;Rue du Pont, 25720 Avanne-Aveney, France
Kavannéo;7 Rue des Cerisiers, 25720 Avanne-Aveney, France
Institut Lolita Ongles & Esthétique;7 bis Gr Grande Rue, 10240 Avant-lès-Ramerupt, France
Parc de l'Eole;86170 Avanton, France
Piscine des Avenières;2 Rue du Stade, 38630 Les Avenières Veyrins-Thuellin, France
Exotic Island;1380 Rte de la Corneille, 38630 Les Avenières Veyrins-Thuellin, France
Lac Aventignan;65660 Aventignan, France
Decathlon Moulins Avermes;ZAC les portes de l' Allier, 03000 Avermes, France
Parc de la Rigolée;03000 Avermes, France
Bâti Azur;Les Cailles, 03000 Avermes, France
Plaine de Jeux des Champins;Bd de Nomazy, 03000 Moulins, France
Étang des Perles;53700 Averton, France
La Piscine Municipale de Gournay-en-Bray;Av. des Aulnaies, 76220 Gournay-en-Bray, France
Manoir de Verdigné;Verdigne, 72260 Avesnes-en-Saosnois, France
Complexe Sportif Des Avirons;13 Chem. La Croix, Les Avirons 97425, La Réunion
Ici et maintenant;14 Impasse Volange Riviere, Les Avirons 97425, La Réunion
Piscine Municipale des Avirons;2 Rue Paulo Brabant, Les Avirons 97425, La Réunion
Bulle de sérénité massage;4 bis Rue des Ecoliers, Saint-Leu 97424, La Réunion
Une Escale Enchantée : Soin de relaxation aquatique Janzu - Massage traditionnel Hawaïen Lomi Lomi;17 Rue Pied des Roches, L'Étang-Salé 97427, La Réunion
LE ROYAL ANDERLUSIEN CENTRE REIKI;7 Chem. Quatre Sous, Saint-Leu 97436, La Réunion
l'Atelier massage;19 Rue du Bearn, L'Étang-Salé 97427, La Réunion
CAZ’ BIEN-ÊTRE;49 Rte des Canots, L'Étang-Salé 97427, La Réunion
Ea Naturo;59 CD 11 le Brûlé, Les Avirons 97425, La Réunion
Parc Vix;7 Rue Prte de Haut, 51190 Avize, France
Parc fitness Val du Moulin;77210 Avon, France
Parc du Bel Ebat;2 Av. de Nemours, 77210 Avon, France
Pôle aéronautique d'Avord;5 Rue d'Aindling, 18520 Avord, France
Salle des Fêtes;2 Rue d'Aindling, 18520 Avord, France
Parc;14 Rue des Bergeronnettes, 18520 Avord, France
Etang d'Avord;Pilsac, 18520 Avord, France
Base de Loisirs - Ô'Soi;Rte de Cotteriat, 73500 Aussois, France
Jardin aquaponique - Dans sa bulle;Rte de Marnay, 70150 Avrigney-Virey, France
Le Cavier;2 Rte nationale 162, 49240 Avrillé, France
Piscine municipale d'Avrillé;7 Av. René Leriche, 49240 Avrillé, France
Station Beauté - Institut de Beauté;139 Rue Pierre Mendès France, 49240 Avrillé, France
Aÿ Champagne Experience;75 Rue Jules Blondeau, 51160 AY, France
Chateau D'Ay Maison De Retraite;3 Rue de la Charte, 51160 Aÿ-Champagne, France
Espace Loisirs SAUTEYRAS/AYDAT;3 Chem. des Cratères Egueules, 63970 Aydat, France
Lac d'Aydat (Lac du domaine d'Avitus);Lac d, 63970 Aydat, France
Clermont Auvergne Volcans - Bureau d'Aydat;Sauteyras, Bd du Lac, 63970 Aydat, France
Zone Humide du Lac d'Aydat;8 Rue Sidoine Apollinaire, 63970 Aydat, France
Altiparc d’Aydat - Lac d'Aydat - Accrobranche;Bd du Lac, 63970 Aydat, France
La Forêt des Arboris - Parc de loisir éco-citoyen - Aydat;La forêt des Arboris, 63970 Aydat, France
Parc naturel régional des Volcans d'Auvergne;Château de Montlosier, 63970 Aydat, France
Parc d'Ayguesvives;Chem. de la Tuilerie, 31450 Ayguesvives, France
Plan d'Eau de Fleix-Ayron;Le Grand Pré, 86190 Ayron, France
Base de Loisirs d'Ayron;86190 Ayron, France
Sauna Atlantis;1 Rue Thalès, 17440 Aytré, France
Domaine des Ayvelles;08000 Les Ayvelles, France
Château d'Azay-le-Ferron;31-33 Rue Hersent-Luzarche, 36290 Azay-le-Ferron, France
Château d'Azay-le-Rideau;19 Rue Balzac, 37190 Azay-le-Rideau, France
La Vallée Troglodytique des Goupillières;Route d'Artannes, Lieu-dit Les Goupillières, 37190 Azay-le-Rideau, France
Office de Tourisme Azay Chinon Val de Loire - Bureau d'Azay-le-Rideau;4 Rue du Château, 37190 Azay-le-Rideau, France
Château de l'Islette;9 Rte de Langeais, 37190 Azay-le-Rideau, France
Le Relais d'Azay;1 Rte du Val d'Indrois, 37310 Azay-sur-Indre, France
AZ Aquapark;X33V+3PM, Mostaganem, Algérie
S.P.A 65 Société Protectrice des Animaux;Rue du Turan Chemin de, 65380 Azereix, France
Dinosaures Parc;100 Rte du Pesquite, 40140 Azur-lac, France
Azy le gite;58240 Azy-le-Vif, France
Adventure Park - Château-Thierry 02;Av. de Champagne, 02400 Château-Thierry, France
Maison Hospitaliere Baccarat;24 Rue de l'Abbé Munier, 54120 Baccarat, France
La Bell’Esthétique;43 Rue des Cristalleries, 54120 Baccarat, France
Piscine Jean-Marie Feve;Rue Emile Gridel, 54120 Baccarat, France
Cabinet Energy Zen la Bachellerie;10 Rue Jean et René Lafarge, 24210 La Bachellerie, France
Étang de la Briqueterie;53240 La Baconnière, France
Maison de Santé;76730 Bacqueville-en-Caux, France
Coiffure esthetique David Heriche;8 Pl. du Général de Gaulle, 76730 Bacqueville-en-Caux, France
Éphémère;7 Chem. de Peyrigoux, 30140 Bagard, France
Parc bages;8 Chem. du Plas, 66670 Bages, France
Parc pour enfants de Bages;66670 Bages, France
Piscine Municipale;La Plaine, 46270 Bagnac-sur-Célé, France
Parc de street WorkOut - Bagneaux-sur-Loing;Chem. des Pâtures, 77167 Bagneaux-sur-Loing, France
Stade Henri Aubourg;Chem. des Grèves, 77167 Bagneaux-sur-Loing, France
Lac de Bagnoles-de-l’Orne;61140 Bagnoles de l'Orne Normandie, France
WGP - La Cabane du Pré Claou;2250 Rte du Lac, 83440 Montauroux, France
Gorges du Blavet;Piste de Bayonne, 83600 Bagnols-en-Forêt, France
Okwide;Pont de Pré Claou, D37, 83440 Montauroux, France
Parc Arthur Rimbaud;Route de Bagnols sur Cèze, 30200 Bagnols-sur-Cèze, France
Piscine Guy Coutel;Pl. Flora Tristan, 30200 Bagnols-sur-Cèze, France
Les Fermettes du Lac;40320 Bahus-Soubiran, France
Centre Majaya & Spa;Impasse des Palétuviers Immeuble Curaçao JARRY, Baie-Mahault 97122, Guadeloupe
Spa renaissance;Immeuble Gesmar, 97122, Guadeloupe
Parc & Jardin de Moudong;6CP7+5PF, Baie-Mahault 97122, Guadeloupe
Les Amis de la Natation;97122 Rue Merosier Narbal, Baie-Mahault 97122, Guadeloupe
O'pulence Piscine;Centre d'Affaires Les Jardins de Houëlbourg Baie Mahault Baie-Mahault, 97122, Guadeloupe
DISCOUNT GARDEN;229 Impasse des Palétuviers, D32, Baie-Mahault 97122, Guadeloupe
CYRINE K INSTITUT;16 Rue Jean Nicolas, 95560 Baillet-en-France, France
Centre Hospitalier De Bailleul;40 Rue de Lille, 59270 Bailleul, France
L’Ecrin des Monts;9 Rue Roger Salengro, 59270 Bailleul, France
Centre Clair Séjour - Fondation Hopale;65 Rue de Neuve Église, 59270 Bailleul, France
Youpiland - Le Mont Noir;Rue de Meteren, 59299 Boeschepe, France
Decathlon Bailleul;Parc du, 59270 Bailleul, France
Piscine Aquabelle;4 Av. Pierre de Coubertin, 59270 Bailleul, France
Étangs Bellekindt;159 Rue de Lille, 59270 Bailleul, France
AQUAGO;ZA des Chemins Croisés, Z.A des chemins croisés, 16 Rue René Cassin, 62223 Saint-Laurent-Blangy, France
bel fanm;Rue des Anciennes Ecoles, Baillif 97123, Guadeloupe
Fleur de Lotus - Bien-être en Guadeloupe;41 allée des peres blancs, Zone artisanale, Baillif 97123, Guadeloupe
Fort Pélissier;Lieu- dit Fort Pélissier Terre, Vaine, 54550 Bainville-sur-Madon, France
Lac de Bairon;08390 Bairon et ses environs, France
Les 6 Bonniers;7 Rue de Chéreng, 59780 Willems, France
Aqua Turtle;Av. de la Gare, 34540 Balaruc-les-Bains, France
Babyleau Balaruc;Rez des chaussée de la Maison de Santé, 4 Rue des Sophoras, 34540 Balaruc-les-Bains, France
Centre Nautique Manuréva de Balaruc-les-Bains;Espace sportif du Petit bois, Av. de la Gare, 34540 Balaruc-les-Bains, France
Piscine mer balaruc;34540 Balaruc-les-Bains, France
Parc Charles De Gaulle;34540 Balaruc-les-Bains, France
Jardin Antique Méditerranéen;Rue du Pioch, 34540 Balaruc-les-Bains, France
Parc Balaruc les bains;5 Rue des Rouges-Gorges, 34540 Balaruc-les-Bains, France
Promenade Georges Brassens;34540 Balaruc-les-Bains, France
Parc Sévigné;11 Av. Thermes Romains, 34540 Balaruc-les-Bains, France
LUDIK PARC;11 All. Sadi Carnot, 34770 Gigean, France
Centre De Cure Thermal;10 Rue du Lavoir, 34540 Balaruc-les-Bains, France
Base de Loisirs de Haute-Vilaine;1001 Chauviniere, 35500 Saint-M'Hervé, France
Jardin champêtre;35500 Balazé, France
Pont de Balazuc;D294, 07120 Balazuc, France
Plage de Balazuc;07120 Balazuc, France
Le Domaine de la Forêt Enchantée;10 Rte des Turgères, 27130 Bâlines, France
Restaurant Au Cheval Blanc;27 Rue Principale, 68390 Baldersheim, France
Eurolac-Parc de loisirs-Accrobranche;1098 Av. du Lac, 62610 Ardres, France
La Vallée des Rois;Parc 100% Intérieur, 61 Rte des Vallées, 37510 Ballan-Miré, France
Parc de Beauverger;34 Rue du Commerce, 37510 Ballan-Miré, France
Les Océades - Joué-lès-Tours;190 Bd de Chinon, 37300 Joué-lès-Tours, France
Aquarium de Touraine;Lieu dit les Hauts Boeufs, 37400 Lussault-sur-Loire, France
Parc de l’Étang de Beaune;37510 Ballan-Miré, France
So Eclat;54 Rue du Martroy, 91610 Ballancourt-sur-Essonne, France
FITNESSMOV’ AQUA BALLANCOURT;7 Rue des Bernaches, 91610 Ballancourt-sur-Essonne, France
Parc Christian Imbert;France, 91610 Ballancourt-sur-Essonne, France
Château de Balleroy;Rue du Sapin, 14490 Balleroy-sur-Drôme, France
Donjon de Ballon et son jardin;Le Château de Ballon, 72290 Ballon-Saint Mars, France
EHPAD Maine Cœur de Sarthe - Résidence Bel Air;34 Rue de Moulins, 72290 Ballon-Saint Mars, France
Office de Tourisme Maine Coeur de Sarthe;36 Rue du Général Leclerc, 72290 Ballon, France
Institut Louma - Centre Bien-être & Expertise de peau;1 Espl. Albert Schweitzer, 31130 Balma, France
Last Moment Massage LMM;15 Pl. de France, 31130 Balma, France
Elisabeth Rouquier;avenue de toulouse, 6 Rue de la Pépinière, 31130 Balma, France
BALMEO Côte Pavée;208 Chem. de Firmis, 31500 Toulouse, France
Station Mir;Av. Jean Gonord, 31500 Toulouse, France
Astralia (Cité de l'espace);Astralia, Rue, Av. Jean Gonord, 31400 Toulouse, France
Parc de Lagarde;31130 Balma, France
Club Nautique de Balma;19 Rue du Soleil d'Or, 31130 Balma, France
Les Grottes de La Balme;Rue des Grottes, 38390 La Balme-les-Grottes, France
Piscine Oréade;Quartier Pré de la Foire, 48300 Langogne, France
Centre Nature OSCA;11 All. de Migennes Lieu-dit, 48500 Banassac-Canilhac, France
Vacherot-Mauger Nathalie;Kervarigeon, 56360 Bangor, France
Skate Park Bannalec;29380 Bannalec, France
Office de Tourisme Intercommunal Haute Provence Pays de Banon;72 Pl. de la République, 04150 Banon, France
Village de banon;04150 Banon, France
Serenity Massage;91A Rue de Bâle, 68490 Bantzenheim, France
Institut Nature et Bien Etre;5 Rue des Deux Rives, 68490 Bantzenheim, France
Centre Hospitalier de Bapaume;55 Rue de la République, 62453 Bapaume, France
Étang de La Samaritaine;La Samaritaine, 08240 Buzancy, France
Étang de Bar;08240 Bar-lès-Buzancy, France
Office de Tourisme de la Côte des Bar en Champagne;4 Bd du 14 Juillet, 10200 Bar-sur-Aube, France
Lac de Baralle;62860 Baralle, France
Lac du Val de Lenne;D570, 12160 Baraqueville, France
Bricomarché Baratier;N94, 05200 Baratier, France
Centre;11800 Barbaira, France
Cap Cauderoue;350 route des martinets, 47230 Barbaste, France
Centre de Loisirs du Barboux;18 Rte du Pissoux, 25210 Le Barboux, France
Luna Park Le Barcarès;Bd de la Salanque, 66420 Le Barcarès, France
Water ride 66;Quai Alain Colas, 66420 Le Barcarès, France
Tour de Barcelonne;Unnamed Road, 26120 Barcelonne, France
Marineland de Catalogne;Ctra. Malgrat, 08389 Palafolls, Barcelona, Espagne
Illa Fantasia;Finca Mas Brassó, s/n, 08339 Vilassar de Dalt, Barcelona, Espagne
Office de tourisme du Cotentin | Bureau de Barfleur;39 Rue Saint-Thomas Becket, 50760 Barfleur, France
CNEC - Centre Nautique Est Cotentin;10 Chem. de la Masse, 50760 Gatteville-le-Phare, France
Village de bargeme;83840 Bargème, France
Base de loisirs;Chem. du Stade, 83830 Bargemon, France
Piscine Caron à Bargemon;Rte de Claviers, D55, 83830 Bargemon, France
les baris;1 Rue de Center Parcs, 27130 Les Barils, France
Grottes Et Cascades Des Carmes Barjols;Ruisseau de Pontevès, Quartier des Carmes, 83670 Barjols, France
UNYC Brasserie Chartres - Barjouville;ZAC de la Torche, 33c Rue des Pierres Missigault, 28630 Barjouville, France
Le Francis - Chartres;39B Rue des Pierres Missigault, 28630 Barjouville, France
Phare de Carteret;2 Le Phare, 50270 Barneville-Carteret, France
Office de Tourisme du Cotentin | Bureau de Barneville-Carteret;3 Av. de la République, 50270 Barneville-Carteret, France
MARNAGE RESTAURANT;11 Rue de Paris, 50270 Barneville-Carteret, France
Camping Les Vikings 5 étoiles;Saint-Jean de la Riviere, 50270 Barneville-Carteret, France
Club Nautique de Barneville-Carteret;2 Prom. J. Barbey d'Aurevilly, 50270 Barneville-Carteret, France
Le clos de baron sur odon;1 Rte de Cheux, 14210 Baron-sur-Odon, France
Fort Barraux;Fort, 38530 Barraux, France
Peau D'Orient;LA, 1 avenue Mar D'Lattre de Tassigny Entree 2, 1 Av. de Lattre de Tassigny, 85550 La Barre-de-Monts, France
Etangs de St Pierre de Sémilly;Rue du Vieux Moulin, 50810 Saint-Pierre-de-Semilly, France
Thermes de Novioregum;17120 Barzan, France
Base de Loisirs de l'Astrée;Le Lac, 02170 Le Nouvion-en-Thiérache, France
Château et volerie de Rochebaron;Château de Rochebaron, 43210 Bas-en-Basset, France
Bas-en-Basset Tourisme;1 Bd de la Sablière, 43210 Bas-en-Basset, France
Office de Tourisme;14 Bd de la Sablière, 43210 Bas-en-Basset, France
Restaurant LA CAMARGUE;2 bis Rte de Monistrol, 43210 Bas-en-Basset, France
Coin baignade l'Ance;Canton de, Bas-en-Basset, France
Parc de la Biodiversité;845F+V5, 43210 Bas-en-Basset, France
Bains des Amours- Bain de Dolé;X8RH+C94, Chem. de Roche, Gourbeyre 97113, Guadeloupe
Bain soufré de Bouillante;46HH+6W8, Bouillante 97125, Guadeloupe
Bains Thomas;465G+WCW, Bouillante 97125, Guadeloupe
Massage Bien Être;Marina de, Gourbeyre 97113, Guadeloupe
SECRETS DE BEAUTE GUADELOUPE;46 Rue Paul Baudot, Basse-Terre 97100, Guadeloupe
Piscine de Rivière des Pères;97100 Rue Rene Baptistide, Basse-Terre 97100, Guadeloupe
Cascade Sant'Albertu - Cascata Sant'Albertu;D27, 20119 Bastelica, France
Cascade d'Ortola - Cascata d’Ortola;Unnamed Road, 20119 Bastelica, France
Cors'Aventure;Route de Sartène, 20117 Eccica-Suarella, France
Au Bonnet D Ane;Zoning Industriel Furiani, 20600 Bastia, France
Jungle Canoe;Pont du port Pont du port, 64240 La Bastide-Clairence, France
Source de la Drôme;1 Le Village, 26310 La Bâtie-des-Fonds, France
La Couronne;78 Rue Principale, 68390 Battenheim, France
Office de tourisme de Batz-sur-Mer;25 Rue de la Plage, 44740 Batz-sur-Mer, France
Bricomarché Batz-Sur-Mer;1 bis Rue du Pré Malenpogne, 44740 Batz-sur-Mer, France
Parc d'armor;44740 Batz-sur-Mer, France
Atlantic Jet Evasion - Le Pouliguen / La Baule;Port de La Baule Le Pouliguen Square Pierre Masson, 44500 La Baule-Escoublac, France
Chalet médicale;Place Françoise Dolto, 56150 Baud, France
Pôle santé;3 Pl. Mathurin Martin, 56150 Baud, France
Gorges de Baudinard;P4V8+6M, 83630 Montagnac-Montpezat, France
Aquattitude;le lac, 04500 Montpezat, France
Parc de jeux;236 Rue Jacques Prévert, 50000 Saint-Lô, France
Plage du Lac de Baudreix;3 Av. du Lac, 64800 Baudreix, France
Plage de Bauduen;83630 Bauduen, France
Office de tourisme de Bauduen;60 Rue Grande, 83630 Bauduen, France
Centre Nautique De Bauduen;Quartier des aires, 83630 Bauduen, France
Château de Baugé;Place de l'Europe, 49150, France
Manoir de Clairefontaine;49150 Baugé-en-Anjou, France
Piscine du Pont des Fées;24 Rue du Pont des Fées, 49150 Baugé-en-Anjou, France
Piscine intercommunale;Rue de l'Helvétie, 25110 Baume-les-Dames, France
Office de Tourisme de Baume les Dames et du Doubs Baumois;Pl. de la République, 25110 Baume-les-Dames, France
Cascade de baumes les messieurs;39210 Baume-les-Messieurs, France
Grottes de Baume-les-Messieurs;Lieu dit les Grottes, 39210 Baume-les-Messieurs, France
Escalier de la Grotte;39570 Baume-les-Messieurs, France
Grottes de Baume;1 À Roche, 39570 Baume-les-Messieurs, France
Baux de Provence;13520 Les Baux-de-Provence, France
Office de Tourisme des Baux-de-Provence;Maison du Roy, Rue Prte Mage, 13520 Les Baux-de-Provence, France
Conscience Bien-Être;1 Pass. Maurice Henry, 90800 Bavilliers, France
CHSLD Le Chênois;16 Rue Alfred Engel, 90800 Bavilliers, France
Le Ch'Tifaitout;2 Pl. de l'Église, 59670 Bavinchove, France
Natation Du Bayonnais;15 Rue de la Mairie, 54290 Bayon, France
Head Spa By Jess;87 Av. Capitaine Resplandy, 64100 Bayonne, France
SAHARA;14 Rue Raoul Perpere, 64100 Bayonne, France
Piscine de Lauga;29 Av. Paul Pras, 64100 Bayonne, France
Océania Club Bayonne;85 Av. de la Légion Tchèque, 64100 Bayonne, France
Watsu et Relaxation aquatique Côte Basque;
Aire de jeux de Saint-Esprit;1-3 Rue Charles Floquet, 64100 Bayonne, France
Parc Gersheim;8 Chem. des Ferrières, 51110 Bazancourt, France
L’Essenti’Elles;2 Rue Pallas, 33430 Bazas, France
Bricomarché Bazas;1 Av. Guill Arnaud de Tontoulon, 33430 Bazas, France
Jardin du Chapitre;33430 Bazas, France
Communauté de Communes du Bazadais;364 Route de Lerm, 33430 Bazas, France
La Table de Fompeyre;du, 25, rue rampe, Rue du Pont des Arches, 33430 Bazas, France
Gîte Bazincourt Au P’Tit Cosy;3 Rue Musard, 55170 Bazincourt-sur-Saulx, France
L'articuisto;2 Rue Haute, 55170 Bazincourt-sur-Saulx, France
Maison-Musée Jean Monnet;7 Chem. du Vieux Pressoir, 78490 Bazoches-sur-Guyonne, France
Plan d'eau de Beaumanoir;Av. nationale, 72650 La Bazoge, France
Parkplatz;3 Rte de Pompierre, 88300 Bazoilles-sur-Meuse, France
Aqua Fluvial;Port des Poujats, Baye, 58110 Bazolles, France
Étang La Bazouge-de-Chéméré;Étang de, 53170 La Bazouge-de-Chemeré, France
Espace de Loisirs Yvon Boutruche;Rue du Fresne, 53470 La Bazouge-des-Alleux, France
Office de Tourisme Couesnon Marches de Bretagne;2 Place de l'Hôtel de Ville, 35560 Bazouges-la-Pérouse, France
Port miniature de Villecartier;Étang de Villecartier, 35560 Bazouges-la-Pérouse, France
Accrobranches - Parc des Grands Chênes;1 Moulin de la Forêt, 35560 Bazouges-la-Pérouse, France
L'ESCAPADE by Tiffany • sur rendez-vous uniquement • Beauchamp / Taverny / Pierrelaye;2 Av. Pierre Brossolette, 95250 Beauchamp, France
Royal Kids Parc Beauchamp;Z.A. de Beauchamp, 190 bis Chau. Jules César, 95250 Beauchamp, France
Piscine intercommunale Montigny Lès Cormeilles;5 Rue Auguste Renoir, 95370 Montigny-lès-Cormeilles, France
JumpPark;295 Chau. Jules César, 95250 Beauchamp, France
La Charpenterie;18 Rte de Châtenoy, 45270 Beauchamps-sur-Huillard, France
Parc des Cèdres;3 Imp. des Frênes, 90500 Beaucourt, France
Decathlon Angers Beaucouzé;Rue Prosper Guilhem, 49070 Beaucouzé, France
Institut Harmony;54 Rue du Général Leclerc, 49250 Beaufort-en-Anjou, France
Baignade;2 Chem. de la Scie, 26400 Beaufort-sur-Gervanne, France
Château de Beaugency;2 Pl. Dunois, 45190 Beaugency, France
Massage Bien-Etre;76 Rue de Châteaudun, 45190 Beaugency, France
Beaujolais Tourisme - Office de tourisme de Beaujeu;Pl. de l'Hôtel de ville, 69430 Beaujeu, France
Domaine le Chatel;32-, 34 Grande rue, 55250 Beaulieu-en-Argonne, France
Restaurant le Turenne;boulevard Saint, 1 Bd Rodolphe de Turenne, 19120 Beaulieu-sur-Dordogne, France
Restaurant les flots bleus;Place du monturu, 19120 Beaulieu-sur-Dordogne, France
AQUARUS;Pont Barre, 49750 Beaulieu-sur-Layon, France
Beaulieu Tourisme Animations;3 Rue Saint-Vincent, 49750 Beaulieu-sur-Layon, France
Les soins de Lael - Institut de Beauté et de Périnatalité;5 Rue Chamaillard, 45630 Beaulieu-sur-Loire, France
Camping de mon Village (Camping-Car Park);Route de Bonny sur Loire, D929, 45630 Beaulieu-sur-Loire, France
Aquabike 06;Yacht Club de, Quai É Whitechurch, 06230 Beaulieu-sur-Mer, France
École d'Équitation du Dicosa;en calmette, 81710 Saïx, France
Écomusée Maison de l'eau des Plantiers;Le Village, 30122 Les Plantiers, France
ÉCURIE DU BOIS DE MONT;D94, 60130 Nourard-le-Franc, France
Église Saint Angel de Sceau-Saint-Angel;Rte du Boulou, 24300 Sceau-Saint-Angel, France
Étang;Unnamed Road, 35134 Thourie, France
Étang aux carnassiers;40380 Onard, France
Étang de l'Aubriaie;49070 Saint-Lambert-la-Potherie, France
Étang de Bout de bois côté Sud;Bout de Bois, 44810 Saffré, France
Étang de la Hardouinais;La Hardouinais, 22230 Merdrignac, France
Étang de la magentais;F9VQ+CQ, 35610 Trans-la-Forêt, France
Étang de la Mitonnerie;Les Communaux de Cherelles, 45730 Saint-Benoît-sur-Loire, France
Étang de la Pouge;Etang de la Pouge, 87310 Saint-Auvent, France
Étang de la vallée;35720 Mesnil-Roc'h, France
Étang de la Viette;22330 Le Mené, France
Étang De Marfons;Unnamed Road, 15800 Polminhac, France
Étang de pêche - AAPPMA Dieppe;76860 Saint-Denis-d'Aclon, France
Étang de pêche de Cachet;17160 Les Touches-de-Périgny, France
Étang De Pêche Saint Pierre Des Ifs;Chem. du Moulin, 14100 Saint-Pierre-des-Ifs, France
Étang de Pansey;52230 Pansey, France
Étang de Plémet;3 Rue de la Fontaine, 22210 Plémet, France
Étang de Pouillé les coteaux;FR3V+2R, 44522 Pouillé-les-Côteaux, France
Étang de Roussillon;4 Chem. de l'Étang, 38150 Roussillon, France
Étang de Saint-Aubin;Rue de l'Église, 77210 Samoreau, France
Étang de Saint-Germier;79340 Saint-Germier, France
Étang de Saint-Jal;19700 Saint-Jal, France
Étang de Saint-Pellerin;5 Gr Grande Rue, 28290 Vald'Yerre, France
Étang de Thumeries;D54, 59239 Thumeries, France
Étang de Tintury;DOMAINE DE FLEURY LA TOUR, 58110 Tintury, France
Étang des grandes cimes;5672+R9, 10260 Rumilly-lès-Vaudes, France
Étang Des Platanes;7424 Rue du Pont-Saillant-la Sûreté, 44780 Missillac, France
Étang des Roses;Etang des Roses, 58160, Sauvigny-les-Bois, France
Étang du 14 juillet;149 Rue du 14 Juillet, 62221 Noyelles-sous-Lens, France
Étang du Fond de la Garde;Étang du Fond de la Garde, 60510, La Neuville-en-Hez, France
Étang du Grand Lay;17 Rue Regnault d'Échelle, 41370 Le Plessis-l'Échelle, France
Étang du Plessis;Rue de l'Étang, 22150 Saint-Carreuc, France
Étang du Tertre Rouge;Les Portes, 44390 Petit-Mars, France
Étang Jean Duret;33920 Saint-Yzan-de-Soudiac, France
Étang Philippe;L'Étang Philippe, 63390 Saint-Gervais-d'Auvergne, France
Étangs de Paisy-Cosdon;Rue du Plan d'Eau, 10160 Paisy-Cosdon, France
Étangs de Pelves;62118 Pelves, France
Étangs de Sarbazan;40120 Sarbazan, France
Évasion Canoë;704 Chemin de Fontales, 82140 Saint-Antonin-Noble-Val, France
Île de pomport-lac;QCF5+4Q, 24240 Pomport, France
Île et Moulin de Douvres;Rte de Noisiel, 77200 Torcy, France
Îlot Tison;Chem. de Tison, 86000 Poitiers, France
Ô Jardin Paisible;53 Rue de Lombardie, 62140 Fressin, France
Ô VERDON Canyoning - Escalade;04120 La Palud-sur-Verdon, France
1.c'est Toulx;1 Rue des Puits, 23600 Toulx-Sainte-Croix, France
3bpiscine;37 Rue des Ballastières, 70800 Saint-Loup-sur-Semouse, France
A la belle Étoile;23600 Toulx-Sainte-Croix, France
Abbaye de Trois-Fontaines;Pl. du Château, 51340 Trois-Fontaines-l'Abbaye, France
Accro'planche;1 Planche des Belles Filles, 70290 Plancher-les-Mines, France
Accro Passion;Chem. de la Pinède, 13300 Salon-de-Provence, France
Accrobranche - Seine Port - Sainte Assise Aventure;Château de Sainte-Assise, Hameau de, 77240 Seine-Port, France
Accrobranche Center Parcs Le Lac d'Ailette;4 Parc Nautique de L'Ailette, 02860 Chamouille, France
Accrobranche Parc thermal St Gervais Mont Blanc Le Fayet;Le Fayet, Parc Thermal du Fayet, All. de l'Escalade, 74170 Saint-Gervais-les-Bains, France
AccroCamp Poissy | Accrobranche Yvelines 78;Château de Villiers, 13 Av. du Bon Roi Saint-Louis Parc du, 78300 Poissy, France
Accroland Troyes - Accrobranche et parcours aventure;4 Rue du Lavoir de Menois, 10800 Rouilly-Saint-Loup, France
ACCROROC - Parc Aventure;1775 Route de la Vallée de Toulourenc, 26570 Reilhanette, France
Accueil de Loisirs de Nuillé sur Vicoin;5 Rue de la Martinière, 53970 Nuillé-sur-Vicoin, France
AcroJungle Outdoor ( parc de loisirs extérieur);6 Rue de la Pépinière, 64121 Serres-Castet, France
Acropark'Burnhaupt;Acropark Burnhaurpt, 4a Rte de Guewenheim, 68520 Burnhaupt-le-Haut, France
Acti Eaux Vives - Canoë Kayak à Saint-Antonin-Noble-Val;1743 chemin de Marsac, 82140 Saint-Antonin-Noble-Val, France
Agence Oasis-Village;Village naturiste Oasis, 11370, France
Aire de Camping Car Merville;49°17'06. 0°12'35., 2 Rue du 8 Th Para Bn, 14940 Touffréville, France
Aire de jeu Plan de Campagne;All. Bruno Lami, 13170 Les Pennes-Mirabeau, France
Aire de jeu pour enfants et skate park;Chem. de la Mirabelle, 38430 Saint-Jean-de-Moirans, France
Aire de jeux;Rte de Belberaud, 31450 Pompertuzat, France
Aire de jeux;Rte Saint-Martin, 25480 Pirey, France
Aire de jeux;4 Route de l Étang, 59530 Le Quesnoy, France
Aire de jeux;17 Rue du Mont Saint-Michel, 50660 Quettreville-sur-Sienne, France
Aire de jeux;30 Rue de l'Avenir, 56420 Plaudren, France
Aire de jeux;1286 Poul Bert, 56470 La Trinité-sur-Mer, France
Aire de Jeux / City-stade;Rue de la Forêt, 67240 Oberhoffen-sur-Moder, France
Aire de Jeux Aquatique;WQ72+8F, 67360 Morsbronn-les-Bains, France
Aire de jeux de l'Office de Tourisme;290 Parc de Saint-Sauveur, 34980 Saint-Clément-de-Rivière, France
Aire de jeux de Niedermodern;2 Rue des Jardins, 67350 Niedermodern, France
Aire de jeux du Parc Aquasports;64110 Mazères-Lezons, France
Aire de jeux du parc du haut de la combe;32 Rue de la République, 69580 Sathonay-Camp, France
Aire de jeux enfants;63190 Rue des Bouvreuils, 63190 Orléat, France
Aire de jeux inclusive;35550 Pipriac, France
Aire de jeux pinède isolella;20166 Pietrosella, France
Aire de jeux pour enfants;Lieu-dit, 47180 Sainte-Bazeille, France
Aire de jeux pour enfants du grand fay;6X4C+GC, 44320 Saint-Père-en-Retz, France
Aire de jeux Techoueyre;3 Square Alban Techoueyre, 33370 Sallebœuf, France
Aire de Loisirs du Plan de l'Arc;Route des, 73700 Montvalezan, France
Aire de pique-nique;19 Quai Eole, 44560 Paimbœuf, France
Aire naturelle de camping de Pelletanges;23460 Saint-Marc-à-Loubaud, France
Aire naturelle de camping La Gravouse;255 Route du, 26170 Le Poët-en-Percip, France
Aire naturelle de la Fontaine de Boisdon;1 All. des Peupliers, 49310 Saint-Paul-du-Bois, France
Alligator Baie;Le Pal, 03290 Saint-Pourçain-sur-Besbre, France
Alovive;130 Rue Sébastien Vie, 11000 Carcassonne, France
ALSH Planet'air - Pôle enfance et danse;10 Av. de Marineo, 43600 Sainte-Sigolène, France
Alti Piscines;Espace, 355 Av. du Chambon, 43000 Le Puy-en-Velay, France
Anaéland Bourges;route de la charité, Les Terres de Fenestrelay, 18390 Saint-Germain-du-Puy, France
Anciens Thermes de Salazie;Salazie 97433, La Réunion
Anim'Nature;Saint-Romain, 43600 Sainte-Sigolène, France
Anim'o parc;20 Chemin de Pellegrin Entrée sur le rond point de Fuveau chateauneuf le rouge, 13710 Fuveau, France
Anscutter Earl;6 Rue de Nesle, 80190 Rouy-le-Petit, France
Anse de Bréhec;Brehec, 22580 Plouha, France
Antipodes bureaux;173 bis Av. de Calès, 12100 Millau, France
ANTIPODES Sport Nature accrobranche via ferrata canyoning saut à l'élastique;403 Av. de Millau Plage, 12100 Millau, France
Aperçu Nausicaá - Lions de mer;Bd Sainte-Beuve, 62200 Boulogne-sur-Mer, France
Aqua Berry Piscine;158 bis, All. des Montillons, 18120 Méreau, France
Aqua by - Réaumur;82 Rue Notre Dame de Nazareth, 75003 Paris, France
Aqua Events;Rte de Mont de Marsan, 47700 Casteljaloux, France
Aqua Fun;Passeig de Josep Mundet, 30, 17252 Sant Antoni de Calonge, Girona, Espagne
Aqua Games Empuriabrava;Carrer Salins 1 Línea, 12, 17487 Empuriabrava, Girona, Espagne
Aqua Pro Urba (ex Vortex France);211 Rue Hélène Fürth, 69140 Rillieux-la-Pape, France
Aqua Splash;The Waterfront Centre, Rue de L'etau, St Helier, Jersey JE2 4HE, Jersey
Aquabecool St Maximin;za route d aix, 464 Av. des Cinq Ponts, 83470 Saint-Maximin-la-Sainte-Baume, France
Aquaclub le Pecq Marly;1 Av. Pasteur Martin Luther King, 78230 Le Pecq, France
Aquaculture France;Parc d'Activité du Monténo, 56190 La Trinité-Surzur, France
Aquadiver Parc;Ctra. Circumval·lacio, s/n, 17250 Platja d'Aro, Girona, Espagne
Aquafire;23 Rue de Biarce, 64320 Ousse, France
AQUAFORM LA SALLE DIJON QUETIGNY;14 Rue des Artisans, 21800 Quetigny, France
Aquaform69;227 Rue de la Chapelle, 69400 Gleizé, France
Aquagym avec Greg;20 Rue du Commerce, 67550 Vendenheim, France
Aquagym Crolles;20 Rue Maurice Ravel, 38920 Crolles, France
Aquagym des Olonnes;6 All. Michel Desjoyeaux, 85340 Les Sables-d'Olonne, France
Aqualande;505 Rue de la Grande Lande, 40120 Roquefort, France
AquaLearn - Cours de Natation Montpellier;20 Pl. des Tourterelles, 34980 Saint-Clément-de-Rivière, France
AQUALOISIRS FRANCE PARENTIS;plage de Moutéou, Rte des Campings, 40160 Parentis-en-Born, France
AQUALOISIRS FRANCE SANGUINET;plage du Pavillon, 400 Av. de Losa, 40460 Sanguinet, France
AquaNat'our;1A Parc, 9836 Hosingen Parc Hosingen, Luxembourg
Aqua-Nice Bébé Nageurs;28 Rue Vernier, 06000 Nice, France
Aquapark Center Parcs De Vossemeren;Elzen 145, 3920 Lommel, Belgique
Aquapic;1490 Rue St - Priest, 34090 Montpellier, France
Aquarium Club Paris;5 Av. Albert de Mun, 75116 Paris, France
Aquarium de Calais ( cercle aquariophile du Calaisis);79 Rue du 11 Novembre, 62100 Calais, France
Aquarium de Lyon;7 Rue Stéphane Dechant, 69350 La Mulatière, France
Aquarium de Vendée;8CRWF823+785, Av. de la Mine, 85440 Talmont-Saint-Hilaire, France
Aquarium La Rochelle;Quai Louis Prunier, 17000 La Rochelle, France
Aquarium Refuge de Limoges;2 Bd Gambetta, 87000 Limoges, France
Aquarium tropical;293 Av. Daumesnil, 75012 Paris, France
AQUASCHOOL;3 Rue Du Bocage, 35520 La Chapelle-des-Fougeretz, France
Aquaslide;27690 Léry, France
AQUASSAT;4 Rue de la Mairie, 64510 Assat, France
Aquatec Fitness Club;11 Rue Jeanne d'Arc, 49450 Sèvremoine, France
Aquathérapeute Périgueux - Bernard CHEVRIER;Lieu-dit, Puyjoubert, 24310, France
Aquatic Shape Chartrons;70 Quai des Chartrons, 33300 Bordeaux, France
Aquatique de la Moine;7 La Sutellerie, 44190 Gétigné, France
AQUATIQUE SHOW INTERNATIONAL;1 Rue Jean-Jacques Rousseau, 67000 Strasbourg, France
Aquatlantys;325 Rte du Col de Bluffy, 74290 Bluffy, France
Arènes des Grandes Aires;All. de Craponne, 13330 Pélissanne, France
ARBOFILETS;RD946, Bois de Roucy, 08250 Olizy-Primat, France
Arborétum de Réchicourt-le-Château;Unnamed Road, 57810 Réchicourt-le-Château, France
Arboretum Pierrefeu;Rte des Maures, 83390 Pierrefeu-du-Var, France
Archipel Piscine;950 Rte de Charentay, 69220 Saint-Lager, France
Association de Gestion des Centres de Loisirs;Rue Paul Rouif, 89140 Pont-sur-Yonne, France
Association du Lac du Tolerme;16 D653, 46210 Sénaillac-Latronquière, France
Association Parc des Libertés;4682 Rte de l'Islon, 84000 Avignon, France
Atlantic Form - G.E.S Form;ZAC des Grandchamps, 5 Av. Barbara, 44570 Trignac, France
Atlantis Loisirs;87 route Pont Rose, Rte de Contis, 40170 Saint-Julien-en-Born, France
Au Domaine de Meilhac;1972 Route des deux châteaux Meilhac Au domaine de, Meilhac, 19400 Hautefage, France
Au fil du Lay;85700 La Meilleraie-Tillay, France
Auberge de L Oustal;1 Route Pont Neuf, 48100 Recoules-de-Fumas, France
Auberge de la Marguerite;19160 Saint-Hilaire-Luc, France
Auberge le Bon Accueil;Le Bourg, 48140 Paulhac-en-Margeride, France
Authentik Canada;7680 Rue St-Hubert, Montréal, QC H2R 2N6, Canada
Aux Berges de Thil;552 route du village, 71190 Thil-sur-Arroux, France
Aven d'Orgnac - Grand Site de France;2240 Route de, L'Aven, 07150 Orgnac-l'Aven, France
Aventura Park;La Fresquière Ubaye, 04340 Méolans-Revel, France
Azureva La Mongie;Résidence La Mongie 1900, 65200 Bagnères-de-Bigorre, France
B&ABA Sport Nature;rue aléxis solanet, 48210, France
Bâteau en ruine;JQV6+M6, 80700 Beuvraignes, France
Baignade;184 La Gare, 26400 Piégros-la-Clastre, France
Baignade des Sablières;49000 Écouflant, France
Baignade Naturelle Arnaud Beltrame de Lorette;Parc de loisirs des Blondières, 22 bis Rue du Stade, 42420 Lorette, France
Balançoires;1 All. de la Comtesse de Ségur, 75008 Paris, France
Ballastière de Saint-Ay;Rte de Blois, 45130 Saint-Ay, France
Bambou Canyon;151 Chem. de Magali, 30140 Anduze, France
Base de Char à voile Portbail;Rue Rozé, 50580 Port-Bail-sur-Mer, France
Base De Loisir;63 Rue de Thiers, 59264 Onnaing, France
Base de Loisirs;4-12 Av. Max Pierrou, 77310 Boissise-le-Roi, France
Base de Loisirs;03470 Pierrefitte-sur-Loire, France
Base de loisirs;8 Av. du Rhône, 42520 Saint-Pierre-de-Bœuf, France
Base de loisirs - Camping;Base de loisirs de l'Iscle, Les Gourniers, 05160 Réallon, France
Base de Loisirs CAP Sports et Nature;1 Rte du Lac, 44450 Saint-Julien-de-Concelles, France
Base de loisirs départementale;1 Prom. des Patis, 77420 Champs-sur-Marne, France
Base de loisirs de Chênedet;Le Chênedet, 35133 Landéan, France
Base de loisirs de La Ferté-Bernard;Salle Olympe, Av. du Général de Gaulle, 72400 La Ferté-Bernard, France
Base de loisirs de La Ramée;21 Chem. de Larramet, 31170 Tournefeuille, France
Base de Loisirs de Molières;Malivert, 82220 Molières, France
Base de Loisirs de Montélimar;Chem. de la Ballastière, 26200 Montélimar, France
Base de loisirs de Testarouman;1370 Rte de Sore, 40410 Pissos, France
Base de loisirs du Châtelard;05260 Saint-Jean-Saint-Nicolas, France
Base de loisirs du lac de Lavalette;2169 route de Saint-Jeures, 43200 Lapte, France
Base de Loisirs du Livradais;4 Av. de Renac, 47110 Sainte-Livrade-sur-Lot, France
Base de loisirs du Palais sur Vienne;2 Av. François Mitterrand, 87410 Le Palais-sur-Vienne, France
Base de loisirs du plan d'eau de Challes-les-Eaux;HX3J+QH, 407-663 Av. de Chambéry, 73190 Challes-les-Eaux, France
Base de Loisirs du Tarn et de la Garonne;23 Av. du Plan d'Eau, 82210 Saint-Nicolas-de-la-Grave, France
Base de Loisirs La Cadeno;5012 Route des Salles-Aups, 04360 Moustiers-Sainte-Marie, France
Base de Loisirs Normandie / Pont d'Ouilly Loisirs;11 Rue du Stade René Vallée 14690, 14690 Pont-d'Ouilly, France
Base de Loisirs Vère Grésigne;Base de loisirs Vère Grésigne Pont de la Lèbre, 81140 Castelnau-de-Montmiral, France
Base de voile et de loisirs Tom Souville;415 D940, 62231 Sangatte, France
Base nature - Pic Natura;Parc de Saint-Sauveur, 34980 Saint-Clément-de-Rivière, France
Base Nature et Sport du Vallon du soleil;295 Chem. des Genévriers, 83260 La Crau, France
Base Naturelle de Loisirs de La Gravière;Rue des Noisetiers, 12400 Saint-Affrique, France
Base Nautique;Base Nautique Robert Pecqueur, 62223 Saint-Laurent-Blangy, France
Base nautique;72160 Tuffé Val de la Chéronne, France
Base Nautique - Les Salles Sur Verdon;Quartier margaridon, Margaridon, 83630 Les Salles-sur-Verdon, France
Base Nautique de Cazeres sur Garonne;Rte de Gensac, 31220 Couladère, France
Base nautique de Loeuilly - Loeuilly canoe kayak;Le Marais, 80160 Ô-de-Selle, France
BASE NAUTIQUE de Saint-Jean-de-Monts;11 Av. de l'Estacade, 85160 Saint-Jean-de-Monts, France
Base Nautique de Sciez;709 Chem. de la Renouillère, 74140 Sciez, France
Base nautique du Canada;60000 Beauvais, France
Base nautique du Lac des Rousses;Rte du Lac, 39220 Les Rousses, France
Base nautique du Parroudé - Canoë kayak Paddle Torreilles;Le Bourdigou, 66440 Torreilles, France
Base Nautique du Tolerme;Lac du Tolerme, 46210 Sénaillac-Latronquière, France
Base nautique et de loisirs de Millocheau;49400 Saumur, France
Base Nautique et de loisirs du Lac de la Reynerie;31100 Toulouse, France
Base Nautique et de Plein Air Jean Binard;Digue de Mer, 59820 Gravelines, France
Base nautique la raviege;1226 Rte du Port, 34330 La Salvetat-sur-Agout, France
Base nautique Longages Le Canoe Voyageur;10 Chem. de Sabatouse, 31410 Longages, France
Base Nautique Paimpont - BLOB;2ter Av. du Chevalier Ponthus, 35380 Paimpont, France
Base nautique Saint Sauveur UFOLEP;Rue Maurice Thorez, 80470 Saint-Sauveur, France
Base Nautique Savel Monteynard BNSM;Route du Lac, 38350 Mayres-Savel, France
Base Sports Nature de la Hardouinais;La Hardouinais 22230, 22230 Merdrignac, France
Bassin aux chevaux;22260 Ploëzal, France
Bassin d'eau - Installation Piscine Polyester;9 Rte de Bordeaux, 33125 Saint-Magne, France
Bassin d’Apprentissage Fixe;Complexe Sportif de la Creuse, 13 Rue Creuse, 45650 Saint-Jean-le-Blanc, France
Bassin de trois fontaine l’abbaye;23 Pl. du Château, 51340 Trois-Fontaines-l'Abbaye, France
Bassin des Blondières;Rue les Blondières, 42420 Lorette, France
Bassin des Joutes de l’Espérance Nautique;Place Marcel Courthial, 26500 Bourg-lès-Valence, France
Bassin La Paix;Saint-Benoît 97470, La Réunion
bassins en cascades sarl;RN 6, 71118 Saint-Martin-Belle-Roche, France
Bateaux Monteynard;Base nautique du Monteynard, 38650 Treffort, France
Belle île aventure;Kergoyet, 56360 Le Palais, France
Bergougnoux David Paysagiste;1 Chem. des Pireyres, 43250 Sainte-Florine, France
Bodyvip Draguignan;381 Bd Jean Mermoz, 83300 Draguignan, France
Bois du ru de Pouilly;All. Félix Eboué, 21000 Dijon, France
Bois de Saint-Sauveur;300 Parc de Saint-Sauveur, 34980 Saint-Clément-de-Rivière, France
Book&Moove;777 Voie Galilée, 73800 Sainte-Hélène-du-Lac, France
Bord de l’ognon;7GMX+JJ, 70140 Pesmes, France
BREIZ'îloc locations saisonnières à Quiberon;Bd de la Teignouse, 56170 Quiberon, France
Bulle de Détente;5 Rue de Noefort, 77178 Saint-Pathus, France
Bureau des Moniteurs Sainte Enimie | Canyoning Spéléo Via ferrata;Rue de la Combe, 48210 Gorges du Tarn Causses, France
Bureau touristique de la Baie du Cotentin - Sainte Mère Eglise;6 Rue Eisenhower, 50480 Sainte-Mère-Église, France
C'TONIQUE;177 Av. du 8 Mai 1945, 86000 Poitiers, France
Cévennes Evasion;ZAE, 1 Rue du Briancon, St Julien du Gourg, 48400 Florac Trois Rivières, France
Cévennes Evasion Accrobranche;1 Rue du Briançon, 48400 Florac Trois Rivières, France
C.C.A.S Villeneuve Saint Denis;Rue Pierre Demay, 77174 Villeneuve-Saint-Denis, France
C.L.A.E. (Centre de Loisirs Associé à l'Ecole);Bd des Tourelles, 09270 Mazères, France
CALYPSO;Piscine Les Ondines, 2 Rue Pasteur, 38700 La Tronche, France
Camp Robinsons;1954 - Ligne 7, Embarcadère rue du 8 mai 1945 + rue Roger Allou Derrière l'arrêt de bus du, Rue du 8 Mai, 80450 Camon, France
Campasun;652 Chem. Raoul Coletta, 83110 Sanary-sur-Mer, France
Camping À La Ferme De Secouray;9 Rue des Bourgeries, 28140 Nottonville, France
Camping Ô bord de l'eau;La Vigne, 43230 Paulhaguet, France
Camping à la ferme chez Marcel;quartier Fond du Plan, 1459 Chem. de Boutinelles, 83350 Ramatuelle, France
Camping Au Cœur du Parc - Onlycamp;19 Rte du Gué, 19290 Peyrelevade, France
Camping Bois du Couvent;Bois-du-Couvent 108, 2300 La Chaux-de-Fonds, Suisse
Camping Clos de la George SA;Les Ecots 3, 1853 Yvorne, Suisse
Camping De Coubon LA CABALE;Rte du Plan d'Eau, 43700 Coubon, France
Camping de l'Escourby;1381 Excourbis, 07260 Vernon, France
Camping de mon Village (Camping-Car Park);330 chemin du camping, 49500 Segré-en-Anjou Bleu, France
Camping de mon Village - Aire Camping-Car Park - Recey-sur-Ource;Lac du Dr Parisot, 3 Rte de Dijon, 21290 Recey-sur-Ource, France
Camping de Poule-les Echarmeaux;69870 Poule-les-Écharmeaux, France
Camping des Marais;2 bis Rue du Rivage, 62500 Tilques, France
Camping des Reclusages;13 Av. des Reclusages, 41800 Montoire-sur-le-Loir, France
Camping du Razay Fol 74;Rte du Razay, 44420 Piriac-sur-Mer, France
Camping et hébergement MJM ????;1389 Rang Saint-Michel, Saint-Ignace-de-Loyola, QC J0K 0A3, Canada
Camping Houn De L'or;440 Rte de Saubion, 40150 Angresse, France
Camping La Brugère Rene En Lieke;La Brugère, 24510 Saint-Félix-de-Villadeix, France
Camping Lac du Salagou;34800 Clermont-l'Hérault, France
Camping Le Kervilor 4 étoiles - Romanée;21 Kervilor, 56470 La Trinité-sur-Mer, France
Camping Le Parc - Pont de Barret;Unnamed Road, 26160, 26160 Pont-de-Barret, France
Camping les Baronnies;Chez Baron, 16480 Oriolles, France
Camping Les Iles Chaumard;58120 Chaumard, France
Camping Les Pins;chemin des vignes, 83630 Les Salles-sur-Verdon, France
Camping Les Tours Du Pinet Domaine Cézanne;Campinglestoursdupinet@gmail.com, 850 Rte de Tahiti, 83350 Ramatuelle, France
Camping Municipal;12420 Argences en Aubrac, France
Camping municipal;Rue du Pré de Bains, 21410 Sainte-Marie-sur-Ouche, France
Camping municipal entre les deux ponts;25 Rue du Pont, 70230 Montbozon, France
Camping saint hubert;57640 Saint-Hubert, France
Camping St. Nicolas;5 Rue Saint-Nicolas, 52240 Choiseul, France
Campus Aquae;Via Cascinazza, 29, 27100 Pavia PV, Italie
Canal Kayak;Le Pommain Bout de Bois, 44390 Saffré, France
Canoë Aigue Vive - Gorges du Tarn / ( Lozère );Gorges du Tarn, route des gorges du tarn, Saint-Pal, 12720 Mostuéjouls, France
Canoë Aventure;Rte du Lac, 40200 Saint-Paul-en-Born, France
Canoë Le Rozier;110 Brouillet, 48150 Le Rozier, France
Canoë-Club d'Avranches - Stade nautique de l'Ecoparc - base de loisirs et terrains de kayak-polo;Le Chêne au Loup, 50300 Tirepied-sur-Sée, France
Canoë-Kayak Pont d'Ouilly Clécy / Pont d'Ouilly Loisirs - Suisse Normande;11 Rue du Stade René Vallée, 14690 Pont-d'Ouilly, France
CANOE KAYAK PONT DU NAVOY;3 Rue du Vieux Pont, 39300 Pont-du-Navoy, France
Canopy Parc;Av. Paul Minot, 44500 La Baule-Escoublac, France
CANYOC / canyoning et escalade;8 Rue de la Bergerie, 34710 Lespignan, France
CANYON AVENTURE | Canyoning à LANGEVIN et sur toute l'île de la Réunion;194 Rue De La Passerelle, Saint-Joseph 97480, La Réunion
Canyon de La Salette;D212C, 38970 La Salette-Fallavaux, France
Canyon et spéléologie pierre olivier;Bourg, 64130 Menditte, France
Canyon isula - Canyoning en Corse;U Pratu 270 Route de l'ancienne Voie ferrée, 20230 San-Nicolao, France
Canyon Les Rousses;73160 Corbel, France
Canyon Trou Blanc / Accueil Renseignement;42 Rue Amiral Lacaze, Salazie 97433, La Réunion
Canyoning - Au Cœur de l'Eau;100 Chem. de Planchamp, 73230 Saint-Jean-d'Arvey, France
Canyoning Cilaos - RDV Adrenalile;Rue des Thermes, Cilaos 97424, La Réunion
Canyoning Corse;Résidence l'Aparté, Rte de Mezzavia Bat B, 20167 Mezzavia, France
Canyoning dans le Jura - Le Sens de l'Eau;1 Pré Martinet, 39200 Villard-Saint-Sauveur, France
Canyoning et escalade | Adventures Réunion;244 A Chem. Finette, Saint-Denis 97400, La Réunion
Canyoning Nice | Azur Canyoning;26 Av. Auber, 06000 Nice, France
Canyoning Verdon : Canyoning Sud Est;Chez Thierry Chabane, Zone artisanale, Anc. Rte de Grasse, 04120 Castellane, France
CAP CANOË. Dès 17 € la location de canöe kayak Gorges de l'Aveyron;Chem. du Lavoir, 82140 Saint-Antonin-Noble-Val, France
Capitainerie du Port de St Victor;Rue du Port, 42230 Saint-Étienne, France
Caravaning Château Gaillard;13 Rue de la Mare, 27700 Les Trois Lacs, France
Carrefour Voyages Saran;2601 Route Nationale 20, 45770 Saran, France
Cascade;24 Rte de Toulon, 83136 Méounes-lès-Montrieux, France
CASCADE adventure pool with sauna;Talweg 4, 54634 Bitburg, Allemagne
Cascade d'aiguebelle;26150 Pontaix, France
Cascade de Bughja - Spiscia di Bughja;20243 San-Gavino-di-Fiumorbo, France
Cascade de Jassy;63420 Saint-Alyre-ès-Montagne, France
Cascade de l'Éventail;39130 Menétrux-en-Joux, France
Cascade de la Crouzie;12330 Salles-la-Source, France
Cascade de la goutte des saules;Unnamed Road, 70290 Plancher-les-Mines, France
Cascade de la Roche;38118 Saint-Baudille-de-la-Tour, France
Cascade de la Roque;12330 Salles-la-Source, France
Cascade de la vis;D110, 30440 Saint-Laurent-le-Minier, France
Cascade de Runes;D35, 48220 Pont de Montvert - Sud Mont Lozère, France
Cascade de Salles-la-Source;33 Rue du Bourg, 12330 Salles-la-Source, France
Cascade du Moulin du Saut;39250 Nozeroy, France
Cascade du Val;Ruisseau du Val, France
Cascade Val d'Arc;6 Lotissement la Vanoise, 73220 Val-d'Arc, France
Cascades du Flumen;39310 Septmoncel les Molunes, France
Casino JOA de St-Brevin l'Océan;55 Bd de l'Océan, 44250 Saint-Brevin-les-Pins, France
Cash Piscines;11 Rue de la Sablière, 67590 Schweighouse-sur-Moder, France
CASSBA;CCAS PIERRE RABHI, 1 Rue Jean Gilles, 49124 Saint-Barthélemy-d'Anjou, France
Cave Yuccas;14 Rue Gouffier, 41800 Troo, France
CDLD - Wibit;1 Rue de l'Église, 60800 Rocquemont, France
Centre;64220 Saint-Jean-Pied-de-Port, France
Centre Édouard Hoff;La Vall. des Bois, 28350 Saint-Lubin-des-Joncherets, France
Centre Aquatique;02400 Château-Thierry, France
Centre Aquatique;08000 Charleville-Mézières, France
Centre Aquatique;50000 Saint-Lô, France
Centre Aquatique Réidener Schwämm Redange;28 Rue de la Piscine, 8508 Redange-sur-Attert, Luxembourg
Centre Aquatique Sorel;3030 Pl. des Loisirs, Sorel-Tracy, QC J3R 5S5, Canada
centre bel air park;3930 Rte de Campsas, 31620 Fronton, France
Centre char à voile Plouescat;Rohou Bras, 29430 Plouescat, France
Centre d'Activités Voile et Vent;30 Rte de Fort, 50340 Les Pieux, France
Centre de glisse de l'Ile de Batz - Rêves de Mer;Village vacances Le Jardin Colonial, Penn Ar Chleguer, 29253 Île-de-Batz, France
Centre de Loisirs;2 Rue des Marronniers, 53100 Parigné-sur-Braye, France
Centre de loisirs;3 Rue Mac Laurin Colin, 50410 Percy-en-Normandie, France
Centre de Loisirs de Tonnay-Boutonne;3 Chem. des Écoliers, 17380 Tonnay-Boutonne, France
Centre de Loisirs Municipal;13 Rte de Villeneuve, 89330 Saint-Julien-du-Sault, France
Centre De Loisirs O Soleil;12 ter Rue Georges Clemenceau, 77400 Thorigny-sur-Marne, France
Centre de tir de Margnat;23500 Sainte-Feyre-la-Montagne, France
Centre de Tourisme de Rouffiac;Centre de Tourisme, Rouffiac, 24270 Angoisse, France
Centre de Vacances ANAS Camiers;13 Rue du Vieux Moulin, 62176 Camiers, France
Centre de Vacances et de Loisirs Saint André en Vivarais;27 Pl. de la Mairie, 07690 Saint-André-en-Vivarais, France
Centre Lagon;1 Chem. des Terres Blanches, 04860 Pierrevert, France
Centre Municipal de Voile;27 Bd de Cornouaille, 22190 Plérin, France
Centre Municipal Saint Auban;1 Av. du Stade, 04160 Château-Arnoux-Saint-Auban, France
Centre N@utique Tufféen;Le Lac, 18 rue du plan d'eau, 72160 Tuffé Val de la Chéronne, France
CENTRE NATURE & SPORT – MITTERSHEIM;Rue de la Plage, 57930 Mittersheim, France
Centre Nature Bon Vent - Santec - Rêves de Mer;87 Rue de la Forêt, 29250 Santec, France
Centre Nautique de Cepoy;Base Nautique, 45120 Cepoy, France
Centre nautique de Saint-Pol-de-Léon - Rêves de Mer;Prom. de Penarth, 29250 Saint-Pol-de-Léon, France
Centre Nautique Municipal;GX4C+C5V, Bd Malouet, Saint-Laurent-du-Maroni 97320, Guyane française
Centre Nautique Municipal de Plérin;66 Espl. Eric Tabarly, 22190 Plérin, France
Centre Nautique Prince Albert II;7 Av. des Castelans
Centre Omnisports Pierre Croppet;11 Rte de Gray, 25000 Besançon, France
Centre sportif de Bellecin;Lieu-dit Base de Bellecin, 39270 Orgelet, France
Centre Sportif Jacqueline Auriol;7 All. Louis de Funès, 75008 Paris, France
Centre Sportif Municipal & Bains Douches;Rue de la Fontaine, 25300 Pontarlier, France
Centre touristique du Ponty;1 Rue du Lac, 19200 Ussel, France
Centre Vacances PEP;2 Rue du Verger, 53270 Torcé-Viviers-en-Charnie, France
Cercle Des Nageurs Guérètois;5 Av. Fayolle, 23000 Guéret, France
Cercle Nautique de Sciez;311 Chem. de la Renouillère, 74140 Sciez, France
Cessinas Verger Punk;26 route du Lac, 23460 Saint-Marc-à-Loubaud, France
Cev'N Canyoning des gorges du Tarn - Via Ferrata - Escalade - Canyoning Cévennes - gorges du Tarn;Champerboux, 48210 Gorges du Tarn Causses, France
CHÂTEAU TIFFAUGES;Le Château, 85130 Tiffauges, France
Château d'eau des Quatre Pavés;Quatre Pavés, 77186 Noisiel, France
Château d'Oigny-en-Valois;1 Pl. de l'Église, 02600 Oigny-en-Valois, France
Château d'Ozenay;Le Bourg, 71700 Ozenay, France
Château Dauphin;6 Rue du Frère Genestier, 63230 Pontgibaud, France
Château de Cabasse;13140 Miramas, France
Château de Chalencon;Pont du Diable, 43530 Saint-André-de-Chalencon, France
Château de Couzan;Couzan, 42890 Sail-sous-Couzan, France
Château de Crussol;Chem. de Beauregard, 07130 Saint-Péray, France
Château de la Borde;1 Bois de la Morlière, 60420 Sains-Morainvillers, France
Château de La Petite-Pierre;2 Pl. du Château, 67290 La Petite-Pierre, France
Château de Médavy;61570 Médavy, France
Château de Naucase;Naucase, 15600 Saint-Julien-de-Toursac, France
Château de Pesteils;15800 Polminhac, France
Château de Pierre-de-Bresse;5T Av. de la Gare, 71270 Pierre-de-Bresse, France
Château de Poncé;8 Rue des Coteaux, 72340 Loir en Vallée, France
Château de Pont-de-Veyle;Dom. du Château, 01290 Pont-de-Veyle, France
Château de Regnière-Écluse;49 Rue du Régiment de la Chaudière, 80120 Regnière-Écluse, France
Château de Sébeville;Château de Sébeville, 50480 Sébeville, France
Château de Saint Jean de Beauregard;Rue du Château, 91940 Saint-Jean-de-Beauregard, France
Château de Saint Léger-de-Fougeret;Château de Saint-Léger, 58120 Saint-Léger-de-Fougeret, France
Château de Saint-Gérand;03150, Saint-Gérand-le-Puy, France
Château de Saint-Germain-de-Livet;D268, 14100 Saint-Germain-de-Livet, France
Château de Saint-ilpize;43380 Saint-Ilpize, France
Château de Saint-Pierre-de-Semilly;50810 Saint-Pierre-de-Semilly, France
Château de Saint-Victor-sur-Loire;All. des Remparts, 42230 Saint-Étienne, France
Château de Sauchay;5 Chem. du Manoir, 76630 Sauchay, France
Château de Selles-sur-Cher;1 Le Château, 41130 Selles-sur-Cher, France
Château de Sercy;Rte du Château, 71460 Sercy, France
Château de Tilloloy;80700 Tilloloy, France
Château du Grand Jardin;5 Av. de la Marne, 52300 Joinville, France
Château du parc Saint Lambert;La Chaussée, 49070 Saint-Lambert-la-Potherie, France
Château du Plessis-Brion;2 Rue de l'Église, 60150 Le Plessis-Brion, France
Château fort de Pirou;3 Le Château, 50770 Pirou, France
Château Le Castellas de Saint-Bonnet-de-Salendrinque;30460 Saint-Bonnet-de-Salendrinque, France
Château Saint Denis;Château Saint Denis, 47220 Sauveterre-Saint-Denis, France
Château Saint-Cernin;Le Château, 24560 Saint-Cernin-de-Labarde, France
Château Saint-Cirgues-sur-Couze;11 Rte de Tourzel, 63320 Les Deux-Rives, France
Chêne de la Liberté;9 La Basse Haye, 35140 Saint-Christophe-de-Valains, France
Chalets Bornand;57 Rte du Grand Bois, 74120 Megève, France
Chamonix Bellevue;17 Av. du Mont Blanc, 74400 Chamonix-Mont-Blanc, France
Chanteleux;Lieu dit le, chanteleux, 72220 Laigné-Saint-Gervais, France
Chantier du centre aquatique de Liesse;175 Rue de Paris, 95310 Saint-Ouen-l'Aumône, France
Chateau de Clinzeau;1916 route d onlay, 58120 Saint-Léger-de-Fougeret, France
Chateau de Tramezaïgues;1 Carrero de Dessus, 65170 Tramezaïgues, France
Chez Didine;16 Rue de la République, 87310 Saint-Laurent-sur-Gorre, France
Chez José;20140 Moca-Croce, France
Chouette Land;Zone Artisanale Croix de la Cadoue, 6 Rte des Carrières, 86240 Smarves, France
Chouette Parc - Pessade Aventures;100 rue de la montagne, 63970 Saulzet-le-Froid, France
Chute de la Druise Cascade;26400 Omblèze, France
City stade;33 Rte des Roches, 86340 Nouaillé-Maupertuis, France
CK Pont de Roide Vermondans;14 bis Rue du Général Herr, 25150 Pont-de-Roide-Vermondans, France
CKC Canoë Kayak Club;13 Rte d'Aixe, 87420 Saint-Victurnien, France
Clécy gliss;2 La Faverie, 14570 Clécy, France
Club Aquatique de La Possession;11 Av. Raymond Vergès, La Possession 97419, La Réunion
Club Aquatique de Parcieux;9 Chem. de Halage, 01600 Parcieux, France
Club d'Aviron de la Base Nautique de Sciez sur Léman;Chem. de la Renouillère, 74140 Sciez, France
Club de Seclin Natation;2 Av. du Président Allende, 59113 Seclin, France
Club de Voile de Thoux St-Cricq;En Lannes, 32430 Thoux, France
Club de Voile du Lac des 3 provinces;base nautique des Couflons, 41110 Seigy, France
Club des Dauphins Ploumanac'h;Plage, 22700 Saint Guirec, France
Club des Nageurs de La Possession;BP 61, 11 Av. Raymond Vergès, La Possession 97419, La Réunion
Club Fitneo - Pornichet/Baie de La Baule;66 Bd des Océanides, 44380 Pornichet, France
Club house - Club Nautique de Merville-Franceville;Chem. de la Baie, 14810 Merville-Franceville-Plage, France
Club Gymnastique Aquatique Et Natation;28 Rue Laure Diebold, 75008 Paris, France
Club Motonautique de Rochebut;14 La Ronceraie, 03420 Mazirat, France
Club Municipal de Natation de Dieppe;Chem. des Vertus, 76550 Saint-Aubin-sur-Scie, France
Club Nautique de Coutances;27 Rue Gérard Gaunelle, 50200 Coutances, France
Club Nautique de Ramonville;Piscine Municipale, All. des Sports, 31520 Ramonville-Saint-Agne, France
Club Nautique de Trévoux Aviron;69650 Quincieux, France
Club Nautique Mauzacois;Bourg, 24150 Mauzac-et-Grand-Castang, France
Club Nautique Pontissalien;11 Rue Denis Diderot, 25300 Pontarlier, France
Club Nautique Portesien;1 Av. Pierre de Coubertin, 31120 Portet-sur-Garonne, France
CLUB NAUTIQUE VAL DE FENSCH;3 Pl. Adrien Printz, 57290 Serémange-Erzange, France
Club Omnisports des Ulis;4bis Av. des Cévennes, 91940 Les Ulis, France
Club ski nautique;17800 Salignac-sur-Charente, France
Club Voile et pagaie Franceville;Chem. de la Baie, 14810 Merville-Franceville-Plage, France
CNEC - Centre Nautique Est Cotentin;28 Bd maritime, 50310 Quinéville, France
Coconing Massage;3035 Rte de la Goutte, 42800 Saint-Romain-en-Jarez, France
Colline de Sion;D53, 54330 Vaudémont, France
COLORADO AVENTURES (parc accrobranche);Quartier Notre-Dame des anges, 84400 Rustrel, France
Comminges Aquatique;Rue Olivier de Serres, 31800 Saint-Gaudens, France
Communauté de Communes;Clos des Métairies, 56130 Nivillac, France
Complexe Aquatique de la Minganie;1243 Rue de la Digue, Havre-Saint-Pierre, QC G0G 1P0, Canada
Complexe aquatique de Saint-Lin-Laurentides;550 Rue du Parc, Saint-Lin-Laurentides, QC J5M 3A2, Canada
Complexe Aquatique des Deux Mers;7 Chem. de Calvin, 33770 Salles, France
Complexe Sportif;8 Rue du Stade, 59262 Sainghin-en-Mélantois, France
Complexe sportif Claude-Raymond;955 Rue Choquette, Saint-Jean-sur-Richelieu, QC J3A 1R1, Canada
Complexe Sportif de l'Espace Océane;Rocade Champêtre, 22940 Plaintel, France
Complexe sportif de l'Idonnière;Pruniers,, Rue de l'Aubépine, 85170 Le Poiré-sur-Vie, France
Complexe Sportif de La Pinelière;Chem. de la Bridenelle, 17137 Lagord, France
Complexe Sportif de Saint-Julien-les-Rosiers;376 Av. des Mimosas, 30340 Saint-Julien-les-Rosiers, France
Complexe Sportif du Gotha;56 Rue des Maîtres, 44150 Ancenis-Saint-Géréon, France
Complexe Sportif La Maladrerie;Rue de la Maladrerie, 72120 Saint-Calais, France
Complexe Sportif Latécoère (Complex Esportiu);13 Chem. de Leucate, 66250 Saint-Laurent-de-la-Salanque, France
Complexe sportif Marie Paradis;2 Av. de l'Europe, 69250 Neuville-sur-Saône, France
Complexe sportif municipal Jean GUIMIER;77290 Mitry-Mory, France
Complexe Sportif Piscine Patinoire Alex Jany;7 Chem. du Verdon, 31500 Toulouse, France
Complexe Sportif Pascal Rossini;8 Bd Pascal Rossini, 20000 Ajaccio, France
Copeyre Canoë - Location de canoë/kayak - Gluges - Lot;3 Gluges, 46600 Martel, France
Coronation Park;Bel Royal, La Route de St Aubin, St. Lawrence, Jersey
CORSE RANDO CANYON;3 u pinzu, 20145 Sari-Solenzara, France
Corsicabyrinthe;Route de la plage d, Alistro, 20230 San-Giuliano, France
Cosmos Paysage;3 Av. du 11 Novembre, 38210 Tullins, France
Costa verde aventure bouée tractée Moriani;Moriani Plage, 20230 San-Nicolao, France
Couleur Canyon - Canyoning Verdon & Arrière Pays Niçois;87 Chem. du Collet du Moulin, 06850 Saint-Auban, France
Criq’ Parc;La, 6111 Digue à Panade C611, 74410 Saint-Jorioz, France
Crok'Nature;81340 Padiès, France
CT Garden - Paysagiste;62 Rue de la Préfecture, 38510 Saint-Victor-de-Morestel, France
CVSAE - Club de Voile Saint Aubin Elbeuf;Voie du Mesnil, 76410 Tourville-la-Rivière, France
Dahu Canyon;25 Rue du Bass., 74200 Allinges, France
Das Südbad an den Weihern - Trier;An d. Härenwies 10, 54294 Trier-Weismark-Feyen, Allemagne
DAVID dominique;29140 Melgven, France
Demeure des Remparts;13 Rue Saint-Jean, 77160 Provins, France
Depan'piscine;de 3, Les Rocs, Joanin lieu dit, 33350 Saint-Philippe-d'Aiguille, France
Des Guides pour l'Aventure : Canyoning - Escalade - Gorges du Verdon;Les Magnans Quartier Saint Michel, 04360 Moustiers-Sainte-Marie, France
Des-chênes-toi Aventure;775 Route des couronneaux, 47120 Sainte-Colombe-de-Duras, France
DEVELOPPEMENT;5 Square du Magnolia, 77200 Torcy, France
Dolce Via;07800 Saint-Laurent-du-Pape, France
Domaine départemental de la Roche-Jagu;22260 Ploëzal, France
Domaine départemental de Trévarez;Domaine de Trévarez, 29520 Saint-Goazec, France
Domaine départemental des Marmousets;Chem. des Marmouzets, 94510 La Queue-en-Brie, France
Domaine de l'Estanel;D172, 34970 Lattes, France
Domaine de la Hardouinais;La Hardouinais, 22230 Merdrignac, France
Domaine de la Rêverie;39 Rue de la Crémaillère, 44710 Saint-Léger-les-Vignes, France
Domaine de Rumilly;D93, 10260 Rumilly-lès-Vaudes, France
Domaine des Îles;9 Rue du Moulin, 80400 Offoy, France
DOMAINE DES NAÏADES;30 Rte de Klingenthal, 67530 Ottrott, France
Domaine du grand beaulieu;Imp. de Beaulieu, 16480 Oriolles, France
Domaine du Merle Roux;Le Roux, 07210 Baix, France
Domaine du Windeck;51 Rue Principale, 67530 Ottrott, France
Domaine Saint Michel;10 Av. de Toutevoie, 60270 Gouvieux, France
Domaine Saint-Jean;Hameau du viala, 12230 Saint-Jean-du-Bruel, France
Domaine St Jean des Sources;Domaine St Jean des Sources, 34850 Pinet, France
Donjon de Septmonts;Pl. de la Mairie, 02200 Septmonts, France
Dordogne Outdoor Experience;23 Rue des Condamines, 19400 Argentat-sur-Dordogne, France
Douceur de naître;6 Rue du Parc, 49520 Segré-en-Anjou Bleu, France
Drago Park;Zoning Industriel Baronnie, 73330 Le Pont-de-Beauvoisin, France
Du Coq à L’ane;4 Bis Ham. de la Bourdiniere, 42800 Saint-Martin-la-Plaine, France
Dudi parc;3 Rue des Frères PIETO, 22400 Lamballe-Armor, France
Dufaud Piscine;Les Tournelles, 69830 Saint-Georges-de-Reneins, France
Eau Bonheur De L’Eau;Rte d'Autun, 71640 Mellecey, France
Eau Claire Piscine;
EAUX DE SAINT GERON;Pré Grand, 43360 Saint-Géron, France
Ecole de Ski Français(ESF)Jardin d'Enfants le Centre La Rosière;La Rosière, 73700 Montvalezan, France
Ecole de Ski Français;station de ski, La Vignole lieu dit, 66760 Porté-Puymorens, France
Ecole de Voile de Térénez;39 Rte de Terenez, 29630 Plougasnou, France
Ecomusée d'Ouessant;29242 Ouessant, France
Ecomusée de la presqu'ile;MAIRIE, Bd de la Charente, 17730 Port-des-Barques, France
Ecopark Adventures Penzé | Accrobranche Finistère 29;penzé FR, 1 Bis Rte nationale, 29670 Taulé, France
ECOVILLAGE LE DOMAINE DE CALZOLA;Ponte, 20140 Casalabriva, France
Ecovillage Sainte Camelle;lieu-dit Sainte Camelle, 866 Rte de Vicaria, 09100 Saint-Victor-Rouzaud, France
EdenKids;Decathlon Village - La Petite Bastide Avenue des Chabauds, RN 8, 13320 Bouc-Bel-Air, France
EDSUN;Zone d'Activité du Puy Pelé, 85130 Tiffauges, France
Elosparc;12 Rue du Moulin, 79210 Saint-Georges-de-Rex, France
Embarcadère de la Venise Verte;Rue du Port, 85420 Le Mazeau, France
Embarcage etang de Leon;VMQR+86, 40550 Léon, France
ENTENTE NATATION PIERRELATTE;6 All. des Peupliers, 26700 Pierrelatte, France
Entente Nautique Caennaise;10 Rue Jean de la Varende, 14000 Caen, France
Entre Mer et Roseaux;406 Bd Francis Vals, 11210 Port-la-Nouvelle, France
Erdre Piscines;107 Le Mézay, 44440 Trans-sur-Erdre, France
Erlebnisbad Aqua Mundo Park Eifel;Am Kurberg, 56767 Gunderath, Allemagne
Escapade Nature Pays d'Argentat;Imp. du Camping, 19400 Argentat-sur-Dordogne, France
ESF Notre dame de Bellecombe;345 Av. de Savoie, 73590 Notre-Dame-de-Bellecombe, France
Espace Aqua-ludique Adrien Jeandin;Chem. de Chapelly 12, 1226 Thônex, Suisse
Espace Aquatique l'Oasis - Camping Le Castella;9371 Rte d'Agde, 34200 Sète, France
Espace Arlette et Jacques Carlier;6 Av. Albert Camus, 94420 Le Plessis-Trévise, France
Espace bien-être La Palombiere;24200 Sainte-Nathalène, France
ESPACE BLEU - Piscine et Spa;105 Rue des Lauriers, 44150 Ancenis-Saint-Géréon, France
Espace de jeu du Marais;44450 Saint-Julien-de-Concelles, France
Espace Eau Vive - PORCIEU;Chemin de l, 631 Isle de la Serre, 38390 Porcieu-Amblagnieu, France
Espace Eaux Vives;Av. du Rhône, 42520 Saint-Pierre-de-Bœuf, France
Espace Gaston Chaissac à visiter et activités culturelles;1 Rue de la Scierie, 85140 Sainte-Florence, France
Espace Jean Chalavon;10 Av. de Marineo, 43600 Sainte-Sigolène, France
Espace Méditrine;1432 Rte du Revard, 73100 Trévignin, France
Espace Maudéane;Rle du Nid d'Oie, 44190 Clisson, France
Espace Nature et Loisirs du Collet;642 Rte du Col du Sabot, 38114 Vaujany, France
espace nature evasion Base nautique et sportive;2 Rue de la Grande Mademoiselle, 01140 Thoissey, France
Espace naturel départemental du parc du château des Pères;D32, 35150 Piré-Chancé, France
ESPACE PISCINE;30 Rue de Niederbronn, 67500 Schweighouse-sur-Moder, France
Espace Valberg Aventure;28 Av. de Valberg, 06470 Péone, France
Esplanade clemenceau st vincent sur jard;85520 Saint-Vincent-sur-Jard, France
Esplanade Saint-Martin;13 Av. de Renac, 47110 Sainte-Livrade-sur-Lot, France
Esprit Nature;Seilhac le Lac, 19700 Seilhac, France
Etang De Kerbourgnec;56510 Saint-Pierre-Quiberon, France
Etang De La Grenouillere;4B Rte de Vanemont, 88600 Les Rouges-Eaux, France
Etang de la sablière;Rte de L Aérodrome, 49122 Le May-sur-Èvre, France
Etang De Passavant;49560 Passavant-sur-Layon, France
Etang de Persac;9P25+8W, 86320 Persac, France
Etang de Peyrilhac;D39 Les Bruyères, 87510 Peyrilhac, France
Etang de plouvain;8W3J+28, 62118 Plouvain, France
Etang de Quintin;2 Pl. de la République, 22800 Quintin, France
Etang De Tamniès;Étang de Tamniès, 24620 Tamniès, France
Etang de trémentines;Rue Maurice Ravel, 49340 Trémentines, France
Etang des Nonettes;59146 Pecquencourt, France
Etang du Clos;Unnamed Road, 44440 Trans-sur-Erdre, France
Etang du mesqueau;Rte de Mesqueau, 29630 Plougasnou, France
Etang Pré L' Eveque;Unnamed Road, 55100 Verdun, France
Etang Saint Gérand De Vaux;3-1 Rue du Lavoir, 03340 Saint-Gérand-de-Vaux, France
Etangs de Saint-Pancré;37 Grand Rue, 54730 Saint-Pancré, France
Eurl R.S BATI/UNIBEO - LA PISCINE DE VOS RÊVES;112 Rue Georges Pompidou, 89700 Tonnerre, France
Eva Location;535 Route de Die, 26340 Saillans, France
Evasion Verdon;Camping Homair les Gorges de Provence, 04500 Montagnac-Montpezat, France
Everblue - Roguet Piscine & Spa;157A Rte des Vouards, 74140 Saint-Cergues, France
EX Petite piscine du parc de Bréquigny;35200 Rennes, France
Explora Parc;Rue de la Parée Jésus, 85160 Saint-Jean-de-Monts, France
EXPLORE AVENTURE VERDON;D952, 04120 Rougon, France
Fédération Française de Saut A l'Elastique;40 Av. de Saint-Antoine, 13015 Marseille, France
FADA - Ferme Aquaponique de l'Abbaye;20 Rue Guillaume le Conquérant, 76890 Saint-Victor-l'Abbaye, France
Ferme Aquacole de L'Île Madame;L'Île Madame, 17730 Port-des-Barques, France
Ferme de Magné;1 route Marennes, 17250 Sainte-Gemme, France
Ferme du Ménéhy;7 Ménéhy, 56350 Saint-Vincent-sur-Oust, France
Ferme Equestre LE RUPT;7 Rue Haute, 55260 Rupt-devant-Saint-Mihiel, France
Ferme Pédagogique de Cinquante;Chem. de Mange Pommes, 31520 Ramonville-Saint-Agne, France
Ferme Pédagogique de Saint Hilliers;2 Rue de la Petite Cour, 77160 Saint-Hilliers, France
Ferme Pédagogique La Clé des Champs;1 Chem. Île de France, 55190 Méligny-le-Petit, France
Ferme-musée du Cotentin;1 Rue de Beauvais, 50480 Sainte-Mère-Église, France
Ferretti Alain;Le Volvet, 70270 Fresse, France
FERTÉ PISCINES;5 Rte de Grange l'Évêque, 10180 Saint-Lyé, France
Fitness Park - Salle de sport Les Pavillons-sous-Bois;214 Av. Aristide Briand, 93320 Les Pavillons-sous-Bois, France
Fitness Park - Salle de sport Pollestres;Centre commercial frunshopping , Zac, Creu Blanca, 66450 Pollestres, France
Fitness Park - Salle de sport Saint-Parres-aux-Tertres;2 Rue des Magnolias, 10410 Saint-Parres-aux-Tertres, France
Fitness Park - Salle de sport Saint-Pierre-lès-Elbeuf;849 Rte de Pont-de-l'Arche, 76320 Saint-Pierre-lès-Elbeuf, France
Flore Sciences Nature;Av. des Fleurs de la Paix, 17200 Royan, France
FLORE-AQUATIQUE;rd56b, 13790 Peynier, France
