url;nom;Traite
https://www.linkedin.com/company/manoir-le-roure;;Oui
https://www.linkedin.com/company/domaine-des-abbatiales;;Oui
https://www.linkedin.com/company/chateau-de-locguenole;;Oui
https://www.linkedin.com/company/dihanevasion;;Oui
https://www.linkedin.com/company/thalazur;;Oui
https://www.linkedin.com/company/spa-reims;;Oui
https://www.linkedin.com/company/domaine-de-la-dombes;;Oui
https://www.linkedin.com/company/office-de-tourisme-haut-bugey;;Oui
https://www.linkedin.com/company/h;;
https://www.linkedin.com/company/taranae;;
https://www.linkedin.com/company/spa-holistique-marie-de-bourgogne;;
https://www.linkedin.com/company/linktreeapp;;
https://www.linkedin.com/company/hysope-paris-brand;;
https://www.linkedin.com/company/b;;
https://www.linkedin.com/company/sources-hotels;;
https://www.linkedin.com/company/iris-willy-spa-franchise;;
https://www.linkedin.com/company/grand-h-tel-de-bordeaux-;;
https://www.linkedin.com/company/p-le-thermal;;
https://www.linkedin.com/company/centrebalnea;;
https://www.linkedin.com/company/sarbacane-positive;;
https://www.linkedin.com/company/sundance-spas;;
https://www.linkedin.com/company/zen-addict;;
https://www.linkedin.com/company/wix-com;;
https://www.linkedin.com/company/hôtel-belle-plage;;
https://www.linkedin.com/company/les-thermes-de-saujon;;
https://www.linkedin.com/company/citadines-eurometropole-strasbourg;;
https://www.linkedin.com/company/caliceo;;
https://www.linkedin.com/company/valvital1;;
https://www.linkedin.com/company/hotel-restaurant-la-robéyère;;
https://www.linkedin.com/company/qc-termemilano;;
https://www.linkedin.com/company/cures-marines-trouville-hôtel-thalasso-spa-mgallery-by-sofitel;;
https://www.linkedin.com/company/univers-wellness67;;
https://www.linkedin.com/company/lessourcesduchery;;
https://www.linkedin.com/company/o-spa-care-wellness-spa-by-sothys;;
https://www.linkedin.com/company/accor;;
https://www.linkedin.com/company/domainedubelvedere;;
https://www.linkedin.com/company/le-richebourg-hotel---restaurant---spa;;
https://www.linkedin.com/company/hotel-napoleon-fontainebleau;;
https://www.linkedin.com/company/balicina;;
https://www.linkedin.com/company/giovanniriboli;;
https://www.linkedin.com/company/aginum-thermae-les-thermes-romains-d'armandie;;
https://www.linkedin.com/company/alpapart;;
https://www.linkedin.com/company/lesbalcons;;
https://www.linkedin.com/company/domaine-de-marlioz-aix-les-bains-savoie;;
https://www.linkedin.com/company/la-caserne-chanzy-hotel-spa;;
https://www.linkedin.com/company/l-ours-de-mutzig;;
https://www.linkedin.com/company/domaines-de-saint-endréol-golf-spa-resort;;
https://www.linkedin.com/company/bainsdepsom;;
https://www.linkedin.com/company/chateau-de-sacy;;
https://www.linkedin.com/company/les-domaines-de-fontenille;;
https://www.linkedin.com/company/boscolocollection;;
https://www.linkedin.com/company/hotel-lenegresco;;
https://www.linkedin.com/company/kelyss-spa;;
https://www.linkedin.com/company/château-du-portereau;;
https://www.linkedin.com/company/valdys-groupe;;
https://www.linkedin.com/company/zoo-parc-de-beauval;;
https://www.linkedin.com/company/spa-autour-de-soi;;
https://www.linkedin.com/company/chateau-de-maubreuil;;
https://www.linkedin.com/company/hotel-chais-monnet;;
https://www.linkedin.com/company/hotel-miura;;
https://www.linkedin.com/company/bainsdumarais;;
https://www.linkedin.com/company/raffles-hotels-;;
https://www.linkedin.com/company/spa-luxury-paris;;
https://www.linkedin.com/company/black-door-paris;;
https://www.linkedin.com/company/quinzerie-hôtel;;
https://www.linkedin.com/company/studios-architecture;;
https://www.linkedin.com/company/shangri-la-hotels-and-resorts;;
https://www.linkedin.com/company/rivage-thalasso-spa;;
https://www.linkedin.com/company/domainelesdryades;;
https://www.linkedin.com/company/evolution-2-entreprise;;
https://www.linkedin.com/company/koalendar;;
https://www.linkedin.com/company/le-centre-samcha;;
https://www.linkedin.com/company/mouv-spa;;
https://www.linkedin.com/company/mgm-hôtels-;;
https://www.linkedin.com/company/caudalie;;
https://www.linkedin.com/company/106559208;;
https://www.linkedin.com/company/hôtel-quality-suites-bordeaux-aéroport-spa;;
https://www.linkedin.com/company/3100962;;
https://www.linkedin.com/company/bleu-tropical-piscines;;
https://www.linkedin.com/company/coeurdemegeve;;
https://www.linkedin.com/company/hotel-les-tresoms-lake-;;
https://www.linkedin.com/company/piscines-hydrosud;;
https://www.linkedin.com/company/lesaintgervais;;
https://www.linkedin.com/company/ambiance-spa-valence;;
https://www.linkedin.com/company/vaujany-station-village;;
https://www.linkedin.com/company/93590058;;
https://www.linkedin.com/company/siloe-les-bains;;
https://www.linkedin.com/company/hôtel-spa-du-castellet;;
https://www.linkedin.com/company/iledesembiez;;
https://www.linkedin.com/company/mgalleryhotels;;
https://www.linkedin.com/company/ch;;
https://www.linkedin.com/company/z-nitude-h-tel-r-sidences;;
https://www.linkedin.com/company/la-casa-tierdam;;
https://www.linkedin.com/company/tiara-miramar-beach-resort;;
https://www.linkedin.com/company/les-etincelles-collection;;
https://www.linkedin.com/company/calyspa;;
https://www.linkedin.com/company/best-western-plus-hôtel-le-conquérant;;
https://www.linkedin.com/company/grand-hotel-du-golfe;;
https://www.linkedin.com/company/squarespace;;
https://www.linkedin.com/company/spa-du-bois-d-amour;;
https://www.linkedin.com/company/hotel-les-cimes-bleues;;
https://www.linkedin.com/company/arboressence-spa;;
https://www.linkedin.com/company/araucaria-hotel-spa;;
https://www.linkedin.com/company/hostellerie-de-levernois;;
https://www.linkedin.com/company/marriott-international;;
https://www.linkedin.com/company/hotel-negre-coste;;
https://www.linkedin.com/company/lm-aqua-bien-etre;;
https://www.linkedin.com/company/epic-meribel-tourisme;;
https://www.linkedin.com/company/europe-spa;;
https://www.linkedin.com/company/beaumier;;
https://www.linkedin.com/company/heyfresha;;
https://www.linkedin.com/company/95758067;;
https://www.linkedin.com/company/oceania-hotels;;
https://www.linkedin.com/company/clairazur;;
https://www.linkedin.com/company/five-seas-hotel;;
https://www.linkedin.com/company/les-roches-blanches-cassis;;
https://www.linkedin.com/company/domaine-de-verchant;;
https://www.linkedin.com/company/98712032;;
https://www.linkedin.com/company/piscine-spa-shop;;
https://www.linkedin.com/company/hotel-st-alban;;
https://www.linkedin.com/company/l-esquisse-hôtel-spa;;
https://www.linkedin.com/company/évoléoz;;
https://www.linkedin.com/company/spas-acd;;
https://www.linkedin.com/company/natural-spa-institut-78;;
https://www.linkedin.com/company/spa-de-la-nouère;;
https://www.linkedin.com/company/chateau-l-hospitalet;;
https://www.linkedin.com/company/44783691;;
https://www.linkedin.com/company/auvergne-thermale;;
https://www.linkedin.com/company/domainedolomieu;;
https://www.linkedin.com/company/wix;;
https://www.linkedin.com/company/maisonsouquet;;
https://www.linkedin.com/company/happyculture-hotels;;
https://www.linkedin.com/company/loisium-hotels;;
https://www.linkedin.com/company/logishotels;;
https://www.linkedin.com/company/gîtes-de-france-corse;;
https://www.linkedin.com/company/hôtel-château-cléry;;
https://www.linkedin.com/company/verneuil-la-douce;;
https://www.linkedin.com/company/best-western-château-thierry;;
https://www.linkedin.com/company/3479380;;
https://www.linkedin.com/showcase/l-officiel-du-thermalisme;;
https://www.linkedin.com/company/france-thermes;;
https://www.linkedin.com/company/polethermalamneville;;
https://www.linkedin.com/company/attractivitehautemarne;;
https://www.linkedin.com/company/balaruc-eau-thermale;;
https://www.linkedin.com/company/thermes-de-contrexeville;;
https://www.linkedin.com/company/26344657;;
https://www.linkedin.com/company/les-bains-de-dax;;
https://www.linkedin.com/company/thermes-marins-de-saint-malo;;
https://www.linkedin.com/company/olydea-hôtels-résidences;;
https://www.linkedin.com/company/bb-hotels-group;;
https://www.linkedin.com/company/hôtel-des-thermes-castera-verduzan;;
https://www.linkedin.com/company/le-grand-hôtel-des-thermes;;
https://www.linkedin.com/company/4982328;;
https://www.linkedin.com/company/pr;;
https://www.linkedin.com/company/gites;;
https://www.linkedin.com/company/centre-de-bien-être-rayon-de-soleil;;
https://www.linkedin.com/company/47729866;;
https://www.linkedin.com/company/lemasdepierre;;
https://www.linkedin.com/company/parkest-hôtel-spa;;
https://www.linkedin.com/company/célestins-spa-thermal-hôtel;;
https://www.linkedin.com/company/chateaudesayes;;
https://www.linkedin.com/company/le-cottage-du-parc;;
https://www.linkedin.com/company/royalhainaut;;
https://www.linkedin.com/company/11381678;;
https://www.linkedin.com/company/5872829;;
https://www.linkedin.com/company/les-chambres-romantiques;;
https://www.linkedin.com/company/miramar-la-cigale-hotel-thalasso-spa;;
https://www.linkedin.com/company/ki-space-hotel-spa;;
https://www.linkedin.com/company/hôtelmacon-panorama360;;
https://www.linkedin.com/company/chateau-de-pizay;;
https://www.linkedin.com/company/pella-roca-cabanes-et-spa-en-quercy;;
https://www.linkedin.com/company/plaines-provence;;
https://www.linkedin.com/company/evasion-au-naturel;;
https://www.linkedin.com/company/best-western-hotel-le-grand-monarque;;
https://www.linkedin.com/company/le-pation-gîte-de-groupe-à-saint-amand-sur-sèvre;;
https://www.linkedin.com/company/la-bouitte;;
https://www.linkedin.com/showcase/98434478;;
https://www.linkedin.com/company/pasino-le-havre;;
https://www.linkedin.com/company/a-piattatella;;
https://www.linkedin.com/company/domaine-des-vaulx;;
https://www.linkedin.com/company/ch-teau-les-garennes;;
https://www.linkedin.com/company/verte-vallée;;
https://www.linkedin.com/company/soleil-vacances;;
https://www.linkedin.com/company/domaine-du-puy-doré;;
https://www.linkedin.com/company/10975020;;
https://www.linkedin.com/company/hôtel-plaisir;;
https://www.linkedin.com/company/86311624;;
https://www.linkedin.com/company/groupe-pvg;;
https://www.linkedin.com/company/hotel-les-sept-fontaines;;
https://www.linkedin.com/company/les-3-clefs-de-gaya;;
https://www.linkedin.com/company/splendid-hotel-spa-nice;;
https://www.linkedin.com/company/14021999;;
https://www.linkedin.com/company/la-baronnie-hotel-spa;;
https://www.linkedin.com/company/quintessia-resort;;
https://www.linkedin.com/company/30605973;;
https://www.linkedin.com/company/son-de-mar;;
https://www.linkedin.com/company/segala-spa;;
https://www.linkedin.com/company/pokhara-spa-institut;;
https://www.linkedin.com/company/fleur-de-loire;;
https://www.linkedin.com/showcase/le-bellune-bar-hôtel-spa-paris;;
https://www.linkedin.com/company/ville-edmond-bievres-hotel-spa;;
https://www.linkedin.com/company/le-couvent-des-minimes-hôtel-spa-l-occitane;;
https://www.linkedin.com/company/destination-yves-rocher-la-gacilly;;
https://www.linkedin.com/company/lazhotelparis;;
https://www.linkedin.com/company/hôtel-restaurantlechambard;;
https://www.linkedin.com/company/golf-hotel-de-valescure;;
https://www.linkedin.com/showcase/grand-hotel-de-courtoisville;;
https://www.linkedin.com/company/hôtel-les-matins-de-paris;;
https://www.linkedin.com/company/hotel-da-vinci;;
https://www.linkedin.com/company/totem-friendly-hotel;;
https://www.linkedin.com/company/la-cle-group;;
https://www.linkedin.com/company/confidences-escale-à-brissac;;
https://www.linkedin.com/company/chateaudesfleurs;;
https://www.linkedin.com/company/hotel-royal-madeleine;;
https://www.linkedin.com/company/bloom-house-hotel;;
https://www.linkedin.com/company/maison-proust;;
https://www.linkedin.com/company/lws---ligne-web-services;;
https://www.linkedin.com/company/madame-drouot-hotel-spa;;
https://www.linkedin.com/company/les-hôtels-saint-louis;;
https://www.linkedin.com/company/artémis-hôtel-restaurant;;
https://www.linkedin.com/company/côté-thalasso;;
https://www.linkedin.com/company/hôtel-balzac-paris;;
https://www.linkedin.com/company/le-manoir-de-kerbot;;
https://www.linkedin.com/company/le-grand-hôtel-thalasso-spa;;
https://www.linkedin.com/company/hôtel-lemaury;;
https://www.linkedin.com/company/le-clos-rhea-locations-chambres-hotes-iledere;;
https://www.linkedin.com/company/27054663;;
https://www.linkedin.com/company/institut-spa-officiel;;
https://www.linkedin.com/company/cocktailpiscine;;
https://www.linkedin.com/company/hunimalis;;
https://www.linkedin.com/company/qode-themes;;
https://www.linkedin.com/company/sense-of-wellness;;
https://www.linkedin.com/company/sumup;;
https://www.linkedin.com/company/le-spa-dans-le-noir;;
https://www.linkedin.com/company/oribaspa;;
https://www.linkedin.com/company/chateaudelatourlandry;;
https://www.linkedin.com/company/gites-de-france-sud;;
https://www.linkedin.com/showcase/le-galet-hôtel-spa;;
https://www.linkedin.com/company/spalazen-nature;;
https://www.linkedin.com/company/le-château-de-fère;;
https://www.linkedin.com/company/hotel-spa-restaurant-cantemerle;;
https://www.linkedin.com/company/aïga-resort-thermal-de-châtel-guyon;;
https://www.linkedin.com/company/hostellerie-chateaux;;
https://www.linkedin.com/company/73006184;;
https://www.linkedin.com/company/grand-hôtel-du-luxembourg;;
https://www.linkedin.com/company/la-côte-saint-jacques-spa;;
https://www.linkedin.com/company/les-lodges-sainte-victoire-;;
https://www.linkedin.com/company/villa-augeval;;
https://www.linkedin.com/company/aubergedelaselune;;
https://www.linkedin.com/company/l-auberge-de-la-source-collection-saint-simeon;;
https://www.linkedin.com/company/le-domaine-des-roches;;
https://www.linkedin.com/company/hotel-alex-spa;;
https://www.linkedin.com/company/cgh-h-tels-spas-r-sidences-de-tourisme;;
https://www.linkedin.com/company/ours-blanc-hotel-spa;;
https://www.linkedin.com/company/nordique-france;;
https://www.linkedin.com/company/ferme-saint-simeon-honfleur;;
https://www.linkedin.com/company/lesregalia;;
https://www.linkedin.com/company/104965399;;
https://www.linkedin.com/company/the-pavilions-hotels-;;
https://www.linkedin.com/company/athome-résidence;;
https://www.linkedin.com/company/la-divine-comedie-demeure-privee-spa;;
https://www.linkedin.com/company/domaine-lou-capitelle-spa;;
https://www.linkedin.com/company/best-western-hôtel-de-la-cité-guérande;;
https://www.linkedin.com/company/villa-camille-hotel-spa-banyuls;;
https://www.linkedin.com/company/le-phébus-spa;;
https://www.linkedin.com/company/confidentiel-hotel;;
https://www.linkedin.com/company/ecodomainelafontaine;;
https://www.linkedin.com/company/friendly-hotels;;
https://www.linkedin.com/company/declercq-piscines-spas;;
https://www.linkedin.com/company/best-western-cannes-riviera;;
https://www.linkedin.com/company/grandh;;
https://www.linkedin.com/company/les-voiles-du-grand-large;;
https://www.linkedin.com/company/le-château-des-pères;;
https://www.linkedin.com/company/domaine-de-sévenier-spa;;
https://www.linkedin.com/company/castel-clara;;
https://www.linkedin.com/company/hotel-plage-palace;;
https://www.linkedin.com/company/hotelnormanparis;;
https://www.linkedin.com/company/coucoocabanes;;
https://www.linkedin.com/company/espace-flore-piscines-et-spas;;
https://www.linkedin.com/company/hôtel-villa-cosy;;
https://www.linkedin.com/company/domaine-our;;
https://www.linkedin.com/company/le-royal-palace-hotel;;
https://www.linkedin.com/company/locmaps;;
https://www.linkedin.com/company/fontenillecollection;;
https://www.linkedin.com/company/h-tel-l;;
https://www.linkedin.com/company/la-font-des-peres;;
https://www.linkedin.com/company/toul-bien-etre-piscine-spa;;
https://www.linkedin.com/company/belo-piscine;;
https://www.linkedin.com/company/renard-eau;;
https://www.linkedin.com/company/setclub;;
https://www.linkedin.com/company/domaine-de-la-haie-des-granges;;
https://www.linkedin.com/company/groupe-montagnettes;;
https://www.linkedin.com/company/corespa;;
https://www.linkedin.com/company/groupe-terres-de-france;;
https://www.linkedin.com/company/spa-auto-groupe;;
https://www.linkedin.com/company/hotelpashmina;;
https://www.linkedin.com/company/terapiz;;
https://www.linkedin.com/company/liberlo;;
https://www.linkedin.com/company/la-garenne-saverne;;
https://www.linkedin.com/company/GMVagglo;;
https://www.linkedin.com/company/eurl-loca;;
https://www.linkedin.com/company/vert-marine;;
https://www.linkedin.com/company/bzhwakepark;;
https://www.linkedin.com/company/aquavert;;
https://www.linkedin.com/company/station-de-super-besse;;
https://www.linkedin.com/company/cap;;
https://www.linkedin.com/company/oramma;;
https://www.linkedin.com/company/cc-centre-morbihan-communaute;;
https://www.linkedin.com/company/communaute-d-agglomeration-de-la-rochelle;;
https://www.linkedin.com/company/thionville-fensch-agglomération;;
https://www.linkedin.com/company/ville-de-maisons-alfort;;
https://www.linkedin.com/company/communauté-d-agglomération-du-niortais;;
https://www.linkedin.com/company/la-fleche-et-pays-flechois;;
https://www.linkedin.com/company/communauté-de-communes-sarrebourg-moselle-sud;;
https://www.linkedin.com/company/saint-lo-agglo;;
https://www.linkedin.com/company/le-havre-seine-métropole;;
https://www.linkedin.com/company/pays-de-l-aigle;;
https://www.linkedin.com/company/papéa-parc;;
https://www.linkedin.com/company/28557428;;
https://www.linkedin.com/company/paysdelor;;
https://www.linkedin.com/company/euroceane;;
https://www.linkedin.com/company/frenzy-palace;;
https://www.linkedin.com/company/pays-de-saint-gilles-croix-de-vie-agglomération;;
https://www.linkedin.com/company/78540470;;
https://www.linkedin.com/company/campingscapfun;;
https://www.linkedin.com/company/magic-park-land;;
https://www.linkedin.com/company/17940330;;
https://www.linkedin.com/company/indiana-river;;
https://www.linkedin.com/company/rdv360;;
https://www.linkedin.com/company/grand-lac-communauté-d-agglomération;;
https://www.linkedin.com/company/bievre-isere-communaute;;
https://www.linkedin.com/company/aqualypso;;
https://www.linkedin.com/company/aqua-real;;
https://www.linkedin.com/company/ville-de-sevran;;
https://www.linkedin.com/company/cc-creuse-grand-sud;;
https://www.linkedin.com/company/aquatique-vacances;;
https://www.linkedin.com/company/val-de-garonne-agglomération;;
https://www.linkedin.com/company/aqua-villa;;
https://www.linkedin.com/company/aquazenpole;;
https://www.linkedin.com/company/aquakub;;
https://www.linkedin.com/company/métropole-aix-marseille-provence;;
https://www.linkedin.com/company/tulleagglo;;
https://www.linkedin.com/company/46410176;;
https://www.linkedin.com/company/ile-verte-a-hirson;;
https://www.linkedin.com/company/station-touristique-du-valjoly;;
https://www.linkedin.com/company/villecherbourg;;
https://www.linkedin.com/company/communauté-de-communes-de-la-vallée-de-saint-amarin;;
https://www.linkedin.com/company/69987644;;
https://www.linkedin.com/company/grand-poitiers-communauté-urbaine;;
https://www.linkedin.com/company/communaute-d;;
https://www.linkedin.com/company/pays-de-pouzauges;;
https://www.linkedin.com/company/combrailles-sioule-et-morge-communaute-de-communes;;
https://www.linkedin.com/company/46946627;;
https://www.linkedin.com/company/communauté-de-communes-tarn-agout;;
https://www.linkedin.com/company/agglo-f;;
https://www.linkedin.com/company/communauté-d-agglomération-maubeuge-val-de-sambre;;
https://www.linkedin.com/company/saint-marcellin-vercors-is;;
https://www.linkedin.com/company/communauté-d-agglomération-du-cotentin;;
https://www.linkedin.com/company/communauté-de-communes-de-la-ténarèze;;
https://www.linkedin.com/company/doctolib;;
https://www.linkedin.com/company/ville-de-cenon;;
https://www.linkedin.com/company/villedhyeres;;
https://www.linkedin.com/company/communaute-d'agglomeration-tarbes-lourdes-pyrenees-;;
https://www.linkedin.com/company/cosy-form;;
https://www.linkedin.com/company/pays-de-mortagne;;
https://www.linkedin.com/company/lannion-tr;;
https://www.linkedin.com/company/ville-de-saint-medard-en-jalles;;
https://www.linkedin.com/company/cc-chateaubriant-derval;;
https://www.linkedin.com/company/65682724;;
https://www.linkedin.com/company/communaut-de-communes-des-co-vrons;;
https://www.linkedin.com/company/communauté-de-communes-maconnais-tournugeois;;
https://www.linkedin.com/company/communauté-d-agglomération-bergeracoise;;
https://www.linkedin.com/company/le-monde-de-merlin-blv;;
https://www.linkedin.com/company/ô35blsport;;
https://www.linkedin.com/company/communaut;;
https://www.linkedin.com/company/96247789;;
https://www.linkedin.com/company/anjou-tourisme;;
https://www.linkedin.com/company/centre-sportif-gard;;
https://www.linkedin.com/company/aquaclim-service;;
https://www.linkedin.com/company/7hotelandspa;;
https://www.linkedin.com/company/9hotel-collection;;
https://www.linkedin.com/company/alfred-hotels;;
https://www.linkedin.com/company/garden-city-appart-hôtels;;
https://www.linkedin.com/company/ariane-hôtel-fos-sur-mer;;
https://www.linkedin.com/company/almaecollection;;
https://www.linkedin.com/company/gold-beach-inn;;
https://www.linkedin.com/company/best-western-plus-europe-h;;
https://www.linkedin.com/company/hôtel-black-bass;;
https://www.linkedin.com/company/domaine-utah-beach;;
https://www.linkedin.com/company/eklo-hotels;;
https://www.linkedin.com/company/fasth-tel;;
https://www.linkedin.com/company/hôtel-arles-plaza;;
https://www.linkedin.com/company/hôtel-du-golf-de-l;;
https://www.linkedin.com/company/hotel-du-port-nogent;;
https://www.linkedin.com/company/orsohotels;;
https://www.linkedin.com/company/hôtel-inn-design;;
https://www.linkedin.com/company/hotel-la-villa-douce;;
https://www.linkedin.com/company/le-clocher-de-rodez;;
https://www.linkedin.com/company/best-western-plus-metz-technopôle;;
https://www.linkedin.com/company/hotels-sezz;;
https://www.linkedin.com/company/l-échappée-vosgienne;;
https://www.linkedin.com/company/groupe-nemea;;
https://www.linkedin.com/company/8751403;;
https://www.linkedin.com/company/penta-hotels;;
https://www.linkedin.com/company/relais-de-chambord;;
https://www.linkedin.com/company/so-paris-hotel;;
https://www.linkedin.com/company/sunweb-group;;
https://www.linkedin.com/company/hotelio-france;;
https://www.linkedin.com/company/surehotelguerande;;
https://www.linkedin.com/company/aquitaine-hospitality;;
https://www.linkedin.com/company/van-der-valk-pariscdg;;
https://www.linkedin.com/company/theoriginalshotels;;
https://www.linkedin.com/company/timhotel-sas;;
https://www.linkedin.com/company/ultimacollection;;
https://www.linkedin.com/company/zenao-apparts;;
https://www.linkedin.com/company/zenitude-groupe;;
https://www.linkedin.com/company/all-suites;;
https://www.linkedin.com/company/appartcity;;
https://www.linkedin.com/company/baya-hôtel-spa-capbreton;;
https://www.linkedin.com/company/contact-hôtel;;
https://www.linkedin.com/company/belle-vue-hôtel;;
https://www.linkedin.com/company/bw-les-auréliades;;
https://www.linkedin.com/company/hotel-du-parc-chantilly;;
https://www.linkedin.com/company/sévan-parc-hôtel-4-pertuis-luberon;;
https://www.linkedin.com/company/the-originals-boutique-hotel-aultia;;
https://www.linkedin.com/company/carpe-diem-lorgues83;;
https://www.linkedin.com/company/central-bordeaux;;
https://www.linkedin.com/company/le-central-by-santat;;
https://www.linkedin.com/company/chalet-hotel-la-chemenaz;;
https://www.linkedin.com/company/chateauform;;
https://www.linkedin.com/company/hostellerie-du-chateau-de-rochecotte;;
https://www.linkedin.com/company/château-léognan;;
https://www.linkedin.com/company/deltour-hôtel-le-puy-en-velay;;
https://www.linkedin.com/company/eau-thermale-avene-l-hôtel;;
https://www.linkedin.com/company/hôtel-restaurant-écluse-34;;
https://www.linkedin.com/company/eurohotel-hamilton;;
https://www.linkedin.com/company/groupe-èhôtels-lyon;;
https://www.linkedin.com/company/grand-hôtel-de-la-seine;;
https://www.linkedin.com/company/grand-hôtel-spa-nuxe-serre-chevalier;;
https://www.linkedin.com/company/hotel2m;;
https://www.linkedin.com/company/hotelsbestwesternpremierbordeauxpauillac;;
https://www.linkedin.com/company/akena-hotels;;
https://www.linkedin.com/company/hotel-annapurna;;
https://www.linkedin.com/company/hôtel-beau-site-talloires;;
https://www.linkedin.com/company/hôtel-beauregard;;
https://www.linkedin.com/company/b-signature-hotels-resorts;;
https://www.linkedin.com/company/belaroia;;
https://www.linkedin.com/company/bestofbothhotel;;
https://www.linkedin.com/company/c2-hotel;;
https://www.linkedin.com/company/hotel-castle-domaine-de-coeurmandie;;
https://www.linkedin.com/company/2lcollection;;
https://www.linkedin.com/company/destination-chateau-de-pourtales;;
https://www.linkedin.com/company/hôtel-château-héloïse;;
https://www.linkedin.com/company/mmv-clubs;;
https://www.linkedin.com/company/hotel-d;;
https://www.linkedin.com/company/hotel-de-diane;;
https://www.linkedin.com/company/hotel-de-la-marine-groix;;
https://www.linkedin.com/company/saline-royale-darc-et-senans;;
https://www.linkedin.com/company/groupe-de-panette;;
https://www.linkedin.com/company/domaine-de-roullet;;
https://www.linkedin.com/company/hotel-don-cesar;;
https://www.linkedin.com/company/hotels-esprit-de-france;;
https://www.linkedin.com/company/dream-castle-hotel-fabulous-hotels-group;;
https://www.linkedin.com/company/hotel-du-collectionneur;;
https://www.linkedin.com/company/hôtel-du-golf-lumbres;;
https://www.linkedin.com/company/najeti-hotelduparc;;
https://www.linkedin.com/company/hoteleste;;
https://www.linkedin.com/company/18677753;;
https://www.linkedin.com/company/hotel-felicien;;
https://www.linkedin.com/company/hotel-filigrane;;
https://www.linkedin.com/company/hotel-ginette-;;
https://www.linkedin.com/company/azureva;;
https://www.linkedin.com/company/grand-powers;;
https://www.linkedin.com/company/impérial-palace-annecy;;
https://www.linkedin.com/company/hôtel-jeanne-jules;;
https://www.linkedin.com/company/hôtel-kle-bw-signature-collection;;
https://www.linkedin.com/company/office-de-tourisme-menton-riviera-merveilles;;
https://www.linkedin.com/company/wood-hotel-spa;;
https://www.linkedin.com/company/spotyride34;;
https://www.linkedin.com/company/cliniquesaintjoseph;;
https://www.linkedin.com/company/r;;
https://www.linkedin.com/company/cap-la-tranche-sur-mer-fitness-bien-être;;
https://www.linkedin.com/company/fondation-cémavie;;
https://www.linkedin.com/company/office-de-tourisme-intercommunautaire-provence-verte-et-verdon;;
https://www.linkedin.com/company/pays-de-chantonnay;;
https://www.linkedin.com/company/tournai;;
https://www.linkedin.com/company/o-spare;;
https://www.linkedin.com/company/alliance-dijon-natation;;
https://www.linkedin.com/company/musée-de-l-eau;;
https://www.linkedin.com/company/natea-events;;
https://www.linkedin.com/company/office-tourisme-chamrousse;;
https://www.linkedin.com/company/alpe-d-huez;;
https://www.linkedin.com/company/le-château-de-faverges;;
https://www.linkedin.com/company/office-de-tourisme-communautaire-pays-des-sources-du-lac-d-annecy;;
https://www.linkedin.com/company/groupe-filieris;;
https://www.linkedin.com/company/cercle-nautique-de-poissy;;
https://www.linkedin.com/company/oceanopolis;;
https://www.linkedin.com/company/viessmannclimatesolutions;;
https://www.linkedin.com/company/cc-vie-et-boulogne;;
https://www.linkedin.com/company/office-de-tourisme-du-pays-du-haut-doubs;;
https://www.linkedin.com/company/syndicat-mixte-du-mont-d;;
https://www.linkedin.com/company/7177194;;
https://www.linkedin.com/company/les-terrasses-de-beauséjour;;
https://www.linkedin.com/company/42689780;;
https://www.linkedin.com/company/greenfolies;;
https://www.linkedin.com/company/b-fun-park;;
https://www.linkedin.com/company/voile-grandest;;
https://www.linkedin.com/company/centrekoel;;
https://www.linkedin.com/company/singulierspluriel;;
https://www.linkedin.com/company/espass-podensac;;
https://www.linkedin.com/company/cryo-soins-et-bien-être;;
https://www.linkedin.com/company/larochesuryonfr;;
https://www.linkedin.com/company/syndicat-mixte-de-la-de-loisirs-et-du-golf-de-jumieges-le-mesnil;;
https://www.linkedin.com/company/ville-d;;
https://www.linkedin.com/company/e-llo;;
https://www.linkedin.com/company/visitlimousin;;
https://www.linkedin.com/company/ar-ruskenn-centre-pluridisciplinaire-de-sante-integrative;;
https://www.linkedin.com/company/saint-brieuc-armor-agglomération;;
https://www.linkedin.com/company/association-hospitali;;
https://www.linkedin.com/company/salondeprovence;;
https://www.linkedin.com/company/le-clod;;
https://www.linkedin.com/company/11298935;;
https://www.linkedin.com/company/mairie-de-b-gles;;
https://www.linkedin.com/company/ville-bordeaux;;
https://www.linkedin.com/company/château-de-kergrist;;
https://www.linkedin.com/company/arbrenciel;;
https://www.linkedin.com/company/office-tourisme-lorient-bretagne-sud;;
https://www.linkedin.com/company/commune-de-mesanger;;
https://www.linkedin.com/company/swim-garden;;
https://www.linkedin.com/company/exp;;
https://www.linkedin.com/company/speedparkfrance;;
https://www.linkedin.com/company/groupe-sos-seniors;;
https://www.linkedin.com/company/tourisme-loiret;;
https://www.linkedin.com/company/association-anne-boivent;;
https://www.linkedin.com/company/villedelouveciennes;;
https://www.linkedin.com/company/groupe-denis-materiaux;;
https://www.linkedin.com/company/destinationluberon;;
https://www.linkedin.com/company/cooperativebiocoop;;
https://www.linkedin.com/company/communaute-de-communes-cote-ouest-centre-manche;;
https://www.linkedin.com/company/vm-experts-partenaires;;
https://www.linkedin.com/company/ccvusp;;
https://www.linkedin.com/company/fondation-raymond-devos;;
https://www.linkedin.com/company/coeur-essonne-agglomeration;;
https://www.linkedin.com/company/ccplateaupicard;;
https://www.linkedin.com/company/chateau-de-turenne;;
https://www.linkedin.com/company/groupe-lna-sante;;
https://www.linkedin.com/showcase/gedimat;;
https://www.linkedin.com/company/commune-de-plesse;;
https://www.linkedin.com/company/hydramat;;
https://www.linkedin.com/company/tremblais-cr;;
https://www.linkedin.com/company/esterel-aventures;;
https://www.linkedin.com/company/portededromardeche;;
https://www.linkedin.com/company/troyes-la-champagne-tourisme;;
https://www.linkedin.com/company/ussap-association;;
https://www.linkedin.com/company/popcornlabyrinthe;;
https://www.linkedin.com/company/ghef-77;;
https://www.linkedin.com/company/pôle-médical-marne-la-vallée;;
https://www.linkedin.com/company/paris-est-marne-bois;;
https://www.linkedin.com/company/château-de-jaulny;;
https://www.linkedin.com/company/ville-de-neuilly-sur-marne;;
https://www.linkedin.com/company/metropolegrandnancy;;
https://www.linkedin.com/company/château-d-hardelot-centre-culturel-de-l-entente-cordiale;;
https://www.linkedin.com/company/communauté-de-communes-entr-allier-besbre-et-loire;;
https://www.linkedin.com/company/cryoterafrance;;
https://www.linkedin.com/company/ot-saint-cyprien;;
https://www.linkedin.com/company/montpellier-ville-metropole-et-ccas;;
https://www.linkedin.com/company/ville-de-beaune;;
https://www.linkedin.com/company/rcra;;
https://www.linkedin.com/company/caen-la-mer;;
https://www.linkedin.com/company/accrocampsas;;
https://www.linkedin.com/company/terre-d-estuaire;;
https://www.linkedin.com/company/le-voyage-;;
https://www.linkedin.com/company/kalapca-loisirs;;
https://www.linkedin.com/company/communautédecommunessommesudouest;;
https://www.linkedin.com/company/parc-national-des-cevennes;;
https://www.linkedin.com/company/77580749;;
https://www.linkedin.com/company/societe-d'equipement-des-contamines-montjoie-hauteluce-secmh;;
https://www.linkedin.com/company/village-vacances-le-duchet-cap-france;;
https://www.linkedin.com/company/conseil-g-n-ral-des-c-tes-d'armor;;
https://www.linkedin.com/company/29274663;;
https://www.linkedin.com/company/agglom;;
https://www.linkedin.com/company/chlemansofficiel;;
https://www.linkedin.com/company/38076660;;
https://www.linkedin.com/showcase/le-nessay;;
https://www.linkedin.com/company/morbihan-tourisme;;
https://www.linkedin.com/company/musée-du-verre;;
https://www.linkedin.com/company/ot-montfort-communauté;;
https://www.linkedin.com/company/up2play;;
https://www.linkedin.com/company/ville-de-commentry;;
https://www.linkedin.com/showcase/smr-le-colombier-lamalou-les-bains;;
https://www.linkedin.com/company/apei-de-la-r;;
https://www.linkedin.com/company/552285;;
https://www.linkedin.com/company/damgan-la-roche-bernard-tourisme;;
https://www.linkedin.com/company/serre-poncon;;
https://www.linkedin.com/company/comit;;
https://www.linkedin.com/company/mileade;;
https://www.linkedin.com/company/ardèche-secrète;;
https://www.linkedin.com/company/centre-hospitalier-albert;;
https://www.linkedin.com/company/cfm-hta-normandie;;
https://www.linkedin.com/company/alunisson-massage;;
https://www.linkedin.com/company/supersaas-com;;
https://www.linkedin.com/company/office-de-tourisme-intercommunal-de-l;;
https://www.linkedin.com/company/21243860;;
https://www.linkedin.com/company/akoya-hotel-spa-reunion;;
https://www.linkedin.com/company/jura-sport-spa-resort;;
https://www.linkedin.com/company/28776059;;
https://www.linkedin.com/company/otidea;;
https://www.linkedin.com/company/hotel-sans-souci-wien;;
https://www.linkedin.com/company/arom-dee-thai-massage;;
https://www.linkedin.com/company/gemeinde-bad-bellingen;;
https://www.linkedin.com/company/office-de-tourisme-nouvelle-normandie;;
https://www.linkedin.com/company/ville-de-montr-al;;
https://www.linkedin.com/company/annecy-aventure;;
https://www.linkedin.com/company/ab-park-discovery-and-adventure;;
https://www.linkedin.com/company/parque-de-la-costa;;
https://www.linkedin.com/company/office-de-tourisme-bayeux-intercom;;
https://www.linkedin.com/company/château-d-arvieu;;
https://www.linkedin.com/company/in-terra-corsa;;
https://www.linkedin.com/company/les-lisieres-de-loise;;
https://www.linkedin.com/company/villedaubagne;;
https://www.linkedin.com/company/richardsonfr;;
https://www.linkedin.com/company/ville-d-aubigny-sur-nère;;
https://www.linkedin.com/company/office-tourisme-sauldre-et-sologne;;
https://www.linkedin.com/company/d;;
https://www.linkedin.com/company/hotel-le-goyen;;
https://www.linkedin.com/company/étoile-loisirs;;
https://www.linkedin.com/company/le-royaume-des-arbres;;
https://www.linkedin.com/company/centre-hospitalier-intercommunal-de-castres-mazamet;;
https://www.linkedin.com/company/aquarium-de-paris-cin-aqua;;
https://www.linkedin.com/company/office-de-tourisme-des-deux-rives;;
https://www.linkedin.com/company/office-de-tourisme-de-valmorel;;
https://www.linkedin.com/company/valmorel-activités-outdoor;;
https://www.linkedin.com/company/epernay-agglo-champagne;;
https://www.linkedin.com/company/societe-parrachee-vanoise;;
https://www.linkedin.com/company/ville-d-avrille;;
https://www.linkedin.com/company/clermont-auvergne-volcans;;
https://www.linkedin.com/company/parcvolcans;;
https://www.linkedin.com/company/departement-des-ardennes;;
https://www.linkedin.com/company/fondation-hopale;;
https://www.linkedin.com/company/coeurdeflandreagglo;;
https://www.linkedin.com/company/101082491;;
https://www.linkedin.com/company/best-western-hôtel-au-cheval-blanc-mulhouse;;
https://www.linkedin.com/company/les-grottes-de-la-balme;;
https://www.linkedin.com/company/dpva83;;
https://www.linkedin.com/company/communauté-de-communes-doubs-baumois-25;;
https://www.linkedin.com/company/destination-les-baux-de-provence;;
https://www.linkedin.com/company/communauté-de-communes-du-bazadais;;
https://www.linkedin.com/company/couesnon-mdb;;
https://www.linkedin.com/company/departementdelahautevienne;;
https://www.linkedin.com/company/ville-de-poitiers;;
https://www.linkedin.com/company/communaute-de-communes-du-grand-pic-saint-loup;;
https://www.linkedin.com/company/le-pal;;
https://www.linkedin.com/company/aqua-pro-urba;;
https://www.linkedin.com/company/holme-pierrepoint-country-park;;
https://www.linkedin.com/company/groupe-aqualande-sa;;
https://www.linkedin.com/company/aquanatour;;
https://www.linkedin.com/company/calaisxxl;;
https://www.linkedin.com/company/aquarium-de-lyon;;
https://www.linkedin.com/company/etablissement-public-du-palais-de-la-porte-doree;;
https://www.linkedin.com/company/aquatique-show;;
https://www.linkedin.com/company/grand-site-aven-d-orgnac;;
https://www.linkedin.com/company/mairie-de-challes-les-eaux;;
https://www.linkedin.com/company/office-de-tourisme-de-moustiers-sainte-marie;;
https://www.linkedin.com/company/basenautiquedeloeuilly-loeuillycanoëkayak;;
https://www.linkedin.com/company/stationdesrousses;;
https://www.linkedin.com/company/base-nautique-du-parroud;;
https://www.linkedin.com/company/12661765;;
https://www.linkedin.com/company/groupe-romanee;;
https://www.linkedin.com/company/canoe-club-avranches;;
https://www.linkedin.com/company/canopyparc;;
https://www.linkedin.com/company/azur-canyoning;;
https://www.linkedin.com/company/ville-de-saint-étienne;;
https://www.linkedin.com/company/communaute-de-communes-de-villedieu-intercom;;
https://www.linkedin.com/company/valsdesaintongecommunaute;;
https://www.linkedin.com/company/villedeparis;;
https://www.linkedin.com/company/association-historique-la-diana;;
https://www.linkedin.com/showcase/chteau-de-pirou;;
https://www.linkedin.com/showcase/vosges-tourisme-communication;;
https://www.linkedin.com/company/ville-de-st-jean-sur-richelieu;;
https://www.linkedin.com/company/ville-du-poiré-sur-vie;;
https://www.linkedin.com/company/valdemarne;;
https://www.linkedin.com/company/ar-duen;;
https://www.linkedin.com/company/edsun-loisirs;;
https://www.linkedin.com/company/departement-ille-et-vilaine;;
https://www.linkedin.com/company/valberg;;
https://www.linkedin.com/company/11122547;;
https://www.linkedin.com/company/explora-parc;;
https://www.linkedin.com/company/fertepiscines;;
https://www.linkedin.com/company/fontaine-conception;;
https://www.linkedin.com/company/gites-de-france-alsace;;
https://www.linkedin.com/company/golfderougemontlechateau;;
https://www.linkedin.com/company/grotte-de-la-verna;;
https://www.linkedin.com/company/hapik;;
https://www.linkedin.com/company/tiktok;;
https://www.linkedin.com/company/irripiscine-by-irrijardin;;
https://www.linkedin.com/company/jersey-develop-co;;
https://www.linkedin.com/company/jcp-vacances;;
https://www.linkedin.com/company/l-univers-de-la-forme;;
https://www.linkedin.com/company/la-perle-du-verdon;;
https://www.linkedin.com/company/jura-tourisme-attractivité;;
https://www.linkedin.com/company/vallespir-tourisme;;
https://www.linkedin.com/company/pierre-fabre;;
https://www.linkedin.com/company/ludykid;;
https://www.linkedin.com/company/piscines-magiline;;
https://www.linkedin.com/company/conseil-departemental-de-la-manche;;
https://www.linkedin.com/company/manoir-de-l-illusion-et-du-myst;;
https://www.linkedin.com/company/metropolis-bowling-laser;;
https://www.linkedin.com/company/amo-mission-h2o;;
https://www.linkedin.com/company/la-rosi-re-tourisme;;
https://www.linkedin.com/company/11771809;;
https://www.linkedin.com/company/office-tourisme-rochefort-ocean;;
https://www.linkedin.com/company/parc-animalier-la-barben;;
https://www.linkedin.com/company/office-national-des-forets;;
https://www.linkedin.com/company/communaute-de-communes-du-liancourtois;;
https://www.linkedin.com/company/villedupecq;;
https://www.linkedin.com/company/agglopvm;;
https://www.linkedin.com/company/office-de-tourisme-de-lisieux-normandie;;
https://www.linkedin.com/company/ville-de-troyes;;
https://www.linkedin.com/company/104957556;;
https://www.linkedin.com/company/villedesens;;
https://www.linkedin.com/company/ville-de-saint-brice-sous-for-t;;
https://www.linkedin.com/company/93661548;;
https://www.linkedin.com/company/parrot-world;;
https://www.linkedin.com/company/destinationiledere;;
https://www.linkedin.com/company/ville-de-saint-lambert;;
https://www.linkedin.com/company/alesagglomeration;;
https://www.linkedin.com/company/ville-orvault;;
https://www.linkedin.com/company/ville-du-havre;;
https://www.linkedin.com/company/saint-pourcain-sur-sioule;;
https://www.linkedin.com/company/ville-de-saint-herblain;;
https://www.linkedin.com/company/redon-agglomeration;;
https://www.linkedin.com/company/7935520;;
https://www.linkedin.com/company/portlanouvelle;;
https://www.linkedin.com/company/ville-de-reichshoffen-nehwiller;;
https://www.linkedin.com/company/mairie-de-noyant-villages;;
https://www.linkedin.com/company/ville-de-marly-le-roi;;
https://www.linkedin.com/company/alliancepiscines;;
https://www.linkedin.com/company/psl-international;;
https://www.linkedin.com/company/86371928;;
https://www.linkedin.com/company/visit-corsica;;
https://www.linkedin.com/company/ville-de-cournon-d-auvergne;;
https://www.linkedin.com/company/plein-air-vacances;;
https://www.linkedin.com/company/domaine-du-rayol;;
https://www.linkedin.com/company/revedepiscine;;
https://www.linkedin.com/company/kouver;;
https://www.linkedin.com/company/rhodia-business-club;;
https://www.linkedin.com/company/la-factory-reception;;
https://www.linkedin.com/company/seaquarium-institut-marin;;
https://www.linkedin.com/company/secur-e-o;;
https://www.linkedin.com/company/the-royal-parks;;
https://www.linkedin.com/company/isereattractivite;;
https://www.linkedin.com/company/terre-mer-aventure;;
https://www.linkedin.com/company/office-de-tourisme-des-terres-d-auxois;;
https://www.linkedin.com/company/gravity-space;;
https://www.linkedin.com/company/vagues-oc-anes;;
https://www.linkedin.com/company/wonderful-land;;
https://www.linkedin.com/company/yatouland;;
https://www.linkedin.com/company/zoo-de-la-boissiere-du-dore;;
https://www.linkedin.com/company/sitedupontdugard;;
https://www.linkedin.com/company/demeures-de-varennes;;
https://www.linkedin.com/company/ville-de-valbonne-sophia-antipolis;;
https://www.linkedin.com/company/ville-unieux;;
https://www.linkedin.com/company/ville-aubenas;;
https://www.linkedin.com/company/les-terres-de-nataé;;
https://www.linkedin.com/company/lorient-agglomeration;;
https://www.linkedin.com/company/ville-de-mulhouse;;
https://www.linkedin.com/company/centre-hospitalier-de-pont-saint-esprit;;
https://www.linkedin.com/company/la-provence-occitane;;
https://www.linkedin.com/company/domaineducolombier;;
https://www.linkedin.com/company/magicfit;;
https://www.linkedin.com/company/cpts-de-broceliande;;
https://www.linkedin.com/company/wake-park-plesse;;
https://www.linkedin.com/company/tarn-et-garonne-tourisme;;
https://www.linkedin.com/company/museelapiscine;;
https://www.linkedin.com/company/courlancy-sante;;
https://www.linkedin.com/company/dijon-ville-metropole;;
https://www.linkedin.com/company/pharmabella-pezilla;;
https://www.linkedin.com/company/office-de-tourisme-du-pays-de-gex-et-sa-station-monts-jura;;
https://www.linkedin.com/company/ville-de-valenciennes;;
https://www.linkedin.com/company/office-de-tourisme-pays-diois;;
https://www.linkedin.com/company/office-de-tourisme-du-dévoluy;;
https://www.linkedin.com/company/sports-nature-devesset;;
https://www.linkedin.com/company/swim-stars;;
https://www.linkedin.com/company/gorges-du-haut-allier-offices-de-tourisme;;
https://www.linkedin.com/company/habitation-saint-charles;;
https://www.linkedin.com/company/jardindevalombreuse;;
https://www.linkedin.com/company/office-de-tourisme-val-de-gray;;
https://www.linkedin.com/company/groupe-10-55;;
https://www.linkedin.com/company/centre-hospitalier-de-denain;;
https://www.linkedin.com/company/office-de-tourisme-perros-guirec;;
https://www.linkedin.com/company/citadelledebesancon;;
https://www.linkedin.com/company/grand-besancon-metropole;;
https://www.linkedin.com/company/ville-d-annonay;;
https://www.linkedin.com/showcase/portail-auto-entrepreneur;;
https://www.linkedin.com/company/mairieperon;;
https://www.linkedin.com/company/49741901;;
https://www.linkedin.com/company/exalto-lyon-villeurbanne;;
https://www.linkedin.com/company/mairie-de-douai;;
https://www.linkedin.com/company/virtualiavr;;
https://www.linkedin.com/company/ville-de-tours;;
https://www.linkedin.com/company/cap-découverte;;
https://www.linkedin.com/company/communauté-de-communes-lapalisse;;
https://www.linkedin.com/company/museum-national-d;;
https://www.linkedin.com/company/medoc-atlantique;;
https://www.linkedin.com/company/vichy-communaut;;
https://www.linkedin.com/company/ehpad-residence-ty-noal;;
https://www.linkedin.com/company/baw-sports;;
https://www.linkedin.com/company/relax;;
https://www.linkedin.com/company/breizhadrenaline;;
https://www.linkedin.com/company/fondation-bocke;;
https://www.linkedin.com/company/communauté-d-agglomération-du-grand-guéret;;
https://www.linkedin.com/company/groupe-coriance;;
https://www.linkedin.com/company/hôpital-de-houdan;;
https://www.linkedin.com/company/75365609;;
https://www.linkedin.com/company/games-factory;;
https://www.linkedin.com/company/50193363;;
https://www.linkedin.com/company/strasbourg-eurometropole;;
https://www.linkedin.com/company/clermont-metropole;;
https://www.linkedin.com/company/94095780;;
https://www.linkedin.com/company/parc-de-branfere;;
https://www.linkedin.com/company/mairie-de-nogaro;;
https://www.linkedin.com/company/cc-vexin-thelle;;
https://www.linkedin.com/company/resalib;;
https://www.linkedin.com/company/spl-chambley-madine;;
https://www.linkedin.com/company/ville-de-corbas;;
https://www.linkedin.com/company/domaine-ecôtelia;;
https://www.linkedin.com/company/capi-agglo;;
https://www.linkedin.com/company/departementhauteloire;;
https://www.linkedin.com/company/281288;;
https://www.linkedin.com/company/11748668;;
https://www.linkedin.com/company/aquarilis;;
https://www.linkedin.com/company/domaine-de-châtonnay;;
https://www.linkedin.com/company/cerza-parc-des-safaris;;
https://www.linkedin.com/company/45333907;;
https://www.linkedin.com/company/dombes-tourisme;;
https://www.linkedin.com/company/46937535;;
https://www.linkedin.com/company/parenth;;
https://www.linkedin.com/company/fédération-nationale-andré-maginot-siège-paris;;
https://www.linkedin.com/company/ch-tel;;
https://www.linkedin.com/company/les-sommets-de-la-vallee;;
https://www.linkedin.com/company/51028399;;
https://www.linkedin.com/company/grand-cognac;;
https://www.linkedin.com/company/oceanadventure;;
https://www.linkedin.com/company/centre-de-l-arche-prh;;
https://www.linkedin.com/company/grand-patrimoine-de-loire-atlantique;;
https://www.linkedin.com/company/domaine-de-la-ferrière-châteaubriant-44;;
https://www.linkedin.com/company/103386409;;
https://www.linkedin.com/company/sisteronalpesprovencales;;
https://www.linkedin.com/company/fando-carquefou;;
https://www.linkedin.com/company/colisée-france;;
https://www.linkedin.com/company/groupeunivi;;
https://www.linkedin.com/company/calendly;;
https://www.linkedin.com/company/ville-de-grenoble;;
https://www.linkedin.com/company/safari-de-thoiry;;
https://www.linkedin.com/company/sportica-gravelines;;
https://www.linkedin.com/company/melloisenpoitou;;
https://www.linkedin.com/company/parc-zoologique-d;;
https://www.linkedin.com/company/spl-moselle-nord-plaisance;;
https://www.linkedin.com/company/walibibelgium;;
https://www.linkedin.com/company/saint-nazaire-agglomeration-tourisme;;
https://www.linkedin.com/company/11228874;;
https://www.linkedin.com/company/les-bains-de-lavey-sa;;
https://www.linkedin.com/company/parc-de-la-vallee;;
https://www.linkedin.com/company/l-hirondelle-centre-de-soins-pour-animaux-sauvages;;
https://www.linkedin.com/company/fraispertuis-city;;
https://www.linkedin.com/company/somagaz;;
https://www.linkedin.com/company/lde;;
https://www.linkedin.com/company/département-de-la-charente;;
https://www.linkedin.com/company/legresivaudan;;
https://www.linkedin.com/company/aftral;;
https://www.linkedin.com/company/cepie-concept;;
https://www.linkedin.com/company/smia;;
https://www.linkedin.com/company/wefit-club;;
https://www.linkedin.com/company/agglolenslievin;;
https://www.linkedin.com/company/promo-thalasso;;
https://www.linkedin.com/company/10162069;;
https://www.linkedin.com/company/châteaubas;;
https://www.linkedin.com/company/33520180;;
https://www.linkedin.com/company/l-orange-bleue-france;;
https://www.linkedin.com/company/cal-com;;
https://www.linkedin.com/company/termas-caldelas;;
https://www.linkedin.com/company/termasdeluso;;
https://www.linkedin.com/company/sana-hotels;;
https://www.linkedin.com/company/68120751;;
https://www.linkedin.com/company/topspaconsultants;;
https://www.linkedin.com/company/olissippo-hotels;;
https://www.linkedin.com/company/azorishotels;;
https://www.linkedin.com/company/corinthiahotels;;
https://www.linkedin.com/company/ap-hotels-and-resorts;;
https://www.linkedin.com/company/gruposolverde;;
https://www.linkedin.com/company/hoteldomgoncalo;;
https://www.linkedin.com/company/axishoteis;;
https://www.linkedin.com/company/ridesurfresort;;
https://www.linkedin.com/company/acevi-hotels;;
https://www.linkedin.com/company/hotels-la-villa;;
https://www.linkedin.com/company/belmar-spa-beach-resort;;
https://www.linkedin.com/company/espace-thermal;;
https://www.linkedin.com/company/mondorf-domaine-thermal;;
https://www.linkedin.com/company/bcw-hotels-resorts;;
https://www.linkedin.com/company/thermisure;;
https://www.linkedin.com/company/château-des-thermes;;
https://www.linkedin.com/company/dana-incorporated;;
https://www.linkedin.com/company/thelincehotelsresorts;;
https://www.linkedin.com/company/art-and-soul-group;;
https://www.linkedin.com/company/hotel-aires-da-serra;;
https://www.linkedin.com/company/montebelo-hotels-;;
https://www.linkedin.com/company/bensaudehotels;;
https://www.linkedin.com/company/piamontehotels;;
https://www.linkedin.com/company/ingoldhotel;;
https://www.linkedin.com/company/vila-foz-hotel-spa;;
https://www.linkedin.com/company/52082871;;
https://www.linkedin.com/company/onyria-golf-resorts;;
https://www.linkedin.com/company/editoryhotels;;
https://www.linkedin.com/company/porto-bay-hotels-resorts;;
https://www.linkedin.com/company/grupo-pbh;;
https://www.linkedin.com/company/boticas-hotel-art-spa;;
https://www.linkedin.com/company/hoti-hoteis;;
https://www.linkedin.com/company/mh-hotels;;
https://www.linkedin.com/company/quinta-do-paral;;
https://www.linkedin.com/company/jupiterhotelgroup;;
https://www.linkedin.com/company/victor;;
https://www.linkedin.com/company/tapnico;;
https://www.linkedin.com/company/relaisdesplateaux;;
https://www.linkedin.com/company/opensmjle;;
https://www.linkedin.com/company/hotel-am-triller;;
https://www.linkedin.com/company/whitbread;;
https://www.linkedin.com/company/noemys-residences-hotels;;
https://www.linkedin.com/company/van-der-valk-congres-spa-hotel-mons;;
https://www.linkedin.com/company/astra-hotel-vevey;;
https://www.linkedin.com/company/eskale;;
https://www.linkedin.com/company/soho-boutique-hotels;;
https://www.linkedin.com/company/monte-carlo-sbm---soci-t-des-bains-de-mer;;
https://www.linkedin.com/company/meili-selection;;
https://www.linkedin.com/company/hôtel-restaurant-les-genêts;;
https://www.linkedin.com/company/arrecife-gran-hotel-spa;;
https://www.linkedin.com/company/nextahotels;;
https://www.linkedin.com/company/hotelbordeauxbestwesternplusbayonneetcheona;;
https://www.linkedin.com/company/omid-saldanha-hotel;;
https://www.linkedin.com/company/lakegenevahotel;;
https://www.linkedin.com/company/eurostars-hotel-company;;
https://www.linkedin.com/company/mystoryhotels;;
https://www.linkedin.com/company/oyo-rooms;;
https://www.linkedin.com/company/wuau-surprising-hotels-andorra;;
https://www.linkedin.com/company/boisdarlon;;
https://www.linkedin.com/company/s-b-hoteles;;
https://www.linkedin.com/company/hotel-augusta-vallès;;
https://www.linkedin.com/company/maritim;;
https://www.linkedin.com/company/44513219;;
https://www.linkedin.com/company/legere-hotelgroup;;
https://www.linkedin.com/company/van-der-valk-hotel-antwerpen;;
https://www.linkedin.com/company/grupo-mas-farre;;
https://www.linkedin.com/company/windsor-hoteis;;
https://www.linkedin.com/company/all-accorlivelimitless;;
https://www.linkedin.com/company/lodges-hotel-morges;;
https://www.linkedin.com/company/la-pagerie-martinique;;
https://www.linkedin.com/company/abba-hotels;;
https://www.linkedin.com/company/one-shot-hotels;;
https://www.linkedin.com/company/bwh-hotelgroup-ce;;
https://www.linkedin.com/company/les-aubergistes-lyonnais;;
https://www.linkedin.com/company/gaia-hotel;;
https://www.linkedin.com/company/vinha-boutique-hotel;;
https://www.linkedin.com/company/soko-hotels-pont-du-gard;;
https://www.linkedin.com/company/santamariabriones;;
https://www.linkedin.com/company/elba-hoteles;;
https://www.linkedin.com/company/amenitiz;;
https://www.linkedin.com/company/hotel-costa-calero;;
https://www.linkedin.com/company/capo-rosso---camilli-et-ollivier;;
https://www.linkedin.com/company/yomohotels;;
https://www.linkedin.com/company/van-der-valk-luxembourg;;
https://www.linkedin.com/company/hotel-aparthotel-alize-mouscron;;
https://www.linkedin.com/company/hôteldeparis-bestwestern;;
https://www.linkedin.com/company/easyhotel-limited;;
https://www.linkedin.com/company/hoteldefrance;;
https://www.linkedin.com/company/dolanhotels;;
https://www.linkedin.com/company/pacheca-group;;
https://www.linkedin.com/company/boutique-hotel-vivenda-miranda;;
https://www.linkedin.com/company/olissippo-lapa-palace;;
https://www.linkedin.com/company/ria-park-hotels;;
https://www.linkedin.com/company/hoteis-real-portugal;;
https://www.linkedin.com/company/boa-hotels;;
https://www.linkedin.com/company/18528180;;
https://www.linkedin.com/company/ciprotur-hotel-group;;
https://www.linkedin.com/company/neya-hotels;;
https://www.linkedin.com/company/roz-marine-thalasso-perros;;
https://www.linkedin.com/company/clevacances;;
https://www.linkedin.com/company/oléla;;
https://www.linkedin.com/company/siblu;;
https://www.linkedin.com/company/sas-camping-le-floride;;
https://www.linkedin.com/company/msvacances;;
https://www.linkedin.com/company/clicochic;;
https://www.linkedin.com/company/l;;
https://www.linkedin.com/company/s;;
https://www.linkedin.com/company/parkbridge;;
https://www.linkedin.com/company/camping-bretagne-le-cabellou-plage;;
https://www.linkedin.com/company/holidu;;
https://www.linkedin.com/company/camping-le-gouffre-de-la-croix;;
https://www.linkedin.com/company/11188460;;
https://www.linkedin.com/company/yelloh-village;;
https://www.linkedin.com/company/campings-saint-jean-de-monts;;
https://www.linkedin.com/company/homair;;
https://www.linkedin.com/company/boaz-concept;;
https://www.linkedin.com/company/aquatic-bezançon;;
https://www.linkedin.com/company/destination-aquatique;;
https://www.linkedin.com/company/haute-provence-outdoor;;
https://www.linkedin.com/company/museum-aquarium-de-nancy;;
https://www.linkedin.com/company/commune-de-autrans-meaudre-en-vercors;;
https://www.linkedin.com/company/bartaccia-hotel;;
https://www.linkedin.com/company/bw-hotel-de-robien;;
https://www.linkedin.com/company/chalet-royalp-hôtel-and-spa;;
https://www.linkedin.com/company/le-château-de-la-rozelle;;
https://www.linkedin.com/company/chateau-du-theil;;
https://www.linkedin.com/company/epona-hotel;;
https://www.linkedin.com/company/beau-rivage-palace-lausanne;;
https://www.linkedin.com/company/pole-hotelier-groupe-mace-hotel-boucan-canot-hotel-les-creoles;;
https://www.linkedin.com/company/hotel-bristol-caen;;
https://www.linkedin.com/company/hôtel-château-tilques;;
https://www.linkedin.com/company/cote-garonne-le-balcon-des-dames;;
https://www.linkedin.com/company/85920797;;
https://www.linkedin.com/company/hôtel-de-la-beauronne;;
https://www.linkedin.com/company/la-sorelle-golf-hotel-restaurant;;
https://www.linkedin.com/company/caronpiscines;;
https://www.linkedin.com/company/generation-piscine;;
https://www.linkedin.com/company/dreux-agglomeration;;
https://www.linkedin.com/company/kalyspa;;
https://www.linkedin.com/company/île-de-loisirs-le-port-aux-cerises;;
https://www.linkedin.com/company/rs-piscines5335;;
https://www.linkedin.com/company/ville-de-sainte-marie-la-mer;;
https://www.linkedin.com/company/42883592;;
https://www.linkedin.com/company/savpluslethillot;;
https://www.linkedin.com/company/sarl-pbe;;
https://www.linkedin.com/company/94215696;;
https://www.linkedin.com/company/le-sporting-vichy;;
https://www.linkedin.com/company/mairie-de-drancy;;
https://www.linkedin.com/company/ville-de-gap;;
https://www.linkedin.com/company/villedetoulon;;
https://www.linkedin.com/company/lozere-tourisme;;
https://www.linkedin.com/company/walter-pool;;
https://www.linkedin.com/company/agx-concept;;
https://www.linkedin.com/company/elsan;;
https://www.linkedin.com/company/yoga-terre-happy;;
https://www.linkedin.com/company/vithalia;;
https://www.linkedin.com/company/33279202;;
https://www.linkedin.com/company/t-management-sas;;
https://www.linkedin.com/company/oti-archipel-de-thau;;
https://www.linkedin.com/company/echirolles;;
https://www.linkedin.com/company/ville-d-ozoir-la-ferrière;;
https://www.linkedin.com/company/croix-rouge-fran-aise;;
https://www.linkedin.com/company/louis-pasteur-sante;;
https://www.linkedin.com/company/smart-body;;
https://www.linkedin.com/company/104035045;;
https://www.linkedin.com/company/klapty;;
https://www.linkedin.com/company/satoriz;;
https://www.linkedin.com/company/pure-breath;;
https://www.linkedin.com/company/hopitalprive-tzanck;;
https://www.linkedin.com/company/departement-de-la-loire-atlantique;;
https://www.linkedin.com/company/aube-en-champagne-tourisme;;
https://www.linkedin.com/company/grimaud-tourisme;;
https://www.linkedin.com/company/mairie-de-la-croix-valmer;;
https://www.linkedin.com/company/sqy78;;
https://www.linkedin.com/company/station-isola-2000;;
https://www.linkedin.com/company/lemeesurseine;;
https://www.linkedin.com/company/ville-d-allauch;;
https://www.linkedin.com/company/ville-de-gaillac;;
https://www.linkedin.com/company/vienne-condrieu-agglomération;;
https://www.linkedin.com/company/communauté-de-communes-du-haut-poitou;;
https://www.linkedin.com/company/valdedrome;;
https://www.linkedin.com/company/arc-sud-bretagne;;
https://www.linkedin.com/company/aixenprovencetourism;;
https://www.linkedin.com/company/appointy-global;;
https://www.linkedin.com/company/giphar;;
https://www.linkedin.com/company/hellopharmacie;;
https://www.linkedin.com/company/passionbeautefrance;;
https://www.linkedin.com/company/parc-oriental-de-maulevrier;;
https://www.linkedin.com/company/parc-naturel-r;;
https://www.linkedin.com/company/longjumeau;;
https://www.linkedin.com/company/conservatoire-despaces-naturels-des-hauts-de-france;;
https://www.linkedin.com/company/ville-de-marseille;;
https://www.linkedin.com/company/73213522;;
https://www.linkedin.com/company/moment-massage;;
https://www.linkedin.com/company/cmaic;;
https://www.linkedin.com/company/canva;;
https://www.linkedin.com/company/massagesmonde-entreprise;;
https://www.linkedin.com/company/13048829;;
https://www.linkedin.com/company/100928393;;
https://www.linkedin.com/company/hammams-les-cent-ciels;;
https://www.linkedin.com/company/thermsanit-groupe;;
https://www.linkedin.com/company/paage-official;;
https://www.linkedin.com/company/l-appart-fitness;;
https://www.linkedin.com/company/conservatoire-d-espaces-naturels-de-nouvelle-aquitaine;;
https://www.linkedin.com/company/l'adapt;;
https://www.linkedin.com/company/semdesbauges-lesaillonsmargeriaz;;
https://www.linkedin.com/company/la-pista-padel-club;;
https://www.linkedin.com/company/ville-de-neuilly-sur-seine;;
https://www.linkedin.com/company/ville-de-brive;;
https://www.linkedin.com/company/klafs-grand-est;;
https://www.linkedin.com/company/enseigne-keep-cool;;
https://www.linkedin.com/company/ville-d-abbeville;;
https://www.linkedin.com/company/monte-carlo-societe-des-bains-de-mer;;
https://www.linkedin.com/company/f-d-ration-hospitali-re-de-france;;
https://www.linkedin.com/company/helyans;;
https://www.linkedin.com/company/ville-chatenaymalabry;;
https://www.linkedin.com/company/greenhouse-sport-nutrition;;
https://www.linkedin.com/company/mediprix;;
https://www.linkedin.com/company/grandbains;;
https://www.linkedin.com/company/15158644;;
https://www.linkedin.com/company/centre-sportif-espace-1000-sources;;
https://www.linkedin.com/company/energiness-club;;
https://www.linkedin.com/company/elanciafrance;;
https://www.linkedin.com/company/piau-engaly;;
https://www.linkedin.com/company/domaine-du-golf-d-albon;;
https://www.linkedin.com/company/derwellzentouch;;
https://www.linkedin.com/company/mea-esthetique;;
https://www.linkedin.com/company/cryodanjou-caen;;
https://www.linkedin.com/company/villedelinas;;
https://www.linkedin.com/company/ville-de-metz;;
https://www.linkedin.com/company/28624985;;
https://www.linkedin.com/company/isle-verte-sport-nature-hébergement;;
https://www.linkedin.com/company/centre-roosevelt-argonay-aquaform;;
https://www.linkedin.com/company/communauté-d-agglomération-du-grand-sénonais;;
https://www.linkedin.com/company/72420856;;
https://www.linkedin.com/company/cc-bugey-sud;;
https://www.linkedin.com/company/groupe-sos;;
https://www.linkedin.com/company/centreheleneborel;;
https://www.linkedin.com/company/sarl-centre-h2e;;
https://www.linkedin.com/company/elan-retrouv-;;
https://www.linkedin.com/company/groupe-ahnac;;
https://www.linkedin.com/company/communauté-de-communes-terre-d-auge;;
https://www.linkedin.com/company/ville-de-fagnieres;;
https://www.linkedin.com/company/villeanglet;;
https://www.linkedin.com/company/carea-sport;;
https://www.linkedin.com/company/pasori-reeducation;;
https://www.linkedin.com/company/bodyaddiction;;
https://www.linkedin.com/company/be-oma;;
https://www.linkedin.com/company/grenoble-alpes-metropole;;
https://www.linkedin.com/company/saniteo;;
https://www.linkedin.com/company/apyformefr;;
https://www.linkedin.com/company/anjou-sport-nature;;
https://www.linkedin.com/company/ucpa-vitam;;
https://www.linkedin.com/company/parc-d-attractions-le-fleury;;
https://www.linkedin.com/company/ynao-head-spa;;
https://www.linkedin.com/company/smartagenda-fr;;
https://www.linkedin.com/company/happybeauty;;
https://www.linkedin.com/company/cc-pays-des-achards;;
https://www.linkedin.com/company/funparcbrumath;;
https://www.linkedin.com/company/enjoy-the-game;;
https://www.linkedin.com/company/zenora;;
https://www.linkedin.com/company/lm-pilates-reformer;;
https://www.linkedin.com/company/centre-le-talisman;;
https://www.linkedin.com/company/direction-g-n-rale-des-finances-publiques;;
https://www.linkedin.com/company/apollo-3s;;
https://www.linkedin.com/company/office-de-tourisme-lac-aiguebelette;;
https://www.linkedin.com/company/jotform;;
https://www.linkedin.com/company/billetweb;;
https://www.linkedin.com/company/office-de-tourisme-de-la-grande-plagne;;
https://www.linkedin.com/company/hopitalnovo95;;
https://www.linkedin.com/company/zoomarinealgarve;;
https://www.linkedin.com/company/13993250;;
https://www.linkedin.com/company/53267705;;
https://www.linkedin.com/company/sns24lx;;
https://www.linkedin.com/company/munic;;
https://www.linkedin.com/company/lpnatureza;;
https://www.linkedin.com/company/decathlon-group;;
https://www.linkedin.com/company/theindependentecollective;;
https://www.linkedin.com/company/estoril-wellness-center;;
https://www.linkedin.com/company/holmes-place;;
https://www.linkedin.com/company/oeiras-viva-e-m;;
https://www.linkedin.com/company/desmor-em-sa-;;
https://www.linkedin.com/company/solinca-health-;;
https://www.linkedin.com/company/bacalhôa-vinhos-de-portugal;;
https://www.linkedin.com/company/termasdechaves;;
https://www.linkedin.com/company/municipio-de-coimbra;;
https://www.linkedin.com/company/placejoys;;
https://www.linkedin.com/company/domaine-national-de-chambord;;
https://www.linkedin.com/company/la-cit-de-la-mer;;
https://www.linkedin.com/company/ouistreham-riva-bella;;
https://www.linkedin.com/company/25765517;;
https://www.linkedin.com/company/la-vallée-des-korrigans;;
https://www.linkedin.com/company/trampojump;;
https://www.linkedin.com/company/paris-country-club;;
https://www.linkedin.com/company/webzine-voyage;;
https://www.linkedin.com/company/la-ferme-des-baleines;;
https://www.linkedin.com/company/communauté-de-communes-du-pays-d;;
https://www.linkedin.com/company/kingoland;;
https://www.linkedin.com/company/100-loisirs26;;
https://www.linkedin.com/company/parc-de-la-coccinelle;;
https://www.linkedin.com/company/ght-armor-groupement-hospitalier-de-territoire;;
https://www.linkedin.com/company/plopsa---studio-100;;
https://www.linkedin.com/company/mulhouse-alsace-agglom;;
https://www.linkedin.com/company/51512238;;
https://www.linkedin.com/company/ville-de-yutz;;
https://www.linkedin.com/company/equivalenza;;
https://www.linkedin.com/company/crenolibre;;
https://www.linkedin.com/company/gaiamadagascar;;
https://www.linkedin.com/company/ville-de-xertigny;;
https://www.linkedin.com/company/centre-oxyzen;;
https://www.linkedin.com/company/powerful68;;
https://www.linkedin.com/company/xperiencepark;;
https://www.linkedin.com/company/linkedin-com-sublim-garden;;
https://www.linkedin.com/company/peintea;;
https://www.linkedin.com/company/nausicaa-centre-national-de-la-mer;;
https://www.linkedin.com/company/villa-rené-lalique;;
https://www.linkedin.com/company/autopcotedopale;;
https://www.linkedin.com/company/crefo;;
https://www.linkedin.com/showcase/tohi-kéal-sensory-head-spa;;
https://www.linkedin.com/company/les-grandes-sources-de-wattwiller;;
https://www.linkedin.com/company/dans-ma-bulle-vda;;
https://www.linkedin.com/company/ght-coeur-grand-est;;
https://www.linkedin.com/company/chausson-materiaux;;
https://www.linkedin.com/company/pharaonbienetre;;
https://www.linkedin.com/company/regenair;;
https://www.linkedin.com/company/ville-de-marcq-en-baroeul;;
https://www.linkedin.com/company/93350231;;
https://www.linkedin.com/company/dometviesiege;;
https://www.linkedin.com/company/dock-79-parc-de-loisirs;;
https://www.linkedin.com/company/botanic;;
https://www.linkedin.com/company/ville-de-saint-yrieix-sur-charente;;
https://www.linkedin.com/company/stephaniecastan-massage;;
https://www.linkedin.com/company/bni-grand-poitiers-envol;;
https://www.linkedin.com/company/tourisme-en-haut-poitou;;
https://www.linkedin.com/company/château-du-clos-de-vougeot;;
https://www.linkedin.com/company/vaniala-naturalspa;;
https://www.linkedin.com/company/pays-voironnais;;
https://www.linkedin.com/company/85098210;;
https://www.linkedin.com/company/11798397;;
https://www.linkedin.com/company/boudewijn-seapark;;
https://www.linkedin.com/company/artisansartipole;;
https://www.linkedin.com/company/plateforme-alliance-pr;;
https://www.linkedin.com/company/massodeep;;
https://www.linkedin.com/company/fédération-française-de-massage-bien-etre;;
https://www.linkedin.com/company/cc-chavanon-combrailles-et-volcans;;
https://www.linkedin.com/company/chs-de-la-savoie;;
https://www.linkedin.com/company/veolia-assainissement-maintenance;;
https://www.linkedin.com/company/hôtel-restaurant-le-caballin;;
https://www.linkedin.com/company/edf;;
https://www.linkedin.com/company/commune-de-viviers;;
https://www.linkedin.com/company/blockoutofficiel;;
https://www.linkedin.com/company/office-de-tourisme-du-pays-de-vitré;;
https://www.linkedin.com/company/plantes-;;
https://www.linkedin.com/company/human-tempo;;
https://www.linkedin.com/company/arbo-concept-piscines-magiline;;
https://www.linkedin.com/company/loisirs-loire-valley;;
https://www.linkedin.com/company/physio-extra;;
https://www.linkedin.com/company/vigisante;;
https://www.linkedin.com/company/la-clinique-du-monde;;
https://www.linkedin.com/company/pre-bocage-intercom;;
https://www.linkedin.com/company/adh-paysages-paysagiste-et-pisciniste;;
https://www.linkedin.com/company/communaute-emmaus-de-la-mayenne;;
https://www.linkedin.com/company/nomad-et-sens;;
https://www.linkedin.com/company/11415695;;
https://www.linkedin.com/company/cap-natura;;
https://www.linkedin.com/company/etablissement-public-du-parc-et-de-la-grande-halle-de-la-villette;;
https://www.linkedin.com/company/val-de-garonne-tourisme;;
https://www.linkedin.com/company/lacourneuve;;
https://www.linkedin.com/company/mairie-de-villetaneuse;;
https://www.linkedin.com/company/roseup-association;;
https://www.linkedin.com/company/inDeauville;;
https://www.linkedin.com/company/afpa;;
https://www.linkedin.com/company/giropharm;;
https://www.linkedin.com/company/salagoucoeurdherault;;
https://www.linkedin.com/company/societe-du-parc-jean-drapeau;;
https://www.linkedin.com/company/office-de-tourisme-de-montpellier;;
https://www.linkedin.com/company/rochersdemaguelone;;
https://www.linkedin.com/company/hostellerie-du-chapeau-rouge;;
https://www.linkedin.com/company/93079986;;
https://www.linkedin.com/company/89601637;;
https://www.linkedin.com/company/pyrenees-orientales-tourisme-agence-de-developpement-touristique;;
https://www.linkedin.com/company/vital;;
https://www.linkedin.com/company/reseau31;;
https://www.linkedin.com/company/10587302;;
https://www.linkedin.com/company/centre-hospitalier-de-villefranche-de-rouergue;;
https://www.linkedin.com/company/sauna-dôme;;
https://www.linkedin.com/company/robine-energies-bien-etre;;
https://www.linkedin.com/company/eauxdevienne;;
https://www.linkedin.com/company/thalasseo-com;;
https://www.linkedin.com/company/lespritpiscine;;
https://www.linkedin.com/company/centre-hospitalier-de-saumur;;
https://www.linkedin.com/company/agglopolys;;
https://www.linkedin.com/company/villelagrand;;
https://www.linkedin.com/company/domaine-de-vieux-mareuil-quiet-luxury-group;;
https://www.linkedin.com/company/sacher-hotels-betriebsgesellschaft-mbh;;
https://www.linkedin.com/company/city-of-vienna;;
https://www.linkedin.com/company/massagesotop;;
https://www.linkedin.com/company/chateau-de-la-rosemontoise;;
https://www.linkedin.com/company/hoteldeshorlogers;;
https://www.linkedin.com/company/naturalparc;;
https://www.linkedin.com/company/mercier-paysage;;
https://www.linkedin.com/company/compiegne-et-son-agglo;;
https://www.linkedin.com/company/office-de-tourisme-de-vendays-montalivet;;
https://www.linkedin.com/company/genevapoloclub;;
https://www.linkedin.com/company/ls-etampes-ucpa;;
https://www.linkedin.com/company/pays-de-blain-communaute;;
https://www.linkedin.com/company/destination-royan-atlantique;;
https://www.linkedin.com/company/centre-hospitalier-rhumatologique-duriage;;
https://www.linkedin.com/company/grenoble-alpes;;
https://www.linkedin.com/company/urlr;;
https://www.linkedin.com/company/mairie-de-varces-allières-et-risset;;
https://www.linkedin.com/company/institut-de-kinesitherapie-paris;;
https://www.linkedin.com/company/celtaventures;;
https://www.linkedin.com/company/7208793;;
https://www.linkedin.com/company/grotte-chauvet-2-ardèche;;
https://www.linkedin.com/company/corsica-campings;;
https://www.linkedin.com/company/ile-de-loisirs-de-creteil;;
https://www.linkedin.com/company/ville-de-limeil-brevannes;;
https://www.linkedin.com/company/chateau-et-parc-de-valencay;;
https://www.linkedin.com/company/aventurefloreval;;
https://www.linkedin.com/company/vaison-ventoux-provence;;
https://www.linkedin.com/company/vulcainenergies;;
https://www.linkedin.com/company/hopitaux-de-correze-ussel;;
https://www.linkedin.com/company/la-fantaisie-paris;;
https://www.linkedin.com/company/hôtel-larencluse;;
https://www.linkedin.com/company/hôtel-la-tour-des-anglais-mayenne;;
https://www.linkedin.com/company/hôtel-lancaster-paris;;
https://www.linkedin.com/company/h-tel-le-belmont;;
https://www.linkedin.com/company/diana-hotels-collection;;
https://www.linkedin.com/company/hôtel-le-cardinal-paris;;
https://www.linkedin.com/company/hotel-le-cep;;
https://www.linkedin.com/company/5091156;;
https://www.linkedin.com/company/11362877;;
https://www.linkedin.com/company/le-green-des-impressionnistes;;
https://www.linkedin.com/company/hotel-le-lavoisier;;
https://www.linkedin.com/company/hôtel-le-mas-du-colombier;;
https://www.linkedin.com/company/hôtel-le-nouveau-monde;;
https://www.linkedin.com/company/le-petit-letraz;;
https://www.linkedin.com/company/hôtel-le-petit-perier;;
https://www.linkedin.com/company/hotel-le-pradey;;
https://www.linkedin.com/company/hôtel-restaurants-le-provencal;;
https://www.linkedin.com/company/le-refuge-des-sources;;
https://www.linkedin.com/company/hôtel-restaurant-le-régina-43;;
https://www.linkedin.com/company/agilhor;;
https://www.linkedin.com/company/spl-de-développement-touristique-de-la-vallée-de-la-sarthe;;
https://www.linkedin.com/company/le-val-moret;;
https://www.linkedin.com/company/hotel-elysee-val-europe;;
https://www.linkedin.com/company/79904257;;
https://www.linkedin.com/company/les-jardins-de-deauville-hotel;;
https://www.linkedin.com/company/likedincom-hotel-les-peupliers-courchevel;;
https://www.linkedin.com/company/les-villas-d;;
https://www.linkedin.com/company/hotel-l-helios-spa;;
https://www.linkedin.com/company/lily-of-the-valley-hotel;;
https://www.linkedin.com/company/societe-des-hotels-litteraires;;
https://www.linkedin.com/company/hotel-locomo;;
https://www.linkedin.com/company/hotel-l-ormaie;;
https://www.linkedin.com/company/lou-calen-retreat;;
https://www.linkedin.com/company/hôtel-lyon-métropole-spa;;
https://www.linkedin.com/company/emeraude-hotels;;
https://www.linkedin.com/company/hôtel-national-des-arts-métiers;;
https://www.linkedin.com/company/ostoria;;
https://www.linkedin.com/company/hotelparcdulandreau;;
https://www.linkedin.com/company/hôtel-brasserie-chassal-molinges;;
https://www.linkedin.com/company/hôtel-restaurant-bel-air-crevin;;
https://www.linkedin.com/company/hôtel-restaurant-le-mitigana;;
https://www.linkedin.com/company/les-boissi;;
https://www.linkedin.com/company/lodgesdulac;;
https://www.linkedin.com/company/neho-group;;
https://www.linkedin.com/company/royal-riviera;;
https://www.linkedin.com/company/hôtel-saint-louis-aigues-mortes-camargue;;
https://www.linkedin.com/company/hôtel-saint-martin-belleville;;
https://www.linkedin.com/company/108039276;;
https://www.linkedin.com/company/hotel-sedrez;;
https://www.linkedin.com/company/hôtel-elysée-gare-de-lyon;;
https://www.linkedin.com/company/hôtel-sud-bretagne;;
https://www.linkedin.com/company/hotel-toujours;;
https://www.linkedin.com/company/hotel-restaurant-val-vignes-4;;
https://www.linkedin.com/company/hotel-villa-colette;;
https://www.linkedin.com/company/hotel-villa-m-marseille;;
https://www.linkedin.com/company/villa-navarre;;
https://www.linkedin.com/company/kube-saint-tropez;;
https://www.linkedin.com/company/la-coudraie-77;;
https://www.linkedin.com/company/lanauve;;
https://www.linkedin.com/company/la-villa-haussmann;;
https://www.linkedin.com/company/langley-travel;;
https://www.linkedin.com/company/86963338;;
https://www.linkedin.com/company/le-petit-nice-passedat;;
https://www.linkedin.com/company/les-jardins-de-l-anjou;;
https://www.linkedin.com/company/chaine-thermale-du-soleil;;
https://www.linkedin.com/company/domaine-les-falaises;;
https://www.linkedin.com/company/maisons-du-monde-hôtel-suites;;
https://www.linkedin.com/company/marina-baie-des-anges-hôtel;;
https://www.linkedin.com/company/87106782;;
https://www.linkedin.com/company/ville-de-chilly-mazarin;;
https://www.linkedin.com/company/parchotelcarvin;;
https://www.linkedin.com/company/planblivingplaces;;
https://www.linkedin.com/company/stella-management;;
https://www.linkedin.com/company/sangha-hotels;;
https://www.linkedin.com/company/shana-hôtel-résidence;;
https://www.linkedin.com/company/sure-hotel-chateauroux;;
https://www.linkedin.com/company/the-originals-access-hotel-innostar-toulouse-sud-labège;;
https://www.linkedin.com/company/51668657;;
https://www.linkedin.com/company/hotel-alteora-site-du-futuroscope;;
https://www.linkedin.com/company/the-originals-city-hôtel-anaiade;;
https://www.linkedin.com/company/too-hotel-paris;;
https://www.linkedin.com/company/tuigroup;;
https://www.linkedin.com/company/ultimate-provence-vineyard;;
https://www.linkedin.com/company/villa-saint-ange;;
https://www.linkedin.com/company/2881646;;
https://www.linkedin.com/company/auberge-alpina;;
https://www.linkedin.com/company/86019761;;
https://www.linkedin.com/company/federationuniedesaubergesdejeunesse;;
https://www.linkedin.com/company/les-maisons-de-montagne;;
https://www.linkedin.com/company/auberge-collection;;
https://www.linkedin.com/company/18364247;;
https://www.linkedin.com/company/les-hauteurs-du-luberon;;
https://www.linkedin.com/company/111403414;;
https://www.linkedin.com/company/l-escapade-nature-et-gourmande;;
https://www.linkedin.com/company/la-massonnière-gîtes-et-jardins-de-prestige;;
https://www.linkedin.com/company/chez-bacchus-chambres-d-hôtes;;
https://www.linkedin.com/company/89331597;;
https://www.linkedin.com/company/pays-charolais-brionnais;;
https://www.linkedin.com/company/lavorel-hotels;;
https://www.linkedin.com/company/alibaba-com;;
https://www.linkedin.com/company/les-jardins-de-coppélia;;
https://www.linkedin.com/company/89194558;;
https://www.linkedin.com/company/be-well-france;;
https://www.linkedin.com/company/lecasablancahotel;;
https://www.linkedin.com/company/grammeet;;
https://www.linkedin.com/company/benissym-spa-tanger;;
https://www.linkedin.com/company/the-source-marrakech;;
https://www.linkedin.com/company/le-chateau-de-dompierre;;
https://www.linkedin.com/company/10956611;;
https://www.linkedin.com/company/maisondubonheurlure;;
https://www.linkedin.com/company/dakhla-club;;
https://www.linkedin.com/company/aquatika66;;
https://www.linkedin.com/company/hydrotech-piscine-spa;;
https://www.linkedin.com/company/piscine-talya;;
https://www.linkedin.com/company/sarl-de-boislaville-paysage;;
https://www.linkedin.com/company/hymeo;;
https://www.linkedin.com/company/o-sea;;
https://www.linkedin.com/company/côté-spa-narbonne;;
https://www.linkedin.com/company/gentlemen-spa-piscine;;
https://www.linkedin.com/company/riad-mayfez-suites-spa;;
https://www.linkedin.com/company/555-hotel-clubbing;;
https://www.linkedin.com/company/mogador-hôtels-;;
https://www.linkedin.com/company/hotel-golf-essaouira;;
https://www.linkedin.com/company/7eme-avenue-hotels;;
https://www.linkedin.com/company/hotel-oum-palace-spa;;
https://www.linkedin.com/company/nobu-hotel-marrakech;;
https://www.linkedin.com/company/stay-hotels;;
https://www.linkedin.com/company/complexe-la-maison-rouge;;
https://www.linkedin.com/company/hôtel-de-la-porte-saint-malo;;
https://www.linkedin.com/company/grand-hotel-du-palais-royal;;
https://www.linkedin.com/company/hotel-saint-etienne-caen;;
https://www.linkedin.com/company/naéco-hostels;;
https://www.linkedin.com/company/boutique-hotel-le-central;;
https://www.linkedin.com/company/unisotel;;
https://www.linkedin.com/company/hobou;;
https://www.linkedin.com/company/vyv3cda;;
https://www.linkedin.com/company/adonis-hôtels-;;
https://www.linkedin.com/company/10631010;;
https://www.linkedin.com/company/nautica-h;;
https://www.linkedin.com/company/altitude-résidences;;
https://www.linkedin.com/company/vacances-bleues-affaires;;
https://www.linkedin.com/company/18069738;;
https://www.linkedin.com/company/mamounia;;
https://www.linkedin.com/company/hotel-prestige-agadir;;
https://www.linkedin.com/company/story-rabat;;
https://www.linkedin.com/company/hotel-atlas-day;;
https://www.linkedin.com/company/hotel-le-royal-luxembourg;;
https://www.linkedin.com/company/68155335;;
https://www.linkedin.com/company/atc-routes-du-monde;;
https://www.linkedin.com/company/campspace;;
https://www.linkedin.com/company/domaine-les-acacias;;
https://www.linkedin.com/company/park4night;;
https://www.linkedin.com/company/camping-ile-de-boulancourt;;
https://www.linkedin.com/company/91527233;;
https://www.linkedin.com/company/camping-le-florida1;;
https://www.linkedin.com/company/groupe-hueber-assurances;;
https://www.linkedin.com/company/vacances-ulvf;;
https://www.linkedin.com/company/le-ranc-davaine;;
https://www.linkedin.com/company/odesia-vacances;;
https://www.linkedin.com/company/zecamping;;
https://www.linkedin.com/company/bienvenue-a-la-ferme-france;;
https://www.linkedin.com/company/resort-camping-val-de-braye;;
https://www.linkedin.com/company/ville-de-montbard;;
https://www.linkedin.com/company/camping-xtrem-village;;
https://www.linkedin.com/company/domaine-de-l-oiselire;;
https://www.linkedin.com/company/vap-campings-g;;
https://www.linkedin.com/company/camping-sun-ocean;;
https://www.linkedin.com/company/artes-tourisme;;
https://www.linkedin.com/company/cualencon;;
https://www.linkedin.com/company/vignamaggiore;;
https://www.linkedin.com/company/28848903;;
https://www.linkedin.com/company/26184728;;
https://www.linkedin.com/company/camping-la-tamarissière;;
https://www.linkedin.com/company/stüga-écolodges-d-altitude;;
https://www.linkedin.com/company/normandie-tourisme;;
https://www.linkedin.com/company/campings-libert-;;
https://www.linkedin.com/company/la-route-des-pingouins;;
https://www.linkedin.com/company/breizh-tandem;;
https://www.linkedin.com/company/vire-normandie;;
https://www.linkedin.com/company/102444970;;
https://www.linkedin.com/company/ceveo;;
https://www.linkedin.com/company/office-de-tourisme-de-belle-ile-en-mer;;
https://www.linkedin.com/company/skylink;;
https://www.linkedin.com/company/green-sports-park;;
https://www.linkedin.com/company/ccpaysdecruseilles;;
https://www.linkedin.com/company/prestalis;;
https://www.linkedin.com/company/86345584;;
https://www.linkedin.com/company/28465817;;
https://www.linkedin.com/company/terapeya;;
https://www.linkedin.com/company/osmosya;;
https://www.linkedin.com/company/miracle-aesthetic-clinic;;
https://www.linkedin.com/company/naturorel;;
https://www.linkedin.com/company/isanature-grisolles;;
https://www.linkedin.com/company/solocal-groupe;;
https://www.linkedin.com/company/ligneetendorphines;;
https://www.linkedin.com/company/domaine-jean-got;;
https://www.linkedin.com/company/cocon-flottaison;;
https://www.linkedin.com/company/bien-être-et-piscines-gourmanel;;
https://www.linkedin.com/company/108038498;;
https://www.linkedin.com/company/cap-vitalité;;
https://www.linkedin.com/company/body-area;;
https://www.linkedin.com/company/bien-trepourvous;;
https://www.linkedin.com/company/glaads;;
https://www.linkedin.com/company/institut-bien-être-o-blue;;
https://www.linkedin.com/showcase/cuttly-url-shortener;;
https://www.linkedin.com/company/une-porte-s-ouvre;;
https://www.linkedin.com/company/iconique-beaut;;
https://www.linkedin.com/company/lnkbio;;
https://www.linkedin.com/company/estheticcenter-institutdebeaute;;
https://www.linkedin.com/company/energie-transfert-thermique;;
https://www.linkedin.com/company/robcom-sas;;
https://www.linkedin.com/company/aqua-jet-pornichet-sarl;;
https://www.linkedin.com/company/aqualmi-piscine;;
https://www.linkedin.com/company/carre-bleu-international;;
https://www.linkedin.com/company/aqua-dream;;
https://www.linkedin.com/company/aqua-33;;
https://www.linkedin.com/company/eldo;;
https://www.linkedin.com/company/aqua-eruptions;;
https://www.linkedin.com/company/aqua-soft-piscines-spas;;
https://www.linkedin.com/company/terrederencontres;;
https://www.linkedin.com/company/28919637;;
https://www.linkedin.com/company/107384576;;
https://www.linkedin.com/company/aqua-fermetures;;
https://www.linkedin.com/company/aquatechnique;;
https://www.linkedin.com/company/aquaterra-piscines-et-paysages;;
https://www.linkedin.com/company/aqualux-international;;
https://www.linkedin.com/company/communauté-d-agglomération-mont-saint-michel-normandie;;
https://www.linkedin.com/company/europ-event;;
https://www.linkedin.com/company/my-aquabike;;
https://www.linkedin.com/company/ville-levallois;;
https://www.linkedin.com/company/aqualyspaysages;;
https://www.linkedin.com/company/aqua-protect-piscines;;
https://www.linkedin.com/company/kinedofrance;;
https://www.linkedin.com/company/piscines-aquadiscount;;
https://www.linkedin.com/company/villedevitry;;
https://www.linkedin.com/company/aquatiris;;
https://www.linkedin.com/company/aqu-adduction;;
https://www.linkedin.com/company/valdisere;;
https://www.linkedin.com/company/communaute-de-communes-de-moret-seine-et-loing;;
https://www.linkedin.com/company/aqua-terra-creation;;
https://www.linkedin.com/company/communaute-de-communes-du-mont-des-avaloirs;;
https://www.linkedin.com/company/aquascene;;
https://www.linkedin.com/company/pornic-agglo-pays-de-retz;;
https://www.linkedin.com/company/loireforezagglo;;
https://www.linkedin.com/company/grand-nancy-aquatique-club;;
https://www.linkedin.com/company/aquaticplay;;
https://www.linkedin.com/company/aquaclean;;
https://www.linkedin.com/company/aquastory-la-rochelle;;
https://www.linkedin.com/company/idex-groupe;;
https://www.linkedin.com/company/waterform;;
https://www.linkedin.com/company/gites-de-france-ardèche;;
https://www.linkedin.com/company/ferme-du-poirier;;
https://www.linkedin.com/company/domaine-coeur-de-brenne;;
https://www.linkedin.com/company/mas-d-escampette;;
https://www.linkedin.com/company/la-boubée;;
https://www.linkedin.com/company/gite-chateau-du-colombier;;
https://www.linkedin.com/company/villeurbanne-natation;;
https://www.linkedin.com/company/aboral-piscines;;
https://www.linkedin.com/company/abri-d-ô;;
https://www.linkedin.com/company/adonis-paysages;;
https://www.linkedin.com/company/aqwa-itineris-france;;
https://www.linkedin.com/company/archipel-du-vincin;;
https://www.linkedin.com/company/inse27;;
https://www.linkedin.com/company/ville-tergnier;;
https://www.linkedin.com/company/bpa-laceguzon;;
https://www.linkedin.com/company/8-milles-nautic;;
https://www.linkedin.com/company/68132179;;
https://www.linkedin.com/company/69730286;;
https://www.linkedin.com/company/belabrifrance;;
https://www.linkedin.com/company/communauté-de-communes-des-portes-du-luxembourg;;
https://www.linkedin.com/company/camtpiscine;;
https://www.linkedin.com/company/mairie-de-bourg-saint-maurice---les-arcs;;
https://www.linkedin.com/company/cc-intercom-bernay-terres-de-normandie;;
https://www.linkedin.com/company/communauté-d-agglomération-sarreguemines-confluences;;
https://www.linkedin.com/company/ville-de-villeurbanne;;
https://www.linkedin.com/company/cdc-vierzon-sologne-berry;;
https://www.linkedin.com/company/mairie-de-saran;;
https://www.linkedin.com/company/mairie-aubervilliers;;
https://www.linkedin.com/company/ville-de-saint-priest;;
https://www.linkedin.com/company/mairie-de-saint-chamond;;
https://www.linkedin.com/company/livrygargan93;;
https://www.linkedin.com/company/mairie-de-saint-maur-des-foss-s;;
https://www.linkedin.com/company/club-nautique-havrais-1932;;
https://www.linkedin.com/company/groupecomsports;;
https://www.linkedin.com/company/communaut-d-agglom-ration-saint-avold-synergie;;
https://www.linkedin.com/company/savigny-sur-orge;;
https://www.linkedin.com/company/101123260;;
https://www.linkedin.com/company/confort-plein-air-63;;
https://www.linkedin.com/company/cpie-du-haut-doubs;;
https://www.linkedin.com/company/david-lloyd-leisure;;
https://www.linkedin.com/company/eau-et-plaisir;;
https://www.linkedin.com/company/espace-aubade;;
https://www.linkedin.com/company/ville-de-sablé-sur-sarthe;;
https://www.linkedin.com/company/communaute-de-communes-maine-saosnois;;
https://www.linkedin.com/company/legrandchalon;;
https://www.linkedin.com/company/planizen;;
https://www.linkedin.com/company/gameparc;;
https://www.linkedin.com/company/104224971;;
https://www.linkedin.com/company/gymnasia-fr;;
https://www.linkedin.com/company/france-herboristerie;;
https://www.linkedin.com/company/hot-tubs-in-france;;
https://www.linkedin.com/company/le-m-l-académie-du-mouvement;;
https://www.linkedin.com/company/la-boite-à-piscines-et-spas;;
https://www.linkedin.com/company/lamballe-terremer;;
https://www.linkedin.com/company/44810277;;
https://www.linkedin.com/company/les-arcs-bourg-saint-maurice-tourisme;;
https://www.linkedin.com/company/sarl-lab-eau-piscines-et-entretien;;
https://www.linkedin.com/company/lambianceexterieure;;
https://www.linkedin.com/company/communauté-de-communes-caux-austreberthe;;
https://www.linkedin.com/company/communautedagglomerationvaldyerresvaldeseine;;
https://www.linkedin.com/company/l-olympide;;
https://www.linkedin.com/company/lyatera;;
https://www.linkedin.com/company/ma-piscine-mobile;;
https://www.linkedin.com/company/cbdeau;;
https://www.linkedin.com/company/sagory-paysage-piscines-spas;;
https://www.linkedin.com/company/ville-de-puteaux;;
https://www.linkedin.com/company/nanterre-92-basketball;;
https://www.linkedin.com/company/ville-de-la-farlede;;
https://www.linkedin.com/company/ville-de-loos;;
https://www.linkedin.com/company/ville-de-kingersheim;;
https://www.linkedin.com/company/ville-de-la-roche-sur-foron;;
https://www.linkedin.com/company/ville-du-taillan-médoc;;
https://www.linkedin.com/company/mairie-de-montreuil;;
https://www.linkedin.com/company/mairie-de-la-talaudiere;;
https://www.linkedin.com/company/patrice-piscines;;
https://www.linkedin.com/company/pcfr-sas;;
https://www.linkedin.com/company/guide-piscine;;
https://www.linkedin.com/company/sud-retz-atlantique;;
https://www.linkedin.com/company/ville-de-menton;;
https://www.linkedin.com/company/mairie-de-val-de-reuil;;
https://www.linkedin.com/company/mairie-de-villeneuve-la-garenne;;
https://www.linkedin.com/company/communauté-de-communes-ambert-livradois-forez;;
https://www.linkedin.com/company/ville-de-guyancourt;;
https://www.linkedin.com/company/guingamp-paimpol-agglomération;;
https://www.linkedin.com/company/communauté-de-communes-de-la-picardie-verte-ccpv;;
https://www.linkedin.com/company/communauté-de-communes-du-haut-béarn;;
https://www.linkedin.com/company/villeneuve-lez-avignon;;
https://www.linkedin.com/company/lillefrance;;
https://www.linkedin.com/company/communauté-de-communes-campagne-de-caux;;
https://www.linkedin.com/company/communauté-de-communes-cœur-de-loire;;
https://www.linkedin.com/company/10987853;;
https://www.linkedin.com/company/de-l-oust-à-brocéliande-communauté;;
https://www.linkedin.com/company/ccvc-vall;;
https://www.linkedin.com/company/communaute-de-communes-val-de-cher-controis;;
https://www.linkedin.com/company/communauté-de-communes-de-bruyères-vallons-des-vosges;;
https://www.linkedin.com/company/communauté-de-communes-du-clunisois;;
https://www.linkedin.com/company/communaute-de-communes-val'aigo;;
https://www.linkedin.com/company/rennes-m-tropole;;
https://www.linkedin.com/company/ville-cesson-sevigne;;
https://www.linkedin.com/company/ville-de-coutances;;
https://www.linkedin.com/company/cc-communaute-de-communes-sundgau;;
https://www.linkedin.com/company/communauté-de-commune-des-monts-du-lyonnais;;
https://www.linkedin.com/company/morlaix-attractivite;;
https://www.linkedin.com/company/terres-de-montaigu;;
https://www.linkedin.com/company/communauteagglopaysdefontainebleau;;
https://www.linkedin.com/company/communaute-de-communes-des-bastides-dordogne-perigord;;
https://www.linkedin.com/company/nageurs-com;;
https://www.linkedin.com/company/ploermelcommunaute;;
https://www.linkedin.com/company/91516363;;
https://www.linkedin.com/company/ax-3-domaines;;
https://www.linkedin.com/company/communauté-de-communes-du-pays-d'ancenis;;
https://www.linkedin.com/company/communauté-de-communes-du-pithiverais-gâtinais;;
https://www.linkedin.com/company/102706745;;
https://www.linkedin.com/company/commune-de-sevremoine;;
https://www.linkedin.com/company/ville-de-somain;;
https://www.linkedin.com/company/commune-de-ville-davray;;
https://www.linkedin.com/company/mairie-de-villemomble;;
https://www.linkedin.com/company/vienne-condrieu-tourisme;;
https://www.linkedin.com/company/communauté-de-communes-coeur-de-beauce;;
https://www.linkedin.com/company/rouen;;
https://www.linkedin.com/company/porteseureliennesidf;;
https://www.linkedin.com/company/ville-de-fleury-les-aubrais;;
https://www.linkedin.com/company/ville-des-ulis;;
https://www.linkedin.com/company/ville-d-irigny;;
https://www.linkedin.com/company/ville-du-chesnay-rocquencourt;;
https://www.linkedin.com/company/le-corbier-les-sybelles;;
https://www.linkedin.com/company/ville-de-mauges-sur-loire;;
https://www.linkedin.com/company/ville-de-nanterre;;
https://www.linkedin.com/company/73893777;;
https://www.linkedin.com/company/calameo;;
https://www.linkedin.com/company/communauté-de-communes-de-l-ouest-vosgien-ccov;;
https://www.linkedin.com/company/ville-de-trévoux;;
https://www.linkedin.com/company/ville-de-pontarlier;;
https://www.linkedin.com/company/communauté-urbaine-d-arras;;
https://www.linkedin.com/company/communaute-de-communes-des-loges;;
https://www.linkedin.com/company/coeurdedrome;;
https://www.linkedin.com/company/ccretzenvalois;;
https://www.linkedin.com/company/cdc-du-minervois-au-caroux;;
https://www.linkedin.com/company/communauté-de-communes-thann-cernay;;
https://www.linkedin.com/company/communauté-de-communes-des-rives-de-moselle;;
https://www.linkedin.com/company/communaute-de-communes-du-nord-est-bearn;;
https://www.linkedin.com/company/bassin-de-pompey;;
https://www.linkedin.com/company/caese;;
https://www.linkedin.com/company/communauté-de-communes-saône-beaujolais;;
https://www.linkedin.com/company/communaut-de-communes-haute-maurienne-vanoise;;
https://www.linkedin.com/company/cc-de-gevrey-chambertin-et-de-nuits-saint-georges;;
https://www.linkedin.com/company/communauté-de-communes-sud-gironde;;
https://www.linkedin.com/company/evreux-portes-de-normandie;;
https://www.linkedin.com/company/rochefortocean-territoire;;
https://www.linkedin.com/company/communauté-de-communes-du-pays-de-la-châtaigneraie;;
https://www.linkedin.com/company/ville-saint-jean-de-braye;;
https://www.linkedin.com/company/communaute-de-communes-adour-madiran;;
https://www.linkedin.com/company/ville-de-raismes;;
https://www.linkedin.com/company/mairiedermont;;
https://www.linkedin.com/company/communaute-d-agglomeration-plaine-vallee;;
https://www.linkedin.com/company/molitor-paris;;
https://www.linkedin.com/company/mairie-de-saint-esteve;;
https://www.linkedin.com/company/commune-de-seyssinet-pariset;;
https://www.linkedin.com/company/mairie-de-chevigny-saint-sauveur;;
https://www.linkedin.com/company/ville-aiguillon;;
https://www.linkedin.com/company/ville-de-plaisance-du-touch;;
https://www.linkedin.com/company/ville-de-sin-le-noble;;
https://www.linkedin.com/company/ville-de-sassenage;;
https://www.linkedin.com/company/100469661;;
https://www.linkedin.com/company/villerumilly74;;
https://www.linkedin.com/company/eurometropolemetz;;
https://www.linkedin.com/company/90648766;;
https://www.linkedin.com/company/92639076;;
https://www.linkedin.com/company/ville-de-die;;
https://www.linkedin.com/company/ville-de-gex;;
https://www.linkedin.com/company/ville-de-houilles;;
https://www.linkedin.com/company/ville-de-la-madeleine;;
https://www.linkedin.com/company/commune-de-lagnieu;;
https://www.linkedin.com/company/ville-de-saint-pierre-des-corps;;
https://www.linkedin.com/company/mairie-de-thônes;;
https://www.linkedin.com/company/mairie-de-saint-cloud;;
https://www.linkedin.com/company/mairie-vaison-la-romaine;;
https://www.linkedin.com/company/ville-ivry-sur-seine;;
https://www.linkedin.com/company/ville-orly;;
https://www.linkedin.com/company/commune-de-meung-sur-loire;;
https://www.linkedin.com/company/ville-de-floirac;;
https://www.linkedin.com/company/villetrappes;;
https://www.linkedin.com/company/vaulx-en-velin;;
https://www.linkedin.com/company/communauté-de-communes-des-hauts-du-perche;;
https://www.linkedin.com/company/ville-de-voiron;;
https://www.linkedin.com/company/ville-de-tullins;;
https://www.linkedin.com/company/paysdesecrins;;
https://www.linkedin.com/company/50802335;;
https://www.linkedin.com/company/communauté-de-communes-pays-haut-val-d-alzette;;
https://www.linkedin.com/company/71534164;;
https://www.linkedin.com/company/communaute-de-communes-alsace-rhin-brisach;;
https://www.linkedin.com/sales/company/49661800;HAMMAM PACHA;
https://www.linkedin.com/sales/company/25284863;HAMMAM CAFE;
https://www.linkedin.com/sales/company/26306108;HAMMAM LE PALAIS D'ORIENT;
https://www.linkedin.com/sales/company/26714347;HAMMAM KAFANE;
https://www.linkedin.com/sales/company/75351945;Hammam Perles d'Orient;
https://www.linkedin.com/sales/company/26701015;HAMMAM PASSION;
https://www.linkedin.com/sales/company/26287271;HAMMAM TLEMCEN;
https://www.linkedin.com/sales/company/50778173;Hammam les Mille et Une Nuits;
https://www.linkedin.com/sales/company/84397985;Hammam Al Andalous;
https://www.linkedin.com/sales/company/46212790;Hammam de la Mosquée de Paris;
https://www.linkedin.com/sales/company/25841666;HAMMAM CLEOPATRA;
https://www.linkedin.com/sales/company/25204940;HAMMAM CHIFA;
https://www.linkedin.com/sales/company/25591547;HAMMAM & TRADITIONS;
https://www.linkedin.com/sales/company/44722882;Hammam Medina Center;
https://www.linkedin.com/sales/company/25406609;HAMMAM A L'ORIENTALE MISIANA;
https://www.linkedin.com/sales/company/26905455;HAMMAM MARRAKECH;
https://www.linkedin.com/sales/company/26700856;HAMMAM TRADITION;
https://www.linkedin.com/sales/company/50259284;Hammam les Naïades;
https://www.linkedin.com/sales/company/25611487;HAMMAM ARTS;
https://www.linkedin.com/sales/company/84377228;HAMMAM KYS BEAUTY;
https://www.linkedin.com/sales/company/47077992;Hammam Stalingrad;
https://www.linkedin.com/sales/company/26463122;HAMMAM SULTANA;
https://www.linkedin.com/sales/company/25762178;HAMMAM VOLTAIRE;
https://www.linkedin.com/sales/company/26897480;HAMMAM YASMINE;
https://www.linkedin.com/sales/company/26423033;HAMMAM LE PRESTIGE;
https://www.linkedin.com/sales/company/84447615;Yemahammam;
https://www.linkedin.com/sales/company/82773557;Spa Ingenierie;
https://www.linkedin.com/sales/company/97917393;Spa Les Suites - Maison Bouvier - Tignes;
https://www.linkedin.com/sales/company/86610485;Hôtel & Spa La Villa K;
https://www.linkedin.com/sales/company/80432110;L'Arbre à Sens spa Paris;
https://www.linkedin.com/sales/company/97918512;Spa By L'Occitane -Hôtel Pashmina Le Refuge *****;
https://www.linkedin.com/sales/company/18829811;ESCALE DETENTE - SPA BORDEAUX;
https://www.linkedin.com/sales/company/10295899;ROYAL SPA LYON;
https://www.linkedin.com/sales/company/77126997;Hôtel Restaurant Spa Belle Isle sur Risle;
https://www.linkedin.com/sales/company/12672217;SPA L'ESPRIT DES SENS;
https://www.linkedin.com/sales/company/103462068;Spa du Château des Reynats;
https://www.linkedin.com/sales/company/46026009;OZENSPA Andernos;
https://www.linkedin.com/sales/company/10204749;EFFERVESCENCE SPA SAUNA;
https://www.linkedin.com/sales/company/11565437;Aloha Spa Chartres;
https://www.linkedin.com/sales/company/78407852;Spa Esterel Forme;
https://www.linkedin.com/sales/company/93815228;Appart Hôtel Spa Perpignan;
https://www.linkedin.com/sales/company/71514978;Wellness Spa Annecy;
https://www.linkedin.com/sales/company/107383851;Hôtel Chalet Marano Restaurant & Spa ****;
https://www.linkedin.com/sales/company/93601985;SPA Pro;
https://www.linkedin.com/sales/company/79927348;IDEOSPA Valence;
https://www.linkedin.com/sales/company/79904257;HOTEL SPA LES ALIZES***;
https://www.linkedin.com/sales/company/105556530;Dune Spa Lembach ?;
https://www.linkedin.com/sales/company/11845484;Spa Les Bains d'Or;
https://www.linkedin.com/sales/company/25653074;SPA & CRYO;
https://www.linkedin.com/sales/company/10850107;Spa de Beaulieu;
https://www.linkedin.com/sales/company/106494570;LE CARRE ZEN Spa & Massages;
https://www.linkedin.com/sales/company/101573252;Spa de l'Or Blanc - Groupe GHP Hôtels;
https://www.linkedin.com/sales/company/33278571;SPA LEA ROSE;
https://www.linkedin.com/sales/company/97209037;Ô SPA DES SENS 38;
https://www.linkedin.com/sales/company/98170241;Hôtel-Spa Bar & Restaurant Les Escondus***;
https://www.linkedin.com/sales/company/20109652;LESNE SPA ET BAIN;
https://www.linkedin.com/sales/company/36128691;Spa de la Nouère;
https://www.linkedin.com/sales/company/102624622;SPA Privatif Nancy;
https://www.linkedin.com/sales/company/2695849;SPA ONE sarl;
https://www.linkedin.com/sales/company/25719631;SPA DE LA COLLINE;
https://www.linkedin.com/sales/company/75318141;Le Spa de Fabrègues;
https://www.linkedin.com/sales/company/10904763;Chamois d'Or Hotel & Spa;
https://www.linkedin.com/sales/company/26425821;TENDACAYOU ECOLODGE & SPA;
https://www.linkedin.com/sales/company/53391992;Les Grands Montets Hôtel & Spa;
https://www.linkedin.com/sales/company/27153491;Nice & Spa;
https://www.linkedin.com/sales/company/94117059;La Divine Comédie - Demeure Privée & Spa;
https://www.linkedin.com/sales/company/138953907;Suite Eden Spa;
https://www.linkedin.com/sales/company/91548182;IMPERIAL SPA;
https://www.linkedin.com/sales/company/77137366;Central SPA;
https://www.linkedin.com/sales/company/18738447;SPL Piscines et Spas FREJUS;
https://www.linkedin.com/sales/company/91652179;NATURALYS SPA;
https://www.linkedin.com/sales/company/51530151;EASY PISCINES & SPAS;
https://www.linkedin.com/sales/company/25454228;WELLNESS SPA;
https://www.linkedin.com/sales/company/18416459;Sense Piscines et Spas;
https://www.linkedin.com/sales/company/105776913;Caldera Spas 44;
https://www.linkedin.com/sales/company/106174698;L'Escale Beauté et SPA;
https://www.linkedin.com/sales/company/93078138;Destination Spa;
https://www.linkedin.com/sales/company/83314995;Bioty's forme et spa;
https://www.linkedin.com/sales/company/101688492;Adeline PISCINES et Spas;
https://www.linkedin.com/sales/company/10205583;Allure & Spa;
https://www.linkedin.com/sales/company/75335660;Ô Sublime - Institut de beauté et Spa;
https://www.linkedin.com/sales/company/73228521;Campanile et Première Classe LE MESNIL AMELOT;
https://www.linkedin.com/sales/company/76710683;Hôtel Restaurant La Dimora****;
https://www.linkedin.com/sales/company/18467228;Hôtel CHAMPS ELYSEES PLAZA;
https://www.linkedin.com/sales/company/11088673;Hotel Mimozas Resort Cannes Mandelieu;
https://www.linkedin.com/sales/company/25551896;Résidence Reine Marine;
https://www.linkedin.com/sales/company/45108036;Hôtel Restaurant Notre Dame de Bonne Fontaine;
https://www.linkedin.com/sales/company/80361342;Château Origny;
https://www.linkedin.com/sales/company/104691940;Mont Champ du Feu;
https://www.linkedin.com/sales/company/51211966;Hôtel Les Maritonnes Restaurant Rouge & Blanc ***;
https://www.linkedin.com/sales/company/81679904;Domaine de Riva Bella;
https://www.linkedin.com/sales/company/94122686;Best Western Plus Hôtel des Francs;
https://www.linkedin.com/sales/company/101722804;LA MAISON D'ULYSSE;
https://www.linkedin.com/sales/company/18514632;The Originals Relais La Villa Vicha;
https://www.linkedin.com/sales/company/71673171;Hôtel-Restaurant Neige et Roc Samoëns - The Originals Relais;
https://www.linkedin.com/sales/company/26746199;O SAVEUR DE L'INSTANT;
https://www.linkedin.com/sales/company/80374257;DOMAINE DE STANG BIHAN;
https://www.linkedin.com/sales/company/10194491;Hotel La Savoyarde;
https://www.linkedin.com/sales/company/80230562;Hôtel Névé;
https://www.linkedin.com/sales/company/18700239;La Maison - Vésubie;
https://www.linkedin.com/sales/company/75205598;Lou Riouclar;
https://www.linkedin.com/sales/company/104470157;Les Maisons d'en Face;
https://www.linkedin.com/sales/company/98024995;Hôtel Timberlodge 3***;
https://www.linkedin.com/sales/company/85462864;Hôtel 4* La Ferme du Lac;
https://www.linkedin.com/sales/company/104184699;Ibis Styles Nantes Saint Herblain;
https://www.linkedin.com/sales/company/76422361;Le Nesk - Hôtel du Ventoux;
https://www.linkedin.com/sales/company/35527143;Au Soleil Vert - Au Petit Paradis - L'Atelïer;
https://www.linkedin.com/sales/company/92527801;Le Madame - Hôtel & Restaurant;
https://www.linkedin.com/sales/company/108942412;Thalassa;
https://www.linkedin.com/sales/company/64884533;Villa Alecya;
https://www.linkedin.com/sales/company/89643973;Hôtel des Carmes by Malone;
https://www.linkedin.com/sales/company/112182288;Hôtel Les Aiglons 4*;
https://www.linkedin.com/sales/company/10999659;Hôtel Restaurant Écluse 34;
https://www.linkedin.com/sales/company/10419518;Hôtel Les Côtes*** Résidence Loisirs et Chalets;
https://www.linkedin.com/sales/company/104291690;Domaine Le Clos des Fontaines;
https://www.linkedin.com/sales/company/92510255;Hôtel La Nouvelle République;
https://www.linkedin.com/sales/company/1958241;eurl flores de llum;
https://www.linkedin.com/sales/company/108066964;Terra di Gaya;
https://www.linkedin.com/sales/company/109464047;Lodges Les Murailles;
https://www.linkedin.com/sales/company/106007084;Hôtel Emeraude;
https://www.linkedin.com/sales/company/28168545;Ecolodge le Volcan des Sens;
https://www.linkedin.com/sales/company/10534044;Le clos des chênes;
https://www.linkedin.com/sales/company/109572220;Château de Crassy;
https://www.linkedin.com/sales/company/64667892;Hôtel de La Louée;
https://www.linkedin.com/sales/company/136184088;Sol'm Villa & Lodges;
https://www.linkedin.com/sales/company/16248314;Carlit Hôtel***;
https://www.linkedin.com/sales/company/18784896;Hotel Grands Montets;
https://www.linkedin.com/sales/company/86361731;Hôtel de la Mer Quiberon;
https://www.linkedin.com/sales/company/91537712;Le Parc des Fées;
https://www.linkedin.com/sales/company/10546535;La Verdière;
https://www.linkedin.com/sales/company/69770050;LES CIMES DU PUY EN VELAY;
https://www.linkedin.com/sales/company/48895747;Hôtel Particulier Le 28;
https://www.linkedin.com/sales/company/47531769;ALP'HOTEL;
https://www.linkedin.com/sales/company/97937925;Les Balcons de l'Espérance;
https://www.linkedin.com/sales/company/25248652;RESIDENCE CASTELLAMARE;
https://www.linkedin.com/sales/company/75313931;La Ferme du Passieu;
https://www.linkedin.com/sales/company/25906482;Suites de Campagne Les Eydieux;
https://www.linkedin.com/sales/company/10409986;L'univers de la forme;
https://www.linkedin.com/sales/company/107758619;Club La Liberté;
https://www.linkedin.com/sales/company/85377683;O'Studio;
https://www.linkedin.com/sales/company/89554755;Gymnesia Crolles;
https://www.linkedin.com/sales/company/71507296;GYMNESIA SEYSSINET;
https://www.linkedin.com/sales/company/1145831;Sport&Form;
https://www.linkedin.com/sales/company/71173056;Le bain d'épices;
https://www.linkedin.com/sales/company/14004560;Complex Natural Mâcon Fitness Sport Santé et Bien-être;
https://www.linkedin.com/sales/company/17930184;Riad Kechmara;
https://www.linkedin.com/sales/company/69192296;Maison Madame;
https://www.linkedin.com/sales/company/66697012;ZEN ADDICT;
https://www.linkedin.com/sales/company/28891780;Autour de Soi;
https://www.linkedin.com/sales/company/73204394;NH Sport & Wellness Lorient;
https://www.linkedin.com/sales/company/74045667;NÖJE;
https://www.linkedin.com/sales/company/106002898;Club Lulu;
https://www.linkedin.com/sales/company/93101258;Lavergne La Maison du Bien-Etre;
https://www.linkedin.com/sales/company/6637059;Nature d'eaux;
https://www.linkedin.com/sales/company/100642106;POOLRITUAL;
https://www.linkedin.com/sales/company/87178632;LA PARENTHESE LANDERNEAU & VANNES;
https://www.linkedin.com/sales/company/75239691;BEBH SAS - Les Dessous de Corinthe & Le XI Impérial;
https://www.linkedin.com/sales/company/14039417;CENTRE ONE;
https://www.linkedin.com/sales/company/26452445;KERAQUA Chateaubourg;
https://www.linkedin.com/sales/company/11020057;CultureSpas;
https://www.linkedin.com/sales/company/101093638;Espace Dan Tian;
https://www.linkedin.com/sales/company/47957526;DaySpa;
https://www.linkedin.com/sales/company/26197903;SME : Société pour la Maîtrise de l'Eau;
https://www.linkedin.com/sales/company/72426035;LES SECRETS D'AMBRE;
https://www.linkedin.com/sales/company/9206049;O'SIBEL;
https://www.linkedin.com/sales/company/79090342;Terres essentielles;
https://www.linkedin.com/sales/company/14044093;Pharéo;
https://www.linkedin.com/sales/company/107254873;Cap La Tranche sur Mer - Fitness & Bien-être;
https://www.linkedin.com/sales/company/84405351;Aqua Eruptions;
https://www.linkedin.com/sales/company/10548669;COULEUR SABLE;
https://www.linkedin.com/sales/company/5273570;Elit fitness;
https://www.linkedin.com/sales/company/19178637;Piscine directe;
https://www.linkedin.com/sales/company/18433838;L'Âme des Cinq Sens;
https://www.linkedin.com/sales/company/25696182;THALASSO DES TROIS MONDES;
https://www.linkedin.com/sales/company/106307669;Chupen IPRANA;
https://www.linkedin.com/sales/company/74994366;Grain de Beauté Institut;
https://www.linkedin.com/sales/company/34637202;LES 3 SOURCES AJACCIO;
https://www.linkedin.com/sales/company/140943950;WAYVE Club;
https://www.linkedin.com/sales/company/75332549;espace d'O;
https://www.linkedin.com/sales/company/25641018;BLEU CANNELLE;
https://www.linkedin.com/sales/company/28638315;Majestic Systems;
https://www.linkedin.com/sales/company/109558227;O'feeling Bordeaux;
https://www.linkedin.com/sales/company/93081290;L'Eau-Ré Des Sens-Spa;
https://www.linkedin.com/sales/company/90354037;SPALE34;
https://www.linkedin.com/sales/company/11569501;Cabinet de Médécine Douce Be Happy;
https://www.linkedin.com/sales/company/111591142;L'Orange bleue Wellness Rennes;
https://www.linkedin.com/sales/company/111647574;Espace Aquatique Océlia;
https://www.linkedin.com/sales/company/107752543;MTC Wellness;
https://www.linkedin.com/sales/company/25252915;PHYSIC PLUS;
https://www.linkedin.com/sales/company/111603531;Bleu Campagne;
https://www.linkedin.com/sales/company/111052174;EOS maison du bien-être;
https://www.linkedin.com/sales/company/108797001;immersens;
https://www.linkedin.com/sales/company/106211714;Cool’Pool;
https://www.linkedin.com/sales/company/91551697;healthy center paris;
https://www.linkedin.com/sales/company/26310897;SOCIETE NOUVELLE FITNESS CANNES MOUGINS;
https://www.linkedin.com/sales/company/116013927;Centre Aquatique Nauticaa Aquapark;
https://www.linkedin.com/sales/company/12594610;Côté Piscine;
https://www.linkedin.com/sales/company/84523339;FTP services;
https://www.linkedin.com/sales/company/66227329;JFM Concept;
https://www.linkedin.com/sales/company/9332591;le Miel et l'Eau;
https://www.linkedin.com/sales/company/25871522;AQUANACRE;
https://www.linkedin.com/sales/company/86826177;Les Thermes de Luynes;
https://www.linkedin.com/sales/company/25591073;La Citédo;
https://www.linkedin.com/sales/company/10724213;Audesense;
https://www.linkedin.com/sales/company/93601089;Salon de Beauté - IZEY;
https://www.linkedin.com/sales/company/105484812;Corinne esthétique Villars-les-Dombes;
https://www.linkedin.com/sales/company/89358145;Les Sens de Marrakech Nantes;
https://www.linkedin.com/sales/company/102544780;l'ILe royale;
https://www.linkedin.com/sales/company/98150516;BULLE DE DOUCES HEURES;
https://www.linkedin.com/sales/company/83831158;SENKHA;
https://www.linkedin.com/sales/company/130514835;Charm Rituals;
https://www.linkedin.com/sales/company/107879922;Institut de l'Étoile;
https://www.linkedin.com/sales/company/111880639;CENTRE DE BIEN ÊTRE O'SPA;
